,LotFrontage,LotArea,OverallQual,YearBuilt,YearRemodAdd,MasVnrArea,ExterQual,BsmtQual,BsmtExposure,BsmtFinType1,TotalBsmtSF,HeatingQC,1stFlrSF,2ndFlrSF,GrLivArea,FullBath,KitchenQual,TotRmsAbvGrd,Fireplaces,FireplaceQu,GarageFinish,GarageCars,GarageArea,WoodDeckSF,OpenPorchSF,Neighborhood_NoRidge,Neighborhood_NridgHt,Exterior1st_VinylSd,Exterior2nd_VinylSd,MasVnrType_None,MasVnrType_Stone,Foundation_CBlock,Foundation_PConc,GarageType_Attchd,GarageType_Detchd,SaleType_New,SaleCondition_Partial,HouseAge,RemodelAge,TotalSf,TotalBathrooms,TotalLivArea
0,4.189654742026425,9.042040056544483,7,2003,2003,5.2832037287379885,2.0,3.0,0.0,6.0,856,4.0,6.75343791859778,854,7.444833273892193,2,2.0,8,0,0.0,2.0,2,548,0,61,0,0,1,1,0,0,0,1,1,0,0,0,5,5,1716.7534379185977,3.5,863.4448332738922
1,4.394449154672439,9.169622538697624,6,1976,1976,0.0,1.0,3.0,3.0,5.0,1262,4.0,7.141245122350491,0,7.141245122350491,2,1.0,6,1,3.0,2.0,2,460,298,0,0,0,0,0,1,0,1,0,1,0,0,0,31,31,1269.1412451223505,2.5,1269.1412451223505
2,4.23410650459726,9.328212292571072,7,2001,2002,5.093750200806762,2.0,3.0,1.0,6.0,920,4.0,6.825460036255307,866,7.488293515159428,2,2.0,6,1,3.0,2.0,2,608,0,42,0,0,1,1,0,0,0,1,1,0,0,0,7,6,1792.8254600362552,3.5,927.4882935151594
3,4.110873864173311,9.164401140034737,7,1915,1970,0.0,1.0,2.0,0.0,5.0,756,3.0,6.8690144506657065,756,7.4489161025442,1,2.0,7,1,4.0,1.0,3,642,0,35,0,0,0,0,1,0,0,0,0,1,0,0,91,36,1518.8690144506659,2.0,763.4489161025442
4,4.442651256490317,9.565283817736766,8,2000,2000,5.860786223465865,2.0,3.0,2.0,6.0,1145,4.0,7.044032897274685,1053,7.695757990554761,2,2.0,9,1,3.0,2.0,3,836,192,84,1,0,1,1,0,0,0,1,1,0,0,0,8,8,2205.0440328972745,3.5,1152.6957579905547
5,4.454347296253507,9.55506418479516,5,1993,1995,0.0,1.0,3.0,0.0,6.0,796,4.0,6.680854678790215,566,7.217443431696533,1,1.0,5,0,0.0,1.0,2,480,40,30,0,0,1,1,1,0,0,0,1,0,0,0,16,14,1368.6808546787902,2.5,803.2174434316966
6,4.330733340286331,9.218804450388312,8,2004,2005,5.231108616854587,2.0,4.0,2.0,6.0,1686,4.0,7.43543801981455,0,7.43543801981455,2,2.0,7,1,4.0,2.0,2,636,255,57,0,0,1,1,0,1,0,1,1,0,0,0,3,2,1693.4354380198145,3.0,1693.4354380198145
7,4.248495242049359,9.247925132303454,7,1973,1973,5.484796933490655,1.0,3.0,1.0,5.0,1107,4.0,7.010311867307229,983,7.645397699428633,2,1.0,7,2,3.0,2.0,2,484,235,204,0,0,0,0,0,1,1,0,1,0,0,0,36,36,2097.0103118673073,3.5,1114.6453976994287
8,3.9512437185814275,8.71948076085107,7,1931,1950,0.0,1.0,2.0,0.0,1.0,952,3.0,6.930494765951626,752,7.4815557019095165,2,1.0,8,2,3.0,1.0,2,468,90,0,0,0,0,0,1,0,0,0,0,1,0,0,77,58,1710.9304947659516,2.0,959.4815557019095
9,3.9318256327243257,8.912069097970134,5,1939,1950,0.0,1.0,2.0,0.0,6.0,991,4.0,6.982862751468942,0,6.982862751468942,1,1.0,5,2,3.0,2.0,1,205,0,4,0,0,0,0,1,0,0,0,1,0,0,0,69,58,997.9828627514689,2.0,997.9828627514689
10,4.2626798770413155,9.32375833901174,5,1965,1965,0.0,1.0,2.0,0.0,3.0,1040,4.0,6.947937068614969,0,6.947937068614969,1,1.0,5,0,0.0,1.0,1,384,0,0,0,0,0,0,1,0,1,0,0,1,0,0,43,43,1046.947937068615,2.0,1046.947937068615
11,4.454347296253507,9.386392315756542,9,2005,2006,5.659482215759621,3.0,4.0,0.0,6.0,1175,4.0,7.075808863978387,1142,7.751475318021456,3,3.0,11,2,4.0,3.0,3,736,147,21,0,1,0,0,0,1,0,1,0,0,1,1,1,0,2324.0758088639786,4.0,1182.7514753180214
12,4.248495242049359,9.470317173335742,5,1962,1962,0.0,1.0,2.0,0.0,5.0,912,2.0,6.816735880594968,0,6.816735880594968,1,1.0,4,0,0.0,1.0,1,352,140,0,0,0,0,0,1,0,1,0,0,1,0,0,46,46,918.8167358805949,2.0,918.8167358805949
13,4.5217885770490405,9.273596821611198,7,2006,2007,5.726847747587197,2.0,3.0,2.0,1.0,1494,4.0,7.3098814858247865,0,7.3098814858247865,2,2.0,7,1,4.0,2.0,3,840,160,33,0,0,1,1,0,1,0,1,1,0,1,1,1,0,1501.3098814858247,2.0,1501.3098814858247
14,4.248495242049359,9.298442820197728,6,1960,1960,5.3612921657094255,1.0,2.0,0.0,4.0,1253,2.0,7.134093721192866,0,7.134093721192866,1,1.0,5,1,2.0,2.0,1,352,0,213,0,0,0,0,0,0,1,0,1,0,0,0,48,48,1260.1340937211928,2.5,1260.1340937211928
15,3.9512437185814275,8.71948076085107,7,1929,2001,0.0,1.0,2.0,0.0,1.0,832,4.0,6.75110146893676,0,6.75110146893676,1,1.0,5,0,0.0,1.0,2,576,48,112,0,0,0,0,1,0,0,0,0,1,0,0,78,6,838.7511014689368,1.0,838.7511014689368
16,4.248495242049359,9.32741204356202,6,1970,1970,5.198497031265826,1.0,2.0,0.0,5.0,1004,4.0,6.912742820493176,0,6.912742820493176,1,1.0,5,1,3.0,3.0,2,480,0,0,0,0,0,0,0,0,1,0,1,0,0,0,40,40,1010.9127428204931,2.0,1010.9127428204931
17,4.290459441148391,9.286560397887591,4,1967,1967,0.0,1.0,0.0,0.0,0.0,0,2.0,7.167809184316444,0,7.167809184316444,2,1.0,6,0,0.0,1.0,2,516,0,0,0,0,0,0,1,0,0,0,0,0,0,0,39,39,7.167809184316444,2.0,7.167809184316444
18,4.204692619390966,9.524859098381523,5,2004,2004,0.0,1.0,2.0,0.0,6.0,1114,4.0,7.016609683894219,0,7.016609683894219,1,2.0,6,0,0.0,1.0,2,576,0,102,0,0,1,1,1,0,0,1,0,1,0,0,4,4,1121.0166096838943,2.5,1121.0166096838943
19,4.2626798770413155,8.93075873555827,5,1958,1965,0.0,1.0,2.0,0.0,2.0,1029,2.0,7.200424892944957,0,7.200424892944957,1,1.0,6,0,0.0,1.0,1,294,0,0,0,0,0,0,1,0,1,0,1,0,0,0,51,44,1036.200424892945,1.0,1036.200424892945
20,4.624972813284271,9.562123369834488,8,2005,2006,5.942799375126701,2.0,4.0,2.0,1.0,1158,4.0,7.055312843339752,1218,7.773594467360194,3,2.0,9,1,4.0,2.0,3,853,240,154,0,1,1,1,0,0,0,1,0,0,1,1,1,0,2383.05531284334,3.5,1165.7735944673602
21,4.060443010546419,8.915969311373605,7,1930,1950,0.0,1.0,2.0,0.0,1.0,637,4.0,7.011213987350367,0,7.011213987350367,1,2.0,6,1,4.0,1.0,1,280,0,0,0,0,0,0,1,0,0,1,1,0,0,0,77,57,644.0112139873504,1.0,644.0112139873504
22,4.330733340286331,9.184304357425342,8,2002,2002,5.641907070938114,2.0,3.0,0.0,1.0,1777,4.0,7.493317248862145,0,7.493317248862145,2,2.0,7,1,4.0,2.0,2,534,171,159,0,0,1,1,0,0,0,1,1,0,0,0,6,6,1784.4933172488622,2.0,1784.4933172488622
23,3.8066624897703196,8.348774539791274,5,1976,1976,0.0,1.0,3.0,0.0,6.0,1040,2.0,6.966967138613983,0,6.966967138613983,1,1.0,6,1,3.0,1.0,2,572,100,110,0,0,0,0,1,0,0,1,1,0,0,0,31,31,1046.9669671386139,2.0,1046.9669671386139
24,4.248495242049359,9.017604776833355,5,1968,2001,0.0,1.0,2.0,1.0,3.0,1060,4.0,6.966967138613983,0,6.966967138613983,1,2.0,6,1,3.0,1.0,1,270,406,90,0,0,0,0,1,0,1,0,1,0,0,0,42,9,1066.9669671386139,2.0,1066.9669671386139
25,4.709530201312334,9.56317796268366,8,2007,2007,6.46302945692067,2.0,3.0,0.0,1.0,1566,4.0,7.3783837129967145,0,7.3783837129967145,2,2.0,7,1,4.0,2.0,3,890,0,56,0,1,1,1,0,1,0,1,1,0,0,0,2,2,1573.3783837129968,2.0,1573.3783837129968
26,4.110873864173311,8.881975184248867,5,1951,2000,0.0,1.0,2.0,1.0,4.0,900,2.0,6.803505257608338,0,6.803505257608338,1,2.0,5,0,0.0,1.0,2,576,222,32,0,0,0,0,1,0,1,0,0,1,0,0,59,10,906.8035052576083,1.5,906.8035052576083
27,4.59511985013459,9.348274558065496,8,2007,2008,5.303304908059076,2.0,4.0,0.0,6.0,1704,4.0,7.4413203897176174,0,7.4413203897176174,2,2.0,7,1,4.0,2.0,3,772,0,50,0,1,1,1,0,1,0,1,1,0,0,0,3,2,1711.4413203897177,3.0,1711.4413203897177
28,3.871201010907891,9.700269170029188,5,1957,1997,0.0,1.0,2.0,3.0,4.0,1484,2.0,7.3783837129967145,0,7.3783837129967145,1,1.0,6,2,4.0,2.0,1,319,288,258,0,0,0,0,1,0,1,0,1,0,0,0,49,9,1491.3783837129968,2.0,1491.3783837129968
29,4.110873864173311,8.752265313595721,4,1927,1950,0.0,1.0,2.0,0.0,1.0,520,1.0,6.255750041753367,0,6.255750041753367,1,0.0,4,0,0.0,1.0,1,240,49,0,0,0,0,0,1,0,0,0,0,1,0,0,81,58,526.2557500417533,1.0,526.2557500417533
30,3.9318256327243257,9.04793908261736,4,1920,1950,0.0,1.0,2.0,0.0,1.0,649,2.0,6.476972362889683,668,7.183870715062453,1,1.0,6,0,0.0,1.0,1,250,0,54,0,0,0,0,1,0,0,0,0,1,0,0,88,58,1323.4769723628897,1.0,656.1838707150624
31,4.248495242049359,9.053101595549691,5,1966,2006,0.0,1.0,2.0,0.0,1.0,1228,3.0,7.113956109566034,0,7.113956109566034,1,2.0,6,0,0.0,1.0,1,271,0,65,0,0,0,0,1,0,1,0,1,0,0,0,42,2,1235.113956109566,1.5,1235.113956109566
32,4.454347296253507,9.3101857069459,8,2007,2007,0.0,2.0,4.0,2.0,1.0,1234,4.0,7.118826249062078,0,7.118826249062078,2,2.0,7,0,0.0,2.0,2,484,0,30,0,0,1,1,1,0,0,1,1,0,0,0,1,1,1241.118826249062,2.0,1241.118826249062
33,4.2626798770413155,9.26416545867109,5,1959,1959,0.0,1.0,2.0,0.0,3.0,1398,3.0,7.438971592395862,0,7.438971592395862,1,2.0,6,1,4.0,2.0,2,447,0,38,0,0,0,0,1,0,1,0,1,0,0,0,51,51,1405.4389715923958,2.0,1405.4389715923958
34,4.110873864173311,8.897545598709327,9,2005,2005,5.5093883366279774,3.0,4.0,0.0,6.0,1561,4.0,7.3537223303996315,0,7.3537223303996315,2,3.0,6,1,4.0,3.0,2,556,203,47,0,1,0,0,0,0,0,1,1,0,0,0,2,2,1568.3537223303997,3.0,1568.3537223303997
35,4.6913478822291435,9.504426892100957,8,2004,2005,4.890349128221754,2.0,4.0,2.0,1.0,1117,4.0,7.0326242610280065,1320,7.8050670442584895,3,2.0,9,1,4.0,3.0,3,691,113,32,0,1,1,1,0,1,0,1,0,0,0,0,2,1,2444.032624261028,3.5,1124.8050670442585
36,4.727387818712341,9.292841593487926,5,1994,1995,0.0,1.0,3.0,0.0,1.0,1097,4.0,7.001245622069476,0,7.001245622069476,1,1.0,6,0,0.0,1.0,2,672,392,64,0,0,1,1,1,0,0,1,1,0,0,0,15,14,1104.0012456220695,1.5,1104.0012456220695
37,4.31748811353631,9.051696278536586,5,1954,1990,6.478509642208569,1.0,2.0,0.0,3.0,1297,3.0,7.168579897264035,0,7.168579897264035,1,1.0,5,1,3.0,3.0,2,498,0,0,0,0,0,0,0,0,1,0,1,0,0,0,55,19,1304.168579897264,1.5,1304.168579897264
38,4.23410650459726,8.977525200965243,5,1953,2007,0.0,1.0,2.0,0.0,6.0,1057,2.0,6.964135612418245,0,6.964135612418245,1,2.0,5,0,0.0,1.0,1,246,0,52,0,0,1,1,1,0,1,0,0,1,0,0,57,3,1063.9641356124182,2.0,1063.9641356124182
39,4.189654742026425,8.706324840138741,4,1955,1955,0.0,1.0,0.0,0.0,0.0,0,2.0,7.050122520269059,0,7.050122520269059,2,0.0,6,0,0.0,0.0,0,0,0,0,0,0,0,0,1,0,0,1,0,0,0,0,53,53,7.050122520269059,2.0,7.050122520269059
40,4.442651256490317,9.066354521447801,6,1965,1965,4.624972813284271,1.0,2.0,0.0,3.0,1088,4.0,7.1891677384203225,0,7.1891677384203225,2,1.0,6,1,3.0,2.0,2,440,0,138,0,0,0,0,0,0,1,0,1,0,0,0,41,41,1095.1891677384203,2.0,1095.1891677384203
41,4.7535901911063645,9.735423867488873,5,1959,1959,0.0,1.0,2.0,3.0,4.0,1350,3.0,7.192182058713246,0,7.192182058713246,1,1.0,5,2,4.0,2.0,1,308,0,104,0,0,1,1,1,0,1,0,1,0,0,0,48,48,1357.1921820587133,2.0,1357.1921820587133
42,4.248495242049359,9.1248914101437,5,1983,1983,0.0,1.0,3.0,2.0,5.0,840,3.0,6.785587645007929,0,6.785587645007929,1,2.0,5,0,0.0,2.0,2,504,240,0,0,0,0,0,1,0,1,0,1,0,0,0,24,24,846.7855876450079,2.0,846.7855876450079
43,4.248495242049359,9.127067452782361,5,1975,1980,0.0,1.0,3.0,2.0,2.0,938,2.0,6.844815479208263,0,6.844815479208263,1,1.0,5,0,0.0,1.0,1,308,145,0,0,0,1,1,1,0,1,0,0,1,0,0,33,28,944.8448154792083,2.0,944.8448154792083
44,4.2626798770413155,8.980423936374544,5,1959,1959,0.0,1.0,2.0,0.0,5.0,1150,4.0,7.048386408721883,0,7.048386408721883,1,1.0,6,0,0.0,2.0,1,300,0,0,0,0,0,0,1,0,1,0,1,0,0,0,47,47,1157.0483864087219,2.0,1157.0483864087219
45,4.127134385045092,8.943636705909594,9,2005,2005,6.023447592961033,3.0,4.0,0.0,6.0,1752,4.0,7.469083884921234,0,7.469083884921234,2,3.0,6,1,4.0,2.0,2,576,196,82,0,1,0,0,0,0,0,1,1,0,0,0,5,5,1759.4690838849212,3.0,1759.4690838849212
46,3.8918202981106265,9.458995712459116,7,2003,2003,0.0,2.0,4.0,0.0,6.0,1434,4.0,7.325807502595773,631,7.673223121121708,1,2.0,6,1,5.0,2.0,2,670,168,43,0,0,1,1,1,0,0,1,1,0,0,0,6,6,2072.325807502596,2.5,1441.6732231211217
47,4.442651256490317,9.314430080500564,8,2006,2006,0.0,2.0,3.0,2.0,6.0,1656,4.0,7.4127640174265625,0,7.4127640174265625,2,2.0,7,0,0.0,2.0,3,826,0,146,0,0,1,1,1,0,0,1,1,0,0,0,1,1,1663.4127640174265,2.0,1663.4127640174265
48,3.5263605246161616,8.402231172946555,4,1920,2008,0.0,1.0,2.0,0.0,1.0,736,3.0,6.602587892189336,716,7.2813856635702825,2,1.0,8,0,0.0,0.0,0,0,0,0,0,0,0,0,1,0,0,0,0,0,1,1,89,1,1458.6025878921894,2.0,743.2813856635703
49,4.204692619390966,8.954544488386723,5,1966,1966,0.0,1.0,2.0,0.0,4.0,955,4.0,6.862757913051401,0,6.862757913051401,1,1.0,6,0,0.0,1.0,1,386,0,0,0,0,0,0,1,0,1,0,1,0,0,0,41,41,961.8627579130514,2.0,961.8627579130514
50,4.248495242049359,9.537483513308878,6,1997,1997,0.0,1.0,3.0,2.0,6.0,794,3.0,6.678342114654332,676,7.293697720601438,2,1.0,6,0,0.0,3.0,2,388,0,75,0,0,1,1,1,0,0,1,1,0,0,0,10,10,1476.6783421146542,2.5,801.2936977206015
51,3.970291913552122,8.738895704934043,6,1934,1950,0.0,1.0,2.0,0.0,1.0,816,2.0,6.705639094860003,0,7.0707241072602764,1,1.0,6,1,4.0,1.0,2,528,112,0,0,0,0,0,1,0,0,1,0,1,0,0,72,56,822.70563909486,1.0,823.0707241072603
52,4.709530201312334,9.044639916198465,5,1963,1963,0.0,0.0,3.0,3.0,2.0,816,2.0,6.705639094860003,0,6.705639094860003,1,1.0,5,0,0.0,1.0,2,516,106,0,0,0,0,0,1,0,1,0,0,0,0,0,47,47,822.70563909486,2.0,822.70563909486
53,4.23410650459726,10.825203541055348,9,1981,1987,0.0,2.0,4.0,3.0,6.0,1842,3.0,7.519149957669823,0,7.519149957669823,0,2.0,5,1,4.0,3.0,3,894,857,72,0,0,0,0,1,0,1,0,1,0,0,0,25,19,1849.51914995767,2.5,1849.51914995767
54,4.110873864173311,8.872767529910936,5,1955,1955,0.0,1.0,2.0,0.0,5.0,384,2.0,7.215975002651466,0,7.215975002651466,1,1.0,6,1,3.0,1.0,2,572,0,50,0,0,0,0,1,0,1,0,0,1,0,0,52,52,391.2159750026515,1.0,391.2159750026515
55,4.61512051684126,9.227787285579904,6,1964,1964,5.60947179518496,1.0,2.0,0.0,4.0,1425,3.0,7.262628600974241,0,7.262628600974241,2,1.0,7,1,4.0,2.0,2,576,0,0,0,0,0,0,0,0,1,0,1,0,0,0,44,44,1432.2626286009743,2.0,1432.2626286009743
56,3.2188758248682006,7.880804344674901,8,1999,2000,6.124683390894205,2.0,3.0,0.0,6.0,970,4.0,6.891625897052253,756,7.461640392208575,2,2.0,7,0,0.0,3.0,2,480,115,0,0,0,0,0,0,0,0,1,1,0,0,0,10,9,1732.891625897052,3.5,977.4616403922086
57,4.499809670330265,9.362718052397065,7,2004,2004,0.0,2.0,3.0,0.0,1.0,860,4.0,6.7580945044277305,860,7.450660796211539,2,2.0,7,0,0.0,2.0,2,565,0,70,0,0,1,1,1,0,0,1,1,0,0,0,2,2,1726.7580945044278,2.5,867.4506607962115
58,4.204692619390966,9.52390946537981,10,2006,2006,6.939253946041508,3.0,4.0,3.0,1.0,1410,4.0,7.2633296174768365,1519,7.988203597022576,3,2.0,10,1,4.0,3.0,3,641,192,0,0,0,1,1,0,0,0,1,0,0,1,1,0,0,2936.2633296174768,3.5,1417.9882035970227
59,4.110873864173311,8.881975184248867,5,1972,1972,0.0,1.0,2.0,2.0,5.0,780,4.0,6.660575149839686,0,6.660575149839686,1,1.0,4,0,0.0,1.0,1,352,196,0,0,0,0,0,1,0,1,0,0,1,0,0,36,36,786.6605751498397,1.0,786.6605751498397
60,4.1588830833596715,9.47830431356186,6,2004,2004,0.0,1.0,3.0,0.0,5.0,1158,4.0,7.055312843339752,0,7.055312843339752,1,2.0,5,0,0.0,1.0,2,576,0,50,0,0,1,1,1,0,0,1,0,1,1,1,2,2,1165.0553128433398,2.5,1165.0553128433398
61,4.110873864173311,8.881975184248867,5,1920,1996,0.0,1.0,2.0,0.0,1.0,530,2.0,6.366470447731438,530,7.013915474810528,1,0.0,6,0,0.0,1.0,1,288,0,0,0,0,0,0,1,0,0,0,0,1,0,0,87,11,1066.3664704477314,1.0,537.0139154748106
62,3.8066624897703196,8.770749549138642,8,2006,2006,5.187385805840755,2.0,3.0,1.0,6.0,1370,4.0,7.223295679562314,0,7.223295679562314,2,2.0,6,1,4.0,2.0,2,484,120,49,0,1,1,1,0,1,0,1,1,0,0,0,1,1,1377.2232956795624,2.0,1377.2232956795624
63,3.9318256327243257,9.239996256883693,7,1921,1950,0.0,1.0,2.0,0.0,1.0,576,3.0,6.805722553416985,808,7.444833273892193,2,1.0,9,0,0.0,1.0,2,480,12,11,0,0,0,0,1,0,0,0,0,1,0,0,89,60,1390.8057225534171,2.0,583.4448332738922
64,4.248495242049359,9.145908511816794,7,1997,1998,6.352629396319567,1.0,3.0,0.0,6.0,1057,4.0,6.964135612418245,977,7.618251097876695,2,2.0,8,0,0.0,2.0,2,645,576,36,0,0,1,1,0,0,0,1,1,0,0,0,12,11,2040.9641356124182,3.5,1064.6182510978767
65,4.343805421853684,9.16868469670735,8,2004,2005,5.84354441703136,2.0,4.0,2.0,1.0,1143,4.0,7.042286171939743,1330,7.813591552952433,2,2.0,9,1,4.0,2.0,3,852,192,151,0,1,1,1,0,0,0,1,0,0,0,0,3,2,2480.04228617194,2.5,1150.8135915529524
66,4.248495242049359,9.898525260706313,7,1970,1989,5.662960480135946,1.0,3.0,3.0,6.0,1947,2.0,7.699842407396986,0,7.699842407396986,2,1.0,7,1,4.0,2.0,2,576,301,0,0,0,0,0,0,0,1,0,1,0,0,0,40,21,1954.699842407397,3.0,1954.699842407397
67,4.290459441148391,9.274816391160547,7,2003,2003,5.123963979403259,2.0,3.0,2.0,6.0,1453,4.0,7.299797366758161,0,7.299797366758161,2,2.0,7,0,0.0,2.0,2,558,144,29,0,0,1,1,0,0,0,1,1,0,0,0,4,4,1460.2997973667582,3.0,1460.2997973667582
68,3.871201010907891,8.435766192720509,4,1945,1950,0.0,1.0,2.0,0.0,1.0,747,2.0,6.617402977974478,0,6.617402977974478,1,1.0,4,0,0.0,1.0,1,220,0,0,0,0,0,0,1,0,1,0,1,0,0,0,65,60,753.6174029779745,1.0,753.6174029779745
69,4.406719247264253,9.654641503869545,7,1953,1953,0.0,2.0,2.0,0.0,4.0,1304,2.0,7.173958319756794,983,7.7354333524996886,2,1.0,7,1,3.0,3.0,2,667,0,21,0,0,0,0,1,0,1,0,1,0,0,0,53,53,2294.173958319757,2.0,1311.7354333524997
70,4.564348191467836,9.521641310026597,7,1973,1973,7.017506142941256,1.0,3.0,3.0,5.0,2223,4.0,7.707062655370473,0,7.707062655370473,2,1.0,8,2,4.0,3.0,2,516,300,0,0,0,0,0,0,0,1,0,1,0,0,0,34,34,2230.7070626553705,3.0,2230.7070626553705
71,4.248495242049359,8.935903526274423,4,1982,2006,0.0,1.0,2.0,0.0,5.0,845,2.0,6.740519359606223,0,6.740519359606223,1,1.0,4,0,0.0,1.0,2,360,0,0,0,0,0,0,1,0,1,0,0,1,0,0,25,1,851.7405193596062,2.0,851.7405193596062
72,4.31748811353631,9.224440496354964,7,1998,1998,3.713572066704308,1.0,3.0,0.0,1.0,832,3.0,6.786716950605081,833,7.449498005382849,2,1.0,7,1,3.0,3.0,2,427,0,94,0,0,1,1,0,0,0,1,1,0,0,0,11,11,1671.786716950605,2.5,839.4494980053828
73,4.454347296253507,9.23024103368252,5,1954,2003,4.653960350157523,1.0,2.0,0.0,5.0,1086,3.0,6.99117688712121,0,6.99117688712121,1,1.0,6,0,0.0,1.0,2,490,0,0,0,0,0,0,0,0,1,0,1,0,0,0,56,7,1092.9911768871211,2.0,1092.9911768871211
74,4.110873864173311,8.66406026722579,3,1915,1950,0.0,2.0,1.0,0.0,1.0,840,3.0,6.734591659972948,765,7.381501894506707,2,1.0,8,0,0.0,1.0,1,379,0,0,0,0,1,1,1,0,1,0,0,1,0,0,95,60,1611.734591659973,2.0,847.3815018945068
75,3.091042453358316,7.3758821482150125,4,1973,1973,0.0,1.0,3.0,3.0,6.0,462,2.0,6.267200548541362,462,6.8966943316227125,1,1.0,5,0,0.0,1.0,1,297,120,101,0,0,0,0,1,0,1,0,0,0,0,0,36,36,930.2672005485414,2.0,468.8966943316227
76,4.248495242049359,9.04499391938819,4,1956,1956,0.0,1.0,2.0,0.0,5.0,952,4.0,6.859614903654202,0,6.859614903654202,1,1.0,4,0,0.0,1.0,1,283,0,0,0,0,1,1,1,0,1,0,0,1,0,0,52,52,958.8596149036542,1.0,958.8596149036542
77,3.9318256327243257,9.063694791634697,5,1948,2001,0.0,1.0,2.0,0.0,4.0,672,2.0,6.9782137426306985,213,7.1592919047975645,1,1.0,6,0,0.0,1.0,1,240,0,0,0,0,0,0,1,0,1,0,0,1,0,0,60,7,891.9782137426307,2.0,679.1592919047976
78,4.290459441148391,9.285355075781629,4,1968,1968,0.0,1.0,2.0,0.0,1.0,1768,2.0,7.478169694159785,0,7.478169694159785,2,1.0,8,0,0.0,0.0,0,0,0,0,0,0,0,0,1,0,1,0,0,0,0,0,42,42,1775.4781696941598,2.0,1775.4781696941598
79,4.110873864173311,9.25349564229011,5,1910,1981,0.0,1.0,2.0,0.0,1.0,440,3.0,6.52649485957079,548,7.115582126184454,1,1.0,5,0,0.0,1.0,2,440,74,0,0,0,0,0,1,0,0,1,0,1,0,0,99,28,994.5264948595708,1.5,447.11558212618445
80,4.61512051684126,9.472781556562168,6,1968,1968,6.3578422665081,1.0,3.0,0.0,3.0,896,2.0,7.075808863978387,960,7.669961995473577,2,2.0,8,1,4.0,3.0,1,509,0,72,0,0,1,1,0,0,1,0,1,0,0,0,41,41,1863.0758088639784,2.5,903.6699619954736
81,3.4965075614664802,8.412054873292933,6,1998,1998,6.095824562432225,1.0,4.0,0.0,6.0,1237,4.0,7.198931240688173,0,7.198931240688173,2,1.0,5,0,0.0,3.0,2,405,0,199,0,0,1,1,0,0,0,1,1,0,0,0,8,8,1244.1989312406881,3.0,1244.1989312406881
82,4.3694478524670215,9.230829038403499,8,2007,2007,6.150602768446279,1.0,3.0,0.0,6.0,1563,4.0,7.355001921105257,0,7.355001921105257,2,2.0,6,1,4.0,2.0,3,758,144,99,0,0,1,1,0,1,0,1,1,0,0,0,1,1,1570.3550019211052,2.0,1570.3550019211052
83,4.394449154672439,9.09301972939964,5,1960,1960,4.204692619390966,1.0,2.0,0.0,1.0,1065,3.0,6.97166860472579,0,6.97166860472579,1,1.0,6,0,0.0,1.0,2,461,74,0,0,0,0,0,0,0,1,0,0,1,0,0,47,47,1071.971668604726,1.5,1071.971668604726
84,4.248495242049359,9.051461866908694,7,1995,1996,3.1354942159291497,1.0,3.0,0.0,1.0,384,3.0,6.690842277418564,670,7.29641326877392,2,1.0,7,1,3.0,3.0,2,400,120,72,0,0,0,0,0,0,0,1,0,0,0,0,14,13,1060.6908422774186,2.5,391.2964132687739
85,4.804021044733257,9.684086987500752,8,1991,1992,5.652489180268651,2.0,3.0,0.0,1.0,1288,4.0,7.171656822768514,1116,7.790696031174738,2,2.0,9,1,3.0,1.0,2,462,127,82,1,0,0,0,0,0,1,0,1,0,0,0,15,14,2411.1716568227685,2.5,1295.7906960311748
86,4.812184355372417,9.385301574363845,6,2005,2005,0.0,2.0,3.0,2.0,1.0,684,4.0,6.529418838262226,876,7.353081920515432,2,2.0,6,1,4.0,3.0,2,400,100,38,0,0,1,1,1,0,0,1,0,0,0,0,4,4,1566.5294188382622,2.5,691.3530819205155
87,3.713572066704308,8.281977058867758,6,2009,2009,4.343805421853684,2.0,3.0,2.0,1.0,612,4.0,6.418364935936212,612,7.110696122978827,2,2.0,4,0,0.0,2.0,2,528,0,234,0,0,1,1,0,1,0,1,0,1,1,1,0,0,1230.418364935936,2.5,619.1106961229789
88,4.663439094112067,9.044403844431551,3,1915,1982,0.0,0.0,2.0,0.0,1.0,1013,2.0,6.921658184151129,0,7.3310603052186325,1,0.0,6,0,0.0,0.0,0,0,0,0,0,0,0,0,1,0,1,0,0,0,0,0,94,27,1019.9216581841512,1.0,1020.3310603052187
89,4.110873864173311,8.996032669324372,4,1994,1995,0.0,1.0,3.0,0.0,6.0,990,4.0,6.898714534329988,0,6.898714534329988,1,1.0,5,0,0.0,0.0,0,0,0,0,0,0,1,1,1,0,0,1,0,0,0,0,13,12,996.89871453433,2.0,996.89871453433
90,4.110873864173311,8.881975184248867,4,1950,1950,0.0,1.0,0.0,0.0,0.0,0,2.0,6.947937068614969,0,6.947937068614969,1,1.0,4,0,0.0,1.0,2,420,0,29,0,0,0,0,1,0,0,0,0,1,0,0,56,56,6.947937068614969,1.0,6.947937068614969
91,4.454347296253507,9.04793908261736,5,1961,1961,5.318119993844216,1.0,2.0,0.0,3.0,1235,2.0,7.119635638017636,0,7.119635638017636,1,1.0,6,0,0.0,1.0,2,480,0,0,0,0,0,0,0,0,1,0,1,0,0,0,45,45,1242.1196356380176,1.0,1242.1196356380176
92,4.394449154672439,9.500095294588894,5,1921,2006,0.0,1.0,3.0,0.0,5.0,876,4.0,6.872128101338986,0,6.872128101338986,1,1.0,5,0,0.0,1.0,2,432,0,0,0,0,0,0,1,0,0,0,0,1,0,0,88,3,882.872128101339,2.0,882.872128101339
93,4.110873864173311,8.881975184248867,6,1910,1998,0.0,1.0,2.0,1.0,3.0,1214,4.0,7.13966033596492,1031,7.73718007783463,2,1.0,9,1,4.0,1.0,2,506,0,0,0,0,0,0,1,0,0,0,0,1,0,0,97,9,2252.139660335965,2.5,1221.7371800778346
94,4.248495242049359,9.141847375530883,6,1997,1997,0.0,1.0,3.0,0.0,6.0,824,4.0,6.80903930604298,881,7.488293515159428,2,2.0,7,0,0.0,2.0,2,684,0,162,0,0,1,1,1,0,0,1,1,0,0,0,10,10,1711.809039306043,3.5,831.4882935151594
95,4.248495242049359,9.186662244621605,6,1993,1993,4.23410650459726,3.0,3.0,0.0,5.0,680,3.0,6.523562306149512,790,7.293697720601438,2,1.0,6,1,3.0,3.0,2,420,232,63,0,0,1,1,0,0,0,1,0,0,0,0,16,16,1476.5235623061494,2.5,687.2936977206015
96,4.3694478524670215,9.236495329453033,7,1999,1999,5.214935757608986,2.0,3.0,2.0,5.0,1588,4.0,7.370860166536716,0,7.370860166536716,2,2.0,6,0,0.0,2.0,2,472,158,29,0,0,1,1,0,0,0,1,1,0,0,0,7,7,1595.3708601665367,2.0,1595.3708601665367
97,4.30406509320417,9.298534382712099,4,1965,1965,3.8918202981106265,1.0,2.0,0.0,3.0,960,2.0,6.8679744089702925,0,6.8679744089702925,1,1.0,6,0,0.0,3.0,1,432,120,0,0,0,0,0,0,0,1,0,1,0,0,0,42,42,966.8679744089703,2.0,966.8679744089703
98,4.454347296253507,9.271059107010888,5,1920,1950,0.0,1.0,2.0,0.0,5.0,458,1.0,6.728628613084702,0,6.728628613084702,1,1.0,5,0,0.0,1.0,1,366,0,0,0,0,0,0,1,0,0,0,0,0,0,0,90,60,464.7286286130847,1.0,464.7286286130847
99,4.356708826689592,9.140025198061156,4,1959,1959,0.0,1.0,2.0,0.0,5.0,950,1.0,7.111512116496157,0,7.111512116496157,1,1.0,6,0,0.0,0.0,0,0,352,0,0,0,0,0,1,0,1,0,0,0,0,0,51,51,957.1115121164961,2.5,957.1115121164961
100,4.248495242049359,9.268986567408916,6,1977,2001,3.367295829986474,1.0,2.0,1.0,5.0,1610,3.0,7.384610383176974,0,7.384610383176974,2,2.0,6,2,3.0,2.0,2,480,168,68,0,0,0,0,0,0,0,1,1,0,0,0,33,9,1617.384610383177,3.0,1617.384610383177
101,4.356708826689592,9.127719343287845,6,1985,1985,5.820082930352362,2.0,3.0,0.0,1.0,741,2.0,6.885509670034818,755,7.457609289715606,2,2.0,7,1,3.0,3.0,2,476,192,46,0,0,0,0,0,0,1,0,1,0,0,0,25,25,1502.885509670035,2.5,748.4576092897156
102,4.174387269895637,8.856376036730422,5,1979,1979,0.0,1.0,0.0,0.0,0.0,0,2.0,7.336936913707618,0,7.336936913707618,2,1.0,8,0,0.0,1.0,2,410,0,0,0,0,0,0,1,0,0,0,1,0,0,0,30,30,7.336936913707618,2.0,7.336936913707618
103,4.553876891600541,9.249849505070895,7,2009,2009,0.0,1.0,3.0,0.0,1.0,1226,4.0,7.112327444710911,0,7.112327444710911,2,2.0,6,0,0.0,2.0,3,740,0,36,0,0,1,1,1,0,0,1,1,0,0,0,1,1,1233.112327444711,2.0,1233.112327444711
104,4.248495242049359,8.95660873889395,7,1931,1950,6.398594934535208,1.0,2.0,0.0,2.0,1040,4.0,7.112327444710911,592,7.506042178518122,1,1.0,7,2,3.0,1.0,1,240,0,0,0,0,0,0,0,0,0,1,0,1,0,0,76,57,1639.112327444711,1.5,1047.506042178518
105,4.330733340286331,9.145908511816794,8,2003,2004,6.645090969505644,2.0,4.0,0.0,1.0,1053,4.0,6.960347729101308,939,7.597396320212795,2,2.0,9,1,4.0,2.0,2,648,140,45,0,0,1,1,0,0,0,1,1,0,0,0,5,4,1998.9603477291014,2.5,1060.5973963202127
106,4.110873864173311,9.287394001418473,4,1885,1995,0.0,1.0,1.0,0.0,1.0,641,3.0,6.954638864880987,0,6.954638864880987,1,1.0,6,0,0.0,1.0,1,273,0,0,0,0,1,1,1,0,0,0,0,1,0,0,122,12,647.954638864881,1.0,647.954638864881
107,3.9318256327243257,8.699681400989514,5,1948,1950,0.0,1.0,2.0,0.0,5.0,789,4.0,6.672032945461067,0,6.672032945461067,1,1.0,5,0,0.0,1.0,1,250,0,0,0,0,1,1,1,0,1,0,0,1,0,1,60,58,795.6720329454611,1.0,795.6720329454611
108,4.454347296253507,9.04793908261736,5,1919,2005,0.0,1.0,2.0,0.0,1.0,793,2.0,6.905753276311464,520,7.325148957955575,2,0.0,7,0,0.0,0.0,0,0,0,0,0,0,0,0,1,0,1,0,0,0,0,0,88,2,1319.9057532763113,2.0,800.3251489579555
109,4.663439094112067,9.371778717853713,6,1977,1977,6.175867270105761,1.0,3.0,0.0,4.0,1844,4.0,7.520234556474628,0,7.520234556474628,2,1.0,7,1,3.0,2.0,2,546,0,122,0,0,0,0,0,0,1,0,1,0,0,0,33,33,1851.5202345564746,2.0,1851.5202345564746
110,4.330733340286331,9.161780181360806,6,1954,1972,0.0,1.0,2.0,0.0,3.0,994,3.0,7.104144092987527,639,7.526178913346146,2,1.0,7,0,0.0,1.0,1,325,182,0,0,0,0,0,1,0,1,0,1,0,0,0,52,34,1640.1041440929876,2.0,1001.5261789133461
111,4.248495242049359,8.955577146281511,7,2000,2000,0.0,1.0,3.0,0.0,6.0,384,4.0,6.652863029353347,656,7.266128779556451,2,1.0,7,1,3.0,3.0,2,400,180,0,0,0,1,1,1,0,0,1,0,0,0,0,10,10,1046.6528630293533,2.5,391.2661287795564
112,4.356708826689592,9.20693457884135,7,2007,2007,5.3981627015177525,2.0,4.0,2.0,6.0,1264,4.0,7.1569563646156364,1414,7.89989532313973,2,3.0,10,1,4.0,3.0,3,792,120,184,0,0,1,1,0,1,0,1,0,0,1,1,0,0,2685.1569563646153,3.5,1271.8998953231396
113,4.248495242049359,9.952325334619427,6,1953,1953,5.220355825078324,1.0,3.0,1.0,5.0,1809,2.0,7.723120092266331,0,7.723120092266331,2,2.0,7,2,4.0,1.0,2,450,166,120,0,0,0,0,0,0,1,0,0,0,0,0,54,54,1816.7231200922663,3.0,1816.7231200922663
114,4.127134385045092,8.890135107818843,6,1945,2002,0.0,1.0,2.0,0.0,5.0,1028,4.0,7.270312886079025,884,7.749753406274437,2,2.0,9,1,3.0,1.0,1,180,224,0,0,0,0,0,1,0,1,0,0,1,0,0,62,5,1919.270312886079,3.5,1035.7497534062745
115,3.5553480614894135,8.080546965824498,6,1999,1999,7.029972911706386,1.0,3.0,0.0,6.0,729,3.0,6.593044534142437,729,7.285506548522785,2,1.0,5,1,2.0,1.0,2,440,0,32,0,0,0,0,0,0,0,1,0,1,0,0,8,8,1464.5930445341423,2.5,736.2855065485228
116,4.248495242049359,9.360224821513475,5,1962,1962,4.762173934797756,1.0,2.0,0.0,2.0,1092,2.0,6.996681488176539,0,6.996681488176539,1,1.0,6,1,1.0,1.0,1,288,0,20,0,0,0,0,0,0,1,0,1,0,0,0,47,47,1098.9966814881766,1.5,1098.9966814881766
117,4.31748811353631,9.052164937010307,5,2006,2007,0.0,1.0,3.0,0.0,1.0,1125,3.0,7.026426808699636,0,7.026426808699636,1,1.0,5,0,0.0,1.0,2,430,80,64,0,0,1,1,1,0,0,1,1,0,1,1,1,0,1132.0264268086996,1.5,1132.0264268086996
118,4.51085950651685,9.423595190540022,7,1990,1990,0.0,1.0,3.0,1.0,6.0,1673,3.0,7.438383530044307,1523,8.078067881815437,3,2.0,11,2,3.0,1.0,3,594,367,0,0,0,0,0,1,0,0,1,1,0,0,0,20,20,3203.438383530044,4.0,1681.0780678818155
119,4.189654742026425,9.043340831280013,6,2005,2006,0.0,2.0,3.0,0.0,1.0,728,4.0,6.591673732008658,728,7.284134806195205,2,2.0,8,1,4.0,3.0,2,390,0,24,0,0,1,1,1,0,0,1,1,0,1,1,1,0,1462.5916737320085,2.5,735.2841348061952
120,4.248495242049359,9.973666387157374,6,1969,1969,0.0,1.0,2.0,3.0,5.0,938,4.0,6.8966943316227125,0,6.8966943316227125,1,1.0,4,2,3.0,1.0,2,540,0,130,0,0,0,0,1,0,1,0,1,0,0,0,37,37,944.8966943316227,2.0,944.8966943316227
121,3.9318256327243257,8.709630081951286,4,1939,1950,0.0,1.0,2.0,0.0,1.0,732,3.0,6.650279048587422,351,7.024649030453636,1,1.0,4,0,0.0,1.0,1,264,0,0,0,0,0,0,1,0,0,1,0,1,0,0,68,57,1089.6502790485874,1.0,739.0246490304536
122,4.330733340286331,9.155356063643422,6,1958,1958,4.912654885736052,1.0,2.0,0.0,4.0,1080,3.0,6.985641817639208,0,6.985641817639208,1,1.0,5,0,0.0,1.0,1,288,0,0,0,0,0,0,0,0,1,0,1,0,0,0,50,50,1086.9856418176391,1.0,1086.9856418176391
123,4.02535169073515,8.973731569708402,6,1993,1993,0.0,2.0,3.0,0.0,6.0,1199,4.0,7.090076835776092,0,7.090076835776092,2,2.0,5,0,0.0,2.0,2,530,0,63,0,0,0,0,1,0,0,1,1,0,0,0,15,15,1206.090076835776,2.0,1206.090076835776
124,3.8918202981106265,9.743553514619803,6,1979,1998,0.0,1.0,3.0,0.0,1.0,1362,2.0,7.369600720526409,0,7.369600720526409,2,1.0,7,1,3.0,1.0,2,435,192,0,0,0,0,0,1,0,1,0,1,0,0,0,30,11,1369.3696007205265,2.0,1369.3696007205265
125,4.110873864173311,8.821879862683842,6,1935,1982,0.0,1.0,2.0,2.0,6.0,520,3.0,6.255750041753367,0,6.626717749249025,1,1.0,5,0,0.0,0.0,0,0,53,0,0,0,0,0,1,0,1,0,0,0,0,0,71,24,526.2557500417533,2.0,526.626717749249
126,4.248495242049359,8.502891406705377,6,1976,1976,0.0,1.0,3.0,0.0,5.0,1078,2.0,6.8658910748834385,0,6.8658910748834385,2,1.0,5,1,3.0,2.0,2,440,0,205,0,0,0,0,1,0,1,0,1,0,0,0,31,31,1084.8658910748834,2.0,1084.8658910748834
127,4.02535169073515,8.386856689688234,5,1930,1950,0.0,1.0,2.0,0.0,2.0,672,4.0,6.734591659972948,0,6.734591659972948,1,1.0,5,1,3.0,0.0,0,0,0,0,0,0,0,0,1,0,0,0,0,0,0,0,77,57,678.7345916599729,1.0,678.7345916599729
128,4.248495242049359,8.934718614016768,6,1966,1966,5.58724865840025,1.0,2.0,0.0,4.0,660,2.0,6.493753839851686,688,7.207118856207756,1,1.0,6,1,2.0,2.0,2,453,188,108,0,0,1,1,0,0,1,0,1,0,0,0,40,40,1354.4937538398517,1.5,667.2071188562078
129,4.248495242049359,9.102086786535928,5,1958,1991,4.454347296253507,1.0,2.0,0.0,3.0,1008,2.0,6.960347729101308,0,6.960347729101308,1,3.0,6,0,0.0,2.0,2,750,0,80,0,0,0,0,0,0,1,0,0,0,0,0,48,15,1014.9603477291013,2.0,1014.9603477291013
130,4.48863636973214,9.561067663645012,7,1966,1966,5.736572297479192,1.0,2.0,0.0,3.0,924,4.0,7.104144092987527,941,7.67693714581808,2,2.0,8,2,4.0,3.0,2,487,105,66,0,0,0,0,0,0,1,0,1,0,0,0,40,40,1872.1041440929876,2.5,931.6769371458181
131,4.248495242049359,9.411238314343073,6,2000,2000,3.713572066704308,2.0,3.0,0.0,6.0,992,4.0,6.930494765951626,1032,7.628031126930335,2,2.0,7,1,3.0,2.0,2,390,24,48,0,0,1,1,0,0,0,1,0,0,0,0,9,9,2030.9304947659516,3.5,999.6280311269303
132,4.330733340286331,8.907747686788648,5,1959,2002,0.0,1.0,2.0,0.0,3.0,1063,3.0,7.191429330036379,0,7.191429330036379,1,2.0,7,0,0.0,1.0,2,624,0,0,0,0,0,0,1,0,1,0,0,1,0,0,48,5,1070.1914293300363,2.0,1070.1914293300363
133,4.248495242049359,8.832587702434553,8,2001,2002,4.919980925828125,2.0,4.0,0.0,6.0,1267,4.0,7.167809184316444,0,7.167809184316444,2,2.0,6,0,0.0,3.0,2,471,192,25,0,0,1,1,0,0,0,1,1,0,0,0,8,7,1274.1678091843164,3.0,1274.1678091843164
134,4.3694478524670215,9.243388226022383,5,1968,1993,0.0,1.0,2.0,0.0,3.0,1461,3.0,7.451241684987676,0,7.451241684987676,2,1.0,7,1,3.0,2.0,2,440,0,96,0,0,0,0,1,0,1,0,1,0,0,0,38,13,1468.4512416849877,2.5,1468.4512416849877
135,4.394449154672439,9.249657234353133,7,1970,1970,5.666426688112432,1.0,2.0,0.0,1.0,1304,3.0,7.428333194190806,0,7.428333194190806,2,1.0,7,1,4.0,1.0,2,530,98,0,0,0,0,0,0,0,0,1,1,0,0,0,38,38,1311.4283331941908,2.0,1311.4283331941908
136,4.248495242049359,9.245321340871428,5,1967,1967,5.2832037287379885,1.0,2.0,0.0,4.0,1214,2.0,7.102499355774649,0,7.102499355774649,2,1.0,5,1,2.0,2.0,1,318,0,111,0,0,0,0,0,0,1,0,1,0,0,0,40,40,1221.1024993557746,2.0,1221.1024993557746
137,4.418840607796598,9.312084355859467,7,1988,1989,4.2626798770413155,1.0,2.0,0.0,1.0,1907,3.0,7.580699752224563,0,7.580699752224563,3,1.0,9,0,0.0,1.0,3,766,0,0,0,0,1,1,0,0,1,0,0,0,0,0,18,17,1914.5806997522245,3.0,1914.5806997522245
138,4.30406509320417,9.112396727646056,8,1999,2000,5.771441123130016,2.0,3.0,1.0,6.0,1004,4.0,6.912742820493176,848,7.52456122628536,2,2.0,7,2,3.0,3.0,3,660,224,106,0,0,1,1,0,0,0,1,1,0,0,0,9,8,1858.9127428204931,2.5,1011.5245612262854
139,4.189654742026425,9.64387450001194,6,1997,1997,0.0,1.0,3.0,0.0,6.0,928,4.0,6.834108738813838,836,7.475905969367397,2,2.0,7,0,0.0,2.0,2,470,276,99,0,0,1,1,1,0,0,1,1,0,0,0,12,12,1770.834108738814,3.5,935.4759059693674
140,4.2626798770413155,9.259225769705994,4,1971,1971,0.0,1.0,2.0,0.0,5.0,864,2.0,6.762729506931879,0,6.762729506931879,1,1.0,5,1,1.0,0.0,0,0,0,0,0,0,0,0,1,0,1,0,0,0,0,0,39,39,870.7627295069319,1.0,870.7627295069319
141,4.3694478524670215,9.362718052397065,7,2005,2005,0.0,2.0,3.0,2.0,6.0,1734,4.0,7.45876269238096,0,7.45876269238096,2,2.0,7,0,0.0,3.0,2,660,160,24,0,0,1,1,1,0,0,1,1,0,0,0,1,1,1741.458762692381,3.0,1741.458762692381
142,4.276666119016055,9.050288983827956,5,1952,1952,0.0,1.0,2.0,0.0,3.0,910,1.0,6.814542897259958,475,7.234177179749849,2,1.0,6,0,0.0,1.0,2,720,0,0,0,0,0,0,1,0,1,0,0,1,0,0,58,58,1391.8145428972598,2.0,917.2341771797498
143,4.3694478524670215,9.243388226022383,7,1999,1999,5.214935757608986,2.0,3.0,3.0,6.0,1490,4.0,7.31455283232408,0,7.31455283232408,2,2.0,6,0,0.0,2.0,2,577,144,29,0,0,1,1,0,0,0,1,1,0,0,0,10,10,1497.3145528323241,3.0,1497.3145528323241
144,4.2626798770413155,9.116139576577355,5,1963,1963,5.820082930352362,1.0,2.0,0.0,3.0,1728,2.0,7.455298485683291,0,7.455298485683291,2,1.0,10,0,0.0,1.0,2,504,0,0,0,0,0,0,0,0,1,0,0,1,0,0,43,43,1735.4552984856832,3.0,1735.4552984856832
145,3.2188758248682006,7.833203948641057,6,2004,2006,3.9318256327243257,2.0,3.0,0.0,1.0,970,4.0,6.878326468291325,739,7.444248649496705,2,2.0,7,0,0.0,1.0,2,380,0,40,0,0,1,1,0,1,0,1,0,1,0,0,2,0,1715.8783264682913,2.0,977.4442486494967
146,3.9512437185814275,8.71948076085107,5,1931,1993,0.0,1.0,2.0,0.0,4.0,715,2.0,6.775366090936392,0,6.775366090936392,1,1.0,5,0,0.0,1.0,1,180,48,0,0,0,0,0,1,0,0,0,0,1,0,0,78,16,721.7753660909364,2.0,721.7753660909364
147,4.248495242049359,9.159678457173955,7,2001,2001,5.198497031265826,2.0,3.0,0.0,1.0,884,4.0,6.785587645007929,1151,7.618742377670413,2,2.0,8,1,4.0,3.0,2,434,144,48,0,0,1,1,0,0,0,1,0,0,0,0,9,9,2041.785587645008,2.5,891.6187423776704
148,4.1588830833596715,8.922791623969637,7,2004,2005,4.795790545596741,1.0,3.0,0.0,6.0,1080,4.0,6.985641817639208,0,6.985641817639208,1,2.0,6,0,0.0,0.0,0,0,0,0,0,0,1,1,0,0,0,1,0,0,0,0,4,3,1086.9856418176391,2.0,1086.9856418176391
149,4.248495242049359,8.738895704934043,5,1936,1950,0.0,1.0,3.0,0.0,1.0,896,3.0,6.799055862058796,448,7.20414929203594,1,1.0,7,0,0.0,1.0,1,240,200,114,0,0,0,0,1,0,0,0,0,1,0,0,70,56,1350.7990558620588,1.0,903.2041492920359
150,4.795790545596741,9.24541789858888,5,1975,1975,0.0,1.0,2.0,2.0,4.0,969,2.0,6.877296071497429,0,6.877296071497429,1,1.0,5,0,0.0,1.0,2,440,0,0,0,0,0,0,1,0,1,0,1,0,0,0,32,32,975.8772960714974,1.5,975.8772960714974
151,4.68213122712422,9.539068413863964,8,2007,2008,6.07993319509559,2.0,4.0,3.0,6.0,1710,4.0,7.444833273892193,0,7.444833273892193,2,2.0,6,1,4.0,2.0,3,866,0,102,0,1,1,1,0,1,0,1,1,0,1,1,1,0,1717.4448332738923,3.0,1717.4448332738923
152,4.248495242049359,9.602652693506046,6,1971,1971,5.53338948872752,1.0,2.0,0.0,3.0,825,3.0,7.001245622069476,896,7.597897950521784,2,1.0,8,1,4.0,2.0,2,495,0,66,0,0,0,0,0,0,1,0,1,0,0,0,35,35,1728.0012456220695,2.5,832.5978979505218
153,4.248495242049359,9.510519035757246,6,1960,1975,0.0,1.0,3.0,3.0,4.0,1602,3.0,7.133295954896068,0,7.133295954896068,1,1.0,4,1,4.0,2.0,2,564,409,0,0,0,0,0,1,0,1,0,1,0,0,0,48,33,1609.133295954896,2.0,1609.133295954896
154,4.442651256490317,9.33617975681533,6,1923,1950,0.0,1.0,2.0,0.0,1.0,1200,2.0,7.0909098220799835,0,7.0909098220799835,1,1.0,7,0,0.0,1.0,1,312,0,0,0,0,0,0,1,0,0,0,0,1,0,0,83,56,1207.09090982208,1.0,1207.09090982208
155,4.110873864173311,9.169622538697624,6,1924,1950,0.0,1.0,2.0,0.0,1.0,572,1.0,6.35088571671474,524,7.00033446027523,1,1.0,5,0,0.0,0.0,0,0,0,8,0,0,0,0,1,0,0,0,0,0,0,0,84,58,1102.3508857167149,1.0,579.0003344602752
156,4.110873864173311,8.881975184248867,5,1950,1950,0.0,1.0,0.0,0.0,0.0,0,2.0,6.947937068614969,0,6.947937068614969,1,1.0,5,0,0.0,1.0,2,625,0,0,0,0,0,0,1,0,1,0,0,1,0,0,56,56,6.947937068614969,1.0,6.947937068614969
157,4.532599493153256,9.392995206560258,8,2009,2010,4.442651256490317,2.0,4.0,0.0,1.0,774,4.0,6.652863029353347,1194,7.585281078639126,2,3.0,8,1,4.0,3.0,3,680,0,75,0,0,1,1,0,0,0,1,0,0,1,1,1,0,1974.6528630293533,2.5,781.5852810786391
158,4.61512051684126,9.437714959818209,7,2004,2005,0.0,2.0,3.0,0.0,6.0,991,4.0,6.899723107284872,956,7.5745584842024805,2,2.0,8,1,4.0,2.0,2,678,0,136,0,0,1,1,1,0,0,1,1,0,0,0,6,5,1953.899723107285,2.5,998.5745584842025
159,4.90527477843843,9.87194528452625,7,2005,2006,6.124683390894205,2.0,3.0,1.0,6.0,1392,4.0,7.239214973779806,1070,7.809135398120538,2,2.0,9,1,4.0,2.0,2,576,239,132,0,0,1,1,0,0,0,1,1,0,1,1,1,0,2469.23921497378,3.5,1399.8091353981206
160,4.248495242049359,9.316590491818841,6,1984,1984,0.0,1.0,3.0,0.0,4.0,1232,2.0,7.117205503164344,0,7.117205503164344,2,1.0,6,0,0.0,1.0,2,516,0,0,0,0,0,0,1,0,0,1,1,0,0,0,24,24,1239.1172055031643,2.0,1239.1172055031643
161,4.709530201312334,9.524347869595513,9,2003,2004,6.499787040655854,2.0,4.0,2.0,6.0,1572,4.0,7.360739903058278,1096,7.889459149404524,2,3.0,10,2,4.0,3.0,3,726,400,0,0,1,1,1,0,0,0,1,0,0,0,0,5,4,2675.360739903058,3.5,1579.8894591494045
162,4.564348191467836,9.407796816354407,7,2005,2005,5.424950017481403,2.0,3.0,1.0,4.0,1541,4.0,7.340835554123275,0,7.340835554123275,2,2.0,7,1,4.0,2.0,2,532,0,70,0,1,1,1,0,0,0,1,1,0,1,1,5,5,1548.3408355541233,2.0,1548.3408355541233
163,4.02535169073515,8.612685172875459,4,1956,1956,0.0,1.0,2.0,0.0,1.0,882,4.0,6.78332520060396,0,6.78332520060396,1,1.0,4,0,0.0,0.0,0,0,0,0,0,0,0,0,1,0,1,0,0,0,0,0,51,51,888.7833252006039,1.0,888.7833252006039
164,3.713572066704308,8.594339400592892,6,1926,2004,0.0,1.0,2.0,1.0,2.0,1149,3.0,7.047517221357296,467,7.388327859577107,2,2.0,5,0,0.0,1.0,1,216,0,0,0,0,0,0,1,0,0,0,0,1,0,0,81,3,1623.0475172213573,2.0,1156.3883278595772
165,4.143134726391533,9.220983532074662,5,1940,1999,0.0,1.0,2.0,0.0,5.0,644,3.0,6.695798917058491,547,7.212294468500341,2,1.0,6,0,0.0,0.0,0,0,140,0,0,0,0,0,1,0,0,0,0,0,0,0,68,9,1197.6957989170585,3.0,651.2122944685003
166,4.248495242049359,9.278839788400875,5,1955,1993,0.0,2.0,2.0,0.0,2.0,1617,4.0,7.532623618788788,0,7.532623618788788,1,1.0,7,3,4.0,3.0,1,303,476,0,0,0,0,0,1,0,1,0,1,0,0,0,54,16,1624.5326236187889,2.0,1624.5326236187889
167,4.465908118654584,9.265112607823163,8,2007,2007,5.707110264748875,2.0,4.0,0.0,6.0,1582,4.0,7.384610383176974,551,7.6787889981991535,1,3.0,8,1,4.0,3.0,3,789,178,120,0,1,1,1,0,1,0,1,1,0,1,1,0,0,2140.384610383177,2.5,1589.6787889981993
168,4.143134726391533,9.0173622349937,7,2004,2004,0.0,2.0,3.0,0.0,1.0,840,4.0,6.734591659972948,880,7.450660796211539,2,2.0,7,1,4.0,3.0,2,440,100,48,0,0,1,1,1,0,0,1,1,0,0,0,3,3,1726.734591659973,2.5,847.4506607962115
169,4.248495242049359,9.72136597574484,8,1981,1981,6.483107351457199,2.0,3.0,0.0,1.0,1686,2.0,7.443078374348516,0,7.443078374348516,2,1.0,6,1,3.0,2.0,2,511,574,64,0,0,0,0,0,0,1,0,1,0,0,0,25,25,1693.4430783743485,2.5,1693.4430783743485
170,4.248495242049359,9.422139821589736,5,1941,1950,0.0,1.0,2.0,0.0,3.0,720,2.0,6.75110146893676,0,7.232010331664759,1,1.0,7,0,0.0,1.0,2,660,237,0,0,0,0,0,1,0,1,0,0,1,0,0,66,57,726.7511014689368,1.5,727.2320103316648
171,4.955827057601261,10.366309203003638,6,1960,1960,4.727387818712341,1.0,2.0,3.0,4.0,1080,1.0,7.4127640174265625,0,7.4127640174265625,1,1.0,7,2,4.0,3.0,2,528,210,62,0,0,0,0,0,1,1,0,1,0,0,0,50,50,1087.4127640174265,2.0,1087.4127640174265
172,3.8066624897703196,8.576781982827894,7,1987,1987,0.0,2.0,3.0,0.0,6.0,1064,3.0,6.970730078143525,703,7.477604243197589,2,2.0,5,1,3.0,2.0,2,504,441,35,0,0,0,0,1,0,0,1,1,0,0,0,19,19,1773.9707300781436,3.0,1071.4776042431977
173,4.394449154672439,9.2299469016151,6,1961,1961,6.198478716492308,1.0,2.0,0.0,5.0,1362,2.0,7.217443431696533,0,7.217443431696533,1,1.0,6,1,3.0,1.0,2,504,0,20,0,0,0,0,0,0,1,0,1,0,0,0,47,47,1369.2174434316964,2.5,1369.2174434316964
174,3.871201010907891,9.426821780416843,6,1986,1986,4.890349128221754,1.0,3.0,0.0,5.0,1606,2.0,7.409741954080923,0,7.409741954080923,2,1.0,7,1,3.0,3.0,2,616,192,0,0,0,1,0,0,1,1,0,1,0,0,0,22,22,1613.409741954081,3.0,1613.409741954081
175,4.442651256490317,9.442721128642875,6,1950,2001,0.0,1.0,2.0,2.0,5.0,1202,2.0,7.677400430514807,0,7.677400430514807,2,2.0,7,1,4.0,1.0,2,576,0,29,0,0,0,0,1,0,1,0,1,0,0,0,57,6,1209.6774004305148,3.0,1209.6774004305148
176,4.584967478670572,9.21333588095598,6,1988,1989,5.594711379601839,2.0,3.0,0.0,6.0,1151,2.0,7.060476365999801,896,7.630946580890459,2,1.0,8,1,3.0,1.0,2,521,0,228,0,0,0,0,0,0,0,1,1,0,0,0,19,18,2054.060476366,3.0,1158.6309465808904
177,4.248495242049359,9.521568058002977,5,1958,1958,0.0,2.0,2.0,0.0,5.0,1052,4.0,7.133295954896068,668,7.560601162768557,2,2.0,8,1,4.0,1.0,2,451,0,0,0,0,0,0,1,0,1,0,1,0,0,0,48,48,1727.133295954896,3.0,1059.5606011627685
178,4.1588830833596715,9.765603845172741,9,2008,2009,6.618738983517219,3.0,4.0,0.0,6.0,2216,4.0,7.711996507047669,0,7.711996507047669,2,3.0,9,1,4.0,3.0,3,1166,0,60,0,0,1,1,0,1,0,1,1,0,1,1,1,0,2223.711996507048,3.0,2223.711996507048
179,4.110873864173311,9.050288983827956,5,1923,2006,0.0,2.0,2.0,0.0,1.0,968,2.0,6.876264611890766,0,6.876264611890766,1,1.0,5,0,0.0,1.0,2,480,0,0,0,0,0,0,1,0,1,0,0,1,0,0,84,1,974.8762646118907,1.0,974.8762646118907
180,4.248495242049359,7.658227526161352,6,2000,2000,6.124683390894205,2.0,3.0,0.0,6.0,756,4.0,6.646390514847729,756,7.330405211844402,2,2.0,5,1,3.0,1.0,2,440,0,0,0,0,0,0,0,0,0,1,0,1,0,0,7,7,1518.6463905148478,2.5,763.3304052118444
181,4.007333185232471,8.934455109403913,7,1920,1950,0.0,1.0,1.0,0.0,2.0,793,3.0,6.804614520062624,901,7.497207223203318,1,1.0,9,1,4.0,1.0,1,216,0,0,0,0,0,0,1,0,0,0,0,1,0,0,86,56,1700.8046145200626,1.5,800.4972072232033
182,4.110873864173311,9.11173476822206,5,1957,2006,4.59511985013459,1.0,0.0,0.0,0.0,0,4.0,7.201170883281678,0,7.201170883281678,1,1.0,7,1,4.0,2.0,1,252,116,0,0,0,0,0,0,0,0,1,1,0,0,0,50,1,7.201170883281678,1.0,7.201170883281678
183,4.1588830833596715,9.343734255146714,7,2003,2003,0.0,1.0,3.0,0.0,1.0,1362,4.0,7.217443431696533,720,7.641564441260972,2,2.0,6,0,0.0,1.0,2,484,280,238,0,0,1,1,1,0,0,1,0,1,0,0,5,5,2089.2174434316967,2.5,1369.641564441261
184,4.532599493153256,8.914491710191342,5,1908,1991,0.0,1.0,1.0,0.0,1.0,504,3.0,6.842683282238422,316,7.133295954896068,1,1.0,5,0,0.0,1.0,2,576,104,0,0,0,0,0,1,0,0,1,1,0,0,0,98,15,826.8426832822383,1.0,511.1332959548961
185,4.51085950651685,10.041116787524166,10,1892,1993,0.0,2.0,2.0,1.0,1.0,1107,4.0,7.325807502595773,1518,8.19118600464279,2,3.0,12,2,3.0,1.0,3,840,0,260,0,0,0,0,1,0,0,0,0,1,0,0,114,13,2632.325807502596,2.5,1115.1911860046428
186,4.248495242049359,9.205126804923296,7,1990,1991,0.0,1.0,3.0,2.0,6.0,1188,4.0,7.1049654482698426,0,7.1049654482698426,2,2.0,6,0,0.0,1.0,2,497,168,27,0,0,0,0,1,0,0,1,1,0,0,0,19,18,1195.10496544827,3.0,1195.10496544827
187,4.110873864173311,9.250618218474752,5,1916,1987,0.0,1.0,1.0,0.0,1.0,660,4.0,6.695798917058491,704,7.4127640174265625,2,1.0,8,0,0.0,1.0,1,180,0,0,0,0,0,0,1,0,1,0,0,1,0,0,93,22,1370.6957989170585,2.5,667.4127640174265
188,4.174387269895637,8.856376036730422,5,1979,1979,5.62040086571715,1.0,3.0,2.0,6.0,1086,2.0,7.110696122978827,0,7.110696122978827,0,1.0,6,2,3.0,1.0,2,528,120,0,0,0,0,0,0,1,1,0,0,1,0,0,30,30,1093.1106961229789,3.0,1093.1106961229789
189,3.7376696182833684,8.501876487304344,8,2001,2002,0.0,2.0,4.0,2.0,6.0,1593,4.0,7.374001859350161,0,7.374001859350161,1,3.0,5,1,4.0,3.0,2,682,0,120,0,0,0,0,1,0,0,1,1,0,0,0,7,6,1600.37400185935,2.5,1600.37400185935
190,4.2626798770413155,9.265869681768663,8,1932,1994,0.0,2.0,3.0,0.0,3.0,853,2.0,7.346010209913293,1178,7.911324018963353,2,2.0,10,2,3.0,1.0,2,440,0,74,0,0,0,0,1,0,1,0,0,1,0,0,75,13,2038.3460102099134,2.5,860.9113240189633
191,4.248495242049359,8.91905180393029,7,1972,2004,4.9344739331306915,1.0,2.0,0.0,5.0,725,3.0,6.587550014824796,754,7.299797366758161,1,2.0,7,0,0.0,3.0,2,484,0,32,0,0,0,0,0,0,1,0,1,0,0,0,35,3,1485.587550014825,2.5,732.2997973667582
192,4.23410650459726,9.106977858981029,7,1999,1999,0.0,2.0,3.0,2.0,6.0,1431,4.0,7.266827347520591,0,7.266827347520591,2,2.0,6,0,0.0,3.0,2,666,0,35,0,0,1,1,1,0,0,1,1,0,0,0,10,10,1438.2668273475206,3.0,1438.2668273475206
193,3.2188758248682006,7.833203948641057,7,2004,2004,3.9318256327243257,2.0,3.0,0.0,1.0,970,4.0,6.878326468291325,739,7.444248649496705,2,2.0,7,0,0.0,1.0,2,380,0,40,0,0,1,1,0,1,0,1,0,1,0,0,2,2,1715.8783264682913,2.0,977.4442486494967
194,4.110873864173311,8.879193928110318,5,1972,1972,0.0,1.0,2.0,2.0,5.0,864,2.0,6.762729506931879,0,6.762729506931879,1,1.0,5,0,0.0,1.0,1,352,0,0,0,0,0,0,1,0,1,0,0,1,0,0,36,36,870.7627295069319,1.0,870.7627295069319
195,3.2188758248682006,7.732369222284388,6,1976,1976,0.0,1.0,3.0,0.0,5.0,855,2.0,6.752270376141742,601,7.284134806195205,2,1.0,7,1,3.0,1.0,2,440,87,0,0,0,0,0,1,0,1,0,1,0,0,0,33,33,1462.7522703761417,2.5,862.2841348061952
196,4.382026634673881,9.150271845510064,7,2007,2007,5.327876168789581,3.0,4.0,0.0,6.0,1726,4.0,7.454141078146678,0,7.454141078146678,2,3.0,8,1,4.0,3.0,3,786,171,138,0,0,0,0,0,1,0,1,1,0,1,1,0,0,1733.4541410781467,3.0,1733.4541410781467
197,5.1647859739235145,10.143291544743445,8,1918,1990,0.0,2.0,2.0,0.0,6.0,1360,3.0,7.215975002651466,1360,8.043342170441608,2,2.0,8,1,5.0,1.0,2,795,0,16,0,0,0,0,1,0,0,1,0,1,0,0,88,16,2727.2159750026512,3.5,1368.0433421704415
198,4.532599493153256,8.616314282284044,6,1912,1950,0.0,1.0,2.0,0.0,1.0,755,4.0,6.835184586147301,929,7.709756864454165,1,1.0,8,0,0.0,0.0,0,0,0,198,0,0,0,0,1,0,1,0,0,0,0,0,97,59,1690.8351845861473,1.0,762.7097568644542
199,4.343805421853684,9.16868469670735,8,2004,2005,5.572154032177765,2.0,4.0,2.0,6.0,1713,4.0,7.446585099157725,0,7.446585099157725,2,3.0,7,1,4.0,3.0,3,856,0,26,0,1,1,1,0,0,0,1,1,0,0,0,5,4,1720.4465850991578,3.0,1720.4465850991578
200,4.394449154672439,9.053335623166017,4,2003,2004,0.0,1.0,3.0,0.0,1.0,1121,4.0,7.022868086082641,0,7.022868086082641,2,1.0,5,0,0.0,2.0,2,440,132,64,0,0,1,1,1,0,0,1,1,0,0,0,7,6,1128.0228680860826,2.0,1128.0228680860826
201,4.330733340286331,9.222861652529854,6,1977,1977,0.0,1.0,2.0,0.0,5.0,1196,2.0,7.154615356913663,0,7.154615356913663,2,1.0,6,2,2.0,1.0,2,473,238,83,0,0,0,0,1,0,1,0,0,1,0,0,31,31,1203.1546153569136,2.5,1203.1546153569136
202,3.9318256327243257,8.853808274977197,6,1924,1950,0.0,1.0,1.0,0.0,2.0,617,3.0,6.763884908562435,445,7.1785454837637,2,1.0,6,0,0.0,1.0,1,398,0,0,0,0,0,0,1,0,0,0,1,0,0,0,82,56,1068.7638849085624,2.0,624.1785454837637
203,4.248495242049359,8.398184404834035,6,2004,2004,5.327876168789581,2.0,3.0,2.0,6.0,848,4.0,6.744059186311348,0,6.744059186311348,1,2.0,3,1,4.0,2.0,2,420,149,0,0,0,1,1,0,0,0,1,1,0,0,0,4,4,854.7440591863113,2.0,854.7440591863113
204,3.9318256327243257,8.160803920954665,5,1947,1950,0.0,1.0,2.0,0.0,2.0,720,2.0,6.580639137284949,564,7.158513997329321,1,1.0,5,0,0.0,1.0,1,240,0,35,0,0,0,0,1,0,1,0,0,1,0,0,62,59,1290.5806391372848,1.5,727.1585139973294
205,4.605170185988092,9.380251908693456,7,1990,1990,0.0,1.0,3.0,0.0,1.0,1424,4.0,7.274479558773871,0,7.274479558773871,2,1.0,5,0,0.0,2.0,2,500,0,34,0,0,0,0,1,0,0,1,1,0,0,0,19,19,1431.274479558774,2.0,1431.274479558774
206,3.713572066704308,9.523251498473739,5,1962,1962,0.0,1.0,2.0,0.0,1.0,1140,2.0,7.436617265234227,0,7.436617265234227,1,1.0,8,1,3.0,2.0,1,349,0,30,0,0,0,0,1,0,1,0,1,0,0,0,45,45,1147.4366172652342,1.5,1147.4366172652342
207,4.248495242049359,9.433003808053515,4,1960,1960,0.0,1.0,2.0,0.0,5.0,1100,2.0,7.00397413672268,0,7.00397413672268,1,1.0,6,1,1.0,2.0,1,312,355,0,0,0,0,0,1,0,0,1,1,0,0,0,48,48,1107.0039741367227,2.0,1107.0039741367227
208,4.248495242049359,9.57254997141339,7,1988,1989,4.859812404361672,2.0,3.0,3.0,6.0,1157,4.0,7.074116816197362,882,7.631916513071252,2,1.0,7,1,4.0,3.0,2,454,60,55,0,0,0,0,0,0,1,0,1,0,0,0,19,18,2046.0741168161974,3.5,1164.6319165130712
209,4.330733340286331,9.018089684104343,6,1964,1964,5.564520407322694,1.0,3.0,0.0,3.0,1092,4.0,6.996681488176539,0,6.996681488176539,1,1.0,6,0,0.0,2.0,2,504,0,0,0,0,0,0,0,1,1,0,1,0,0,0,44,44,1098.9966814881766,2.0,1098.9966814881766
210,4.219507705176107,8.63141433550626,5,1925,1950,0.0,1.0,2.0,0.0,3.0,864,2.0,6.762729506931879,0,6.762729506931879,1,1.0,5,0,0.0,0.0,0,0,0,0,0,0,0,0,1,0,1,0,0,0,0,0,83,58,870.7627295069319,2.0,870.7627295069319
211,4.430816798843313,9.251578279992428,6,2009,2009,0.0,1.0,3.0,1.0,6.0,1212,4.0,7.10085190894405,0,7.10085190894405,2,2.0,6,0,0.0,2.0,2,460,100,22,0,0,1,1,1,0,0,1,1,0,0,0,1,1,1219.1008519089442,2.0,1219.1008519089442
212,4.290459441148391,9.0642735958414,7,2009,2009,0.0,1.0,3.0,0.0,6.0,900,4.0,6.838405200847344,920,7.52456122628536,2,2.0,7,1,3.0,2.0,2,644,168,108,0,0,1,1,1,0,0,1,1,0,1,1,0,0,1826.8384052008473,3.5,907.5245612262854
213,3.784189633918261,9.515543058145953,5,1995,1995,0.0,1.0,3.0,0.0,5.0,990,4.0,6.898714534329988,0,6.898714534329988,1,1.0,5,0,0.0,1.0,2,576,224,0,0,0,1,1,1,0,0,1,1,0,0,0,11,11,996.89871453433,1.5,996.89871453433
214,4.248495242049359,9.296609807128359,6,1977,1977,5.0369526024136295,1.0,3.0,0.0,6.0,689,4.0,6.536691597591305,703,7.239214973779806,1,1.0,6,0,0.0,3.0,1,299,0,36,0,0,0,0,0,0,1,0,1,0,0,0,33,33,1398.5366915975915,1.5,696.2392149737798
215,4.290459441148391,9.211539652551664,5,1957,1996,4.174387269895637,1.0,2.0,0.0,4.0,1070,2.0,7.1204443723924875,0,7.1204443723924875,1,2.0,6,1,2.0,1.0,1,447,0,0,0,0,0,0,0,0,1,0,1,0,0,0,49,10,1077.1204443723925,1.5,1077.1204443723925
216,4.189654742026425,9.042040056544483,7,2004,2004,5.58724865840025,2.0,3.0,1.0,6.0,1436,4.0,7.270312886079025,0,7.270312886079025,2,2.0,8,0,0.0,1.0,2,484,139,98,0,0,1,1,0,0,0,1,1,0,0,0,4,4,1443.270312886079,3.0,1443.270312886079
217,4.060443010546419,9.20099685697303,4,1925,1950,0.0,1.0,2.0,0.0,1.0,686,1.0,6.698268054115413,518,7.192182058713246,1,1.0,8,0,0.0,1.0,1,210,0,172,0,0,0,0,1,0,1,0,0,1,0,0,81,56,1210.6982680541155,1.0,693.1921820587132
218,4.248495242049359,9.658928824466434,7,1939,2006,5.746203190540153,2.0,2.0,0.0,4.0,798,4.0,7.037027614686276,817,7.578145472419466,1,2.0,8,2,3.0,1.0,2,431,0,119,0,0,1,1,0,0,1,0,1,0,0,0,69,2,1622.0370276146864,2.0,805.5781454724195
219,3.784189633918261,8.010027528481734,7,2005,2006,2.833213344056216,2.0,3.0,2.0,6.0,1248,4.0,7.130098510125578,0,7.130098510125578,2,2.0,5,0,0.0,3.0,2,438,108,0,0,0,1,1,0,0,0,1,1,0,1,1,1,0,1255.1300985101257,2.0,1255.1300985101257
220,4.30406509320417,9.103979355984773,7,2006,2006,0.0,2.0,3.0,1.0,1.0,1498,4.0,7.312553498102598,0,7.312553498102598,2,2.0,5,0,0.0,2.0,2,675,351,33,0,0,1,1,1,0,0,1,1,0,1,1,0,0,1505.3125534981025,2.0,1505.3125534981025
221,4.248495242049359,8.995784837848506,6,2002,2002,0.0,2.0,3.0,0.0,1.0,1010,4.0,6.918695219020472,1257,7.7266536648476425,2,2.0,8,1,3.0,2.0,2,390,120,46,0,0,1,1,1,0,0,1,0,0,0,0,7,7,2273.9186952190203,2.5,1017.7266536648476
222,4.454347296253507,9.348013177101256,6,1975,1975,0.0,1.0,3.0,0.0,5.0,713,2.0,6.699500340161678,741,7.347943823148687,2,1.0,6,1,3.0,2.0,2,434,209,208,0,0,1,1,1,0,1,0,1,0,0,0,31,31,1460.6995003401616,3.5,720.3479438231487
223,4.2626798770413155,9.259225769705994,4,1971,1971,0.0,1.0,2.0,0.0,5.0,864,3.0,6.762729506931879,0,6.762729506931879,1,1.0,4,0,0.0,1.0,2,576,216,0,0,0,0,0,1,0,1,0,0,1,0,0,38,38,870.7627295069319,1.0,870.7627295069319
224,4.6443908991413725,9.508442961755847,10,2003,2003,6.827629234502852,3.0,4.0,3.0,6.0,2392,4.0,7.780303087908373,0,7.780303087908373,2,3.0,8,1,5.0,3.0,3,968,248,105,0,1,1,1,0,0,0,1,1,0,0,0,6,6,2399.7803030879086,2.0,2399.7803030879086
225,3.091042453358316,7.427144133408616,5,1971,1971,4.962844630259907,1.0,2.0,0.0,1.0,630,2.0,6.447305862541213,672,7.172424577124845,2,1.0,6,0,0.0,1.0,1,280,0,0,0,0,0,0,0,0,1,0,0,1,0,0,38,38,1308.4473058625413,2.5,637.1724245771248
226,4.418840607796598,9.205428327615163,7,1995,1995,5.673323267171493,2.0,3.0,0.0,6.0,1203,4.0,7.102499355774649,1306,7.83241092718792,2,2.0,9,1,3.0,2.0,3,721,224,114,1,0,1,1,0,0,0,1,1,0,0,0,12,12,2516.102499355775,2.5,1210.832410927188
227,3.091042453358316,7.533693709848633,6,1970,1970,4.852030263919617,1.0,2.0,0.0,3.0,483,2.0,6.182084906716632,504,6.895682697747868,1,1.0,5,0,0.0,1.0,1,280,0,0,0,0,0,0,0,0,1,0,0,1,0,0,38,38,993.1820849067167,1.5,489.8956826977479
228,4.2626798770413155,9.050406334059858,5,1967,1967,0.0,1.0,2.0,0.0,5.0,912,2.0,6.816735880594968,0,6.816735880594968,1,1.0,5,1,2.0,1.0,1,336,0,0,0,0,0,0,1,0,1,0,0,1,0,0,43,43,918.8167358805949,1.0,918.8167358805949
229,3.784189633918261,8.065579427282092,7,2005,2006,2.833213344056216,2.0,3.0,2.0,6.0,1373,4.0,7.349873704738337,0,7.349873704738337,2,2.0,7,1,3.0,3.0,2,430,143,20,0,0,1,1,0,0,0,1,1,0,0,0,4,3,1380.3498737047382,2.0,1380.3498737047382
230,4.30406509320417,9.078065332666364,6,1959,1959,5.3981627015177525,1.0,2.0,0.0,1.0,1194,2.0,7.085901464365611,0,7.085901464365611,1,1.0,6,0,0.0,2.0,1,312,0,0,0,0,0,0,0,0,1,0,1,0,0,0,51,51,1201.0859014643656,2.0,1201.0859014643656
231,5.1647859739235145,9.625029474611878,8,1995,1996,6.2285110035911835,2.0,3.0,0.0,6.0,1462,4.0,7.307202314764738,1304,7.9355873855892,2,3.0,9,1,3.0,3.0,3,810,0,146,1,0,1,1,0,0,0,1,1,0,0,0,14,13,2773.3072023147647,3.5,1469.935587385589
232,3.091042453358316,7.427144133408616,6,1972,1972,5.697093486505405,1.0,2.0,0.0,1.0,483,2.0,6.182084906716632,504,6.895682697747868,1,1.0,5,1,1.0,1.0,1,288,0,0,0,0,0,0,0,0,1,0,1,0,0,0,34,34,993.1820849067167,1.5,489.8956826977479
233,4.330733340286331,9.273409063443166,5,1976,1976,0.0,1.0,2.0,2.0,2.0,894,2.0,6.796823718274855,0,6.796823718274855,1,1.0,5,0,0.0,1.0,1,308,365,0,0,0,0,0,1,0,1,0,1,0,0,0,34,34,900.7968237182748,2.0,900.7968237182748
234,4.248495242049359,8.968523555396352,6,2002,2002,0.0,2.0,3.0,0.0,6.0,860,4.0,6.7580945044277305,1100,7.581209826196346,2,2.0,8,2,3.0,3.0,2,440,288,48,0,0,1,1,1,0,0,1,0,0,0,0,8,8,1966.7580945044278,3.5,867.5812098261963
235,3.091042453358316,7.427144133408616,6,1971,1971,6.405228458030842,1.0,2.0,0.0,5.0,483,2.0,6.182084906716632,504,6.895682697747868,1,1.0,5,0,0.0,1.0,1,264,0,0,0,0,0,0,0,0,1,0,0,1,0,0,37,37,993.1820849067167,1.5,489.8956826977479
236,4.189654742026425,9.07954808172616,7,2004,2004,4.59511985013459,2.0,3.0,2.0,6.0,1414,4.0,7.254884810077338,0,7.254884810077338,2,2.0,6,0,0.0,2.0,2,494,132,105,0,0,1,1,0,0,0,1,1,0,0,0,6,6,1421.2548848100773,2.0,1421.2548848100773
237,4.248495242049359,9.154193211353181,7,1993,2003,0.0,2.0,3.0,0.0,4.0,996,4.0,6.922643891475888,730,7.4645098346365275,2,2.0,7,0,0.0,2.0,2,457,370,70,0,0,0,0,1,0,0,1,1,0,0,0,17,7,1732.922643891476,2.5,1003.4645098346365
238,4.543294782270004,9.395241931033524,8,2007,2007,5.541263545158426,3.0,4.0,0.0,1.0,1694,4.0,7.43543801981455,0,7.43543801981455,2,2.0,7,0,0.0,3.0,3,818,168,228,0,1,1,1,0,0,0,1,1,0,1,1,0,0,1701.4354380198145,2.0,1701.4354380198145
239,3.970291913552122,9.07589427542326,6,1945,1950,0.0,1.0,2.0,0.0,2.0,735,2.0,6.683360945766275,689,7.305188215393037,1,1.0,7,1,4.0,1.0,1,220,0,140,0,0,1,1,1,0,1,0,0,1,0,0,65,60,1430.6833609457663,1.5,742.3051882153931
240,4.330733340286331,9.105090961257085,8,2008,2008,3.6109179126442243,2.0,3.0,2.0,6.0,1566,4.0,7.356918242356021,0,7.356918242356021,2,2.0,7,0,0.0,2.0,2,750,144,168,0,0,1,1,0,1,0,1,1,0,0,0,2,2,1573.356918242356,3.0,1573.356918242356
241,3.713572066704308,8.263848131368906,5,1945,1997,0.0,1.0,2.0,0.0,5.0,686,3.0,6.7650389767805414,0,6.7650389767805414,1,2.0,4,0,0.0,0.0,0,0,58,42,0,0,1,1,1,0,1,0,0,0,0,0,62,10,692.7650389767805,1.0,692.7650389767805
242,4.1588830833596715,8.517393171418904,5,1900,1950,0.0,1.0,2.0,0.0,1.0,540,3.0,6.7912214627261855,551,7.273092595999522,1,1.0,6,0,0.0,1.0,1,352,0,0,0,0,0,0,1,0,0,0,1,0,0,0,106,56,1097.7912214627263,1.0,547.2730925959995
243,4.330733340286331,9.283869605264298,6,1980,1980,0.0,1.0,3.0,0.0,1.0,626,2.0,6.440946540632921,591,7.1049654482698426,1,1.0,6,1,3.0,2.0,1,288,0,28,0,0,0,0,1,0,1,0,1,0,0,0,29,29,1223.440946540633,1.5,633.1049654482698
244,4.248495242049359,9.091669442258505,7,1994,2002,0.0,2.0,3.0,0.0,6.0,948,4.0,7.109062135687172,888,7.65491704784832,2,2.0,8,2,2.0,2.0,2,463,0,130,0,0,1,1,1,0,0,1,1,0,0,0,16,8,1843.109062135687,3.5,955.6549170478484
245,4.394449154672439,9.249657234353133,7,1988,1988,4.634728988229636,1.0,3.0,2.0,6.0,1845,3.0,7.5352967024440884,0,7.5352967024440884,2,1.0,6,1,3.0,3.0,2,604,197,39,0,0,0,0,0,0,1,0,1,0,0,0,18,18,1852.5352967024442,2.5,1852.5352967024442
246,4.248495242049359,9.120743838164426,6,1910,1950,0.0,1.0,1.0,0.0,1.0,1020,3.0,6.812345094177479,1020,7.564757012905729,2,0.0,9,0,0.0,1.0,1,440,0,60,0,0,0,0,1,0,0,0,0,1,0,0,96,56,2046.8123450941775,2.0,1027.5647570129058
247,4.330733340286331,9.33353098253138,6,1954,1954,0.0,1.0,2.0,0.0,1.0,1367,4.0,7.226936018493289,0,7.226936018493289,1,1.0,5,1,3.0,1.0,2,451,0,30,0,0,0,0,1,0,1,0,1,0,0,0,52,52,1374.2269360184932,1.0,1374.2269360184932
248,4.290459441148391,9.334149657702469,7,2003,2003,4.624972813284271,2.0,3.0,0.0,1.0,840,4.0,6.734591659972948,828,7.419979923661835,2,2.0,8,0,0.0,2.0,2,500,144,68,0,0,1,1,0,0,0,1,1,0,0,0,4,4,1674.734591659973,2.5,847.4199799236618
249,4.248495242049359,11.976665770490767,6,1958,2006,6.159095388491933,2.0,3.0,3.0,3.0,1444,3.0,7.275864600546533,700,7.6708948313621175,2,2.0,7,2,3.0,3.0,2,389,0,98,0,0,0,0,0,0,1,0,1,0,0,0,49,1,2151.275864600547,2.5,1451.6708948313621
250,4.02535169073515,8.585038738311304,3,1940,1966,0.0,1.0,2.0,0.0,1.0,728,4.0,7.175489713624222,0,7.175489713624222,1,0.0,6,0,0.0,0.0,0,0,263,0,0,0,0,0,1,0,1,0,0,0,0,0,70,44,735.1754897136242,1.0,735.1754897136242
251,3.8066624897703196,8.46611040118692,8,2006,2007,6.1779441140506,2.0,3.0,3.0,6.0,1573,4.0,7.3938782901077555,0,7.3938782901077555,2,2.0,5,1,4.0,3.0,2,538,123,0,0,0,1,1,0,1,0,1,1,0,0,0,1,0,1580.3938782901078,3.5,1580.3938782901078
252,4.189654742026425,9.032050676295599,6,2004,2004,0.0,2.0,3.0,0.0,1.0,798,4.0,6.683360945766275,842,7.403061091090091,2,2.0,6,0,0.0,2.0,2,520,138,45,0,0,1,1,1,0,0,1,1,0,0,0,4,4,1646.6833609457663,2.5,805.4030610910901
253,4.454347296253507,9.143238568435446,6,1964,1991,4.6913478822291435,1.0,3.0,3.0,2.0,1302,4.0,7.172424577124845,0,7.172424577124845,2,2.0,7,0,0.0,2.0,1,309,333,0,0,0,0,0,0,0,1,0,1,0,0,0,43,16,1309.172424577125,2.5,1309.172424577125
254,4.2626798770413155,9.036106025364846,5,1957,1957,0.0,1.0,2.0,0.0,3.0,1314,2.0,7.181591944611865,0,7.181591944611865,1,1.0,5,0,0.0,2.0,1,294,250,0,0,0,0,0,1,0,1,0,1,0,0,0,53,53,1321.181591944612,2.0,1321.181591944612
255,4.204692619390966,9.075551045627543,7,1999,1999,5.713732805509369,2.0,3.0,0.0,1.0,975,4.0,6.913737350659685,1286,7.73718007783463,2,2.0,8,1,3.0,3.0,2,429,192,0,0,0,1,1,0,0,0,1,0,0,0,0,7,7,2267.9137373506596,2.5,982.7371800778346
256,4.174387269895637,9.081597496083457,6,2003,2003,0.0,2.0,3.0,0.0,3.0,864,4.0,6.762729506931879,864,7.455298485683291,2,2.0,7,0,0.0,2.0,2,673,216,56,0,0,1,1,1,0,0,1,1,0,0,0,5,5,1734.762729506932,2.5,871.4552984856833
257,4.23410650459726,9.08421009483197,7,2006,2006,5.198497031265826,2.0,3.0,0.0,6.0,1604,4.0,7.380879035564116,0,7.380879035564116,2,2.0,8,1,4.0,2.0,2,660,123,110,0,0,1,1,0,1,0,1,1,0,0,0,3,3,1611.380879035564,3.5,1611.380879035564
258,4.394449154672439,9.428350771178645,7,2001,2001,5.153291594497779,2.0,3.0,0.0,6.0,963,4.0,6.871091294610546,829,7.491645473605133,2,2.0,7,1,3.0,2.0,2,564,0,96,0,0,1,1,0,0,0,1,1,0,0,0,7,7,1798.8710912946106,2.5,970.4916454736051
259,4.2626798770413155,9.44959346502346,5,1956,1956,0.0,1.0,0.0,0.0,0.0,0,3.0,6.78332520060396,0,6.78332520060396,1,1.0,4,0,0.0,1.0,1,308,0,45,0,0,0,0,1,0,0,1,0,1,0,0,52,52,6.78332520060396,1.0,6.78332520060396
260,4.795790545596741,9.867704922396356,6,1962,1962,5.991464547107982,1.0,2.0,3.0,3.0,1362,2.0,7.232010331664759,0,7.232010331664759,1,1.0,6,1,3.0,1.0,2,884,0,0,0,0,0,0,0,0,1,0,1,0,0,0,47,47,1369.2320103316647,2.0,1369.2320103316647
261,4.248495242049359,9.16837188715368,8,2007,2007,5.602118820879701,2.0,4.0,0.0,1.0,1482,4.0,7.301822342137932,1092,7.853604813097837,2,3.0,10,1,4.0,3.0,3,868,0,148,0,0,0,0,0,1,0,1,0,0,1,1,0,0,2581.3018223421377,2.5,1489.853604813098
262,4.48863636973214,9.044521887281242,6,1977,1995,3.8501476017100584,1.0,3.0,2.0,5.0,506,2.0,7.10085190894405,0,7.10085190894405,1,1.0,6,1,3.0,1.0,2,492,292,12,0,0,0,0,0,0,1,0,1,0,0,0,29,11,513.100851908944,2.0,513.100851908944
263,3.9318256327243257,8.612685172875459,5,1929,2001,0.0,1.0,2.0,0.0,2.0,926,2.0,6.831953565565855,0,7.183111701743281,1,1.0,6,0,0.0,1.0,2,484,0,0,0,0,0,0,1,0,0,0,0,1,0,0,81,9,932.8319535655659,2.0,933.1831117017433
264,3.4339872044851463,8.562740006372207,5,1925,2004,0.0,1.0,1.0,0.0,1.0,680,3.0,6.639875833826536,0,6.639875833826536,1,1.0,4,0,0.0,1.0,2,504,0,0,0,0,0,0,1,0,0,0,0,1,0,0,83,4,686.6398758338265,1.0,686.6398758338265
265,4.3694478524670215,9.400216653174247,6,1981,1981,5.351858133476067,1.0,3.0,0.0,6.0,1422,2.0,7.260522598089852,0,7.260522598089852,2,2.0,7,1,3.0,3.0,2,576,276,0,0,0,0,0,0,0,1,0,1,0,0,0,27,27,1429.26052259809,2.0,1429.26052259809
266,4.2626798770413155,9.324383088016843,6,1997,1997,0.0,1.0,3.0,2.0,6.0,802,3.0,6.688354713946762,709,7.321188556739478,2,1.0,8,1,3.0,3.0,2,413,95,75,0,0,1,1,1,0,0,1,1,0,0,0,9,9,1517.6883547139469,3.5,809.3211885567395
267,4.110873864173311,9.036106025364846,5,1939,1997,0.0,1.0,2.0,0.0,2.0,720,4.0,6.959398512133975,720,7.693025748417888,2,2.0,8,1,4.0,1.0,1,240,262,24,0,0,0,0,1,0,0,1,0,1,0,0,69,11,1446.959398512134,2.5,727.6930257484179
268,4.276666119016055,8.839421607620602,5,1940,1955,0.0,1.0,2.0,0.0,5.0,740,4.0,6.658011045870748,0,6.658011045870748,1,1.0,4,1,4.0,3.0,1,924,0,25,0,0,1,1,1,0,1,0,0,1,0,0,68,53,746.6580110458707,1.0,746.6580110458707
269,4.248495242049359,8.976893927666076,6,1976,1976,5.1647859739235145,1.0,2.0,0.0,4.0,1143,2.0,7.01571242048723,0,7.01571242048723,1,1.0,6,1,2.0,2.0,1,504,370,30,0,0,0,0,0,0,1,0,1,0,0,0,31,31,1150.0157124204873,2.5,1150.0157124204873
270,4.442651256490317,9.280705634636746,8,2006,2006,0.0,2.0,3.0,1.0,1.0,1095,3.0,6.999422467507961,844,7.570443252057374,2,2.0,8,1,4.0,2.0,3,1053,192,51,0,0,1,1,1,0,0,1,1,0,1,1,0,0,1945.9994224675079,2.5,1102.5704432520574
271,4.30406509320417,10.574005615035713,7,1954,2005,0.0,1.0,3.0,3.0,2.0,1385,4.0,7.218176838403408,0,7.218176838403408,1,1.0,5,2,3.0,1.0,2,439,81,0,0,0,0,0,1,0,1,0,1,0,0,0,54,3,1392.2181768384035,2.0,1392.2181768384035
272,4.532599493153256,9.372884301161463,8,1999,2007,5.855071922202427,2.0,3.0,0.0,6.0,1152,4.0,7.060476365999801,1106,7.7279755421055585,2,2.0,9,1,4.0,3.0,3,671,132,57,1,0,1,1,0,0,0,1,1,0,0,0,11,3,2265.060476366,2.5,1159.7279755421055
273,4.394449154672439,9.169622538697624,6,1958,1988,5.214935757608986,1.0,2.0,0.0,3.0,1240,3.0,7.398174092970465,0,7.398174092970465,2,1.0,6,1,4.0,2.0,1,338,289,0,0,0,0,0,0,0,1,0,1,0,0,0,51,21,1247.3981740929705,3.0,1247.3981740929705
274,4.343805421853684,9.025816391627028,5,1982,1982,0.0,1.0,2.0,3.0,5.0,816,2.0,6.705639094860003,0,6.705639094860003,1,1.0,5,0,0.0,1.0,1,264,168,0,0,0,0,0,1,0,1,0,1,0,0,0,25,25,822.70563909486,1.0,822.70563909486
275,4.02535169073515,8.890823576004383,7,1925,2007,0.0,2.0,2.0,0.0,1.0,952,3.0,6.859614903654202,596,7.3453648404168685,2,3.0,5,0,0.0,1.0,2,672,74,0,0,0,0,0,1,0,0,0,0,1,0,0,84,2,1554.8596149036543,2.5,959.3453648404169
276,4.867534450455582,9.126632622902697,7,2003,2003,0.0,2.0,4.0,0.0,1.0,1560,4.0,7.353081920515432,0,7.353081920515432,2,2.0,7,0,0.0,3.0,2,573,100,150,0,0,1,1,1,0,0,1,1,0,0,0,7,7,1567.3530819205155,2.0,1567.3530819205155
277,4.948759890378168,9.859483417038073,4,1951,1951,0.0,1.0,2.0,0.0,2.0,864,4.0,6.762729506931879,0,6.762729506931879,1,1.0,4,0,0.0,1.0,2,400,0,0,0,0,1,1,1,0,1,0,0,1,0,0,59,59,870.7627295069319,1.0,870.7627295069319
278,4.68213122712422,9.57851889529833,9,2006,2007,5.755742213586912,3.0,4.0,3.0,1.0,2121,4.0,7.660114319173928,0,7.660114319173928,2,3.0,8,1,5.0,3.0,3,732,124,98,0,1,0,0,0,0,0,1,1,0,1,1,1,0,2128.6601143191738,2.5,2128.6601143191738
279,4.430816798843313,9.21094019204815,7,1977,1977,5.703782474656201,1.0,3.0,0.0,4.0,1160,4.0,7.053585727193677,866,7.612336837167746,2,1.0,8,1,3.0,3.0,2,505,288,117,0,0,0,0,0,0,1,0,1,0,0,0,31,31,2033.0535857271936,2.5,1167.6123368371677
280,4.418840607796598,9.33149549353265,7,1989,1989,5.831882477283517,2.0,3.0,2.0,6.0,807,3.0,7.069874128458572,807,7.592366128519796,2,2.0,7,1,3.0,3.0,2,575,0,84,0,0,0,0,0,0,1,0,1,0,0,0,18,18,1621.0698741284587,2.5,814.5923661285198
281,4.110873864173311,8.881975184248867,6,2006,2006,4.23410650459726,2.0,3.0,0.0,6.0,1262,3.0,7.141245122350491,0,7.141245122350491,2,2.0,5,0,0.0,3.0,2,572,0,120,0,0,1,1,0,1,0,1,1,0,1,1,0,0,1269.1412451223505,2.0,1269.1412451223505
282,3.5553480614894135,8.529911963824013,7,2007,2008,5.117993812416755,2.0,3.0,0.0,6.0,1314,4.0,7.181591944611865,0,7.181591944611865,2,2.0,6,1,4.0,2.0,2,626,172,62,0,1,1,1,0,1,0,1,1,0,0,0,2,1,1321.181591944612,3.0,1321.181591944612
283,4.31748811353631,9.170871628065816,8,2008,2009,4.290459441148391,2.0,3.0,0.0,1.0,1468,4.0,7.292337176173877,0,7.292337176173877,2,2.0,6,1,4.0,3.0,3,898,210,150,0,0,1,1,0,1,0,1,1,0,1,1,1,0,1475.292337176174,2.0,1475.292337176174
284,3.9318256327243257,8.98882050177807,6,1992,1992,0.0,2.0,3.0,0.0,6.0,1575,3.0,7.362645270417825,0,7.362645270417825,2,2.0,5,0,0.0,2.0,2,529,0,0,0,0,0,0,1,0,0,1,1,0,0,0,15,15,1582.3626452704177,3.0,1582.3626452704177
285,3.58351893845611,8.355144739461839,7,2006,2007,0.0,2.0,3.0,0.0,1.0,625,4.0,6.439350371100098,625,7.1316985104669115,2,2.0,5,0,0.0,2.0,2,528,0,54,0,0,0,0,1,0,0,1,0,1,1,1,1,0,1256.4393503711,2.5,632.1316985104669
286,4.356708826689592,9.18881025342582,6,1962,1981,0.0,1.0,2.0,0.0,3.0,912,2.0,6.990256500493881,649,7.45876269238096,1,2.0,7,1,4.0,2.0,2,440,0,0,0,0,0,0,1,0,1,0,1,0,0,0,44,25,1567.9902565004938,1.5,919.458762692381
287,4.248495242049359,9.002824076547672,4,1971,1971,0.0,1.0,2.0,0.0,4.0,858,2.0,6.755768921984255,0,6.755768921984255,1,1.0,5,0,0.0,0.0,0,0,0,0,0,0,0,0,1,0,1,0,0,0,0,0,35,35,864.7557689219842,1.0,864.7557689219842
288,4.248495242049359,9.192176401348512,5,1967,1967,3.4657359027997265,1.0,2.0,0.0,4.0,882,2.0,6.803505257608338,0,6.803505257608338,1,1.0,5,0,0.0,1.0,1,280,0,0,0,0,0,0,0,0,1,0,0,1,0,0,43,43,888.8035052576083,1.0,888.8035052576083
289,4.110873864173311,9.074635189810808,6,1915,2003,0.0,1.0,2.0,0.0,1.0,698,4.0,6.54965074223381,698,7.242082359256962,1,1.0,7,0,0.0,1.0,1,384,0,0,0,0,0,0,1,0,0,0,0,1,0,0,92,4,1402.5496507422338,1.0,705.242082359257
290,4.795790545596741,9.655795128300506,8,2006,2006,0.0,2.0,3.0,2.0,1.0,1079,4.0,6.984716320118266,840,7.560080465021827,2,2.0,8,1,4.0,2.0,2,685,0,51,0,0,1,1,1,0,0,1,1,0,1,1,0,0,1925.9847163201182,2.5,1086.5600804650219
291,4.02535169073515,8.646113971483077,5,1912,2000,0.0,1.0,2.0,0.0,3.0,780,4.0,6.842683282238422,780,7.448333860897476,2,0.0,9,0,0.0,0.0,0,0,0,184,0,0,1,1,1,0,0,1,0,0,0,0,96,8,1566.8426832822383,3.0,787.4483338608975
292,4.110873864173311,9.342245442856122,5,1949,2008,0.0,1.0,2.0,0.0,2.0,768,3.0,7.046647277848756,568,7.448333860897476,1,1.0,8,1,4.0,1.0,1,281,0,0,0,0,0,0,1,0,1,0,1,0,0,0,60,1,1343.0466472778487,1.5,775.4483338608975
293,4.248495242049359,9.720765915720834,7,1977,1994,3.5553480614894135,1.0,2.0,0.0,5.0,795,1.0,7.292337176173877,795,7.724888439323074,2,2.0,9,1,3.0,3.0,2,539,0,250,0,0,0,0,0,0,1,0,1,0,0,0,29,12,1597.292337176174,3.5,802.7248884393231
294,4.394449154672439,9.169622538697624,6,1953,1953,5.476463551931511,1.0,2.0,0.0,6.0,1416,2.0,7.405495663199472,0,7.405495663199472,1,1.0,7,2,4.0,3.0,2,418,110,0,0,0,0,0,0,1,1,0,1,0,0,0,56,56,1423.4054956631994,2.0,1423.4054956631994
295,3.6375861597263857,8.97941663334301,6,1984,1984,0.0,1.0,2.0,2.0,6.0,1003,2.0,6.911747300251674,0,6.911747300251674,1,1.0,6,0,0.0,1.0,2,588,120,0,0,0,0,0,1,0,1,0,0,1,0,0,22,22,1009.9117473002517,2.0,1009.9117473002517
296,4.330733340286331,9.525953709356655,5,1950,1950,0.0,1.0,2.0,0.0,4.0,910,2.0,6.814542897259958,648,7.351799869057777,1,1.0,6,0,0.0,1.0,1,282,289,0,0,0,0,0,1,0,1,0,1,0,0,0,57,57,1564.8145428972598,1.5,917.3517998690578
297,4.204692619390966,8.909235279192261,7,1997,1998,7.3783837129967145,2.0,3.0,0.0,4.0,975,4.0,6.883462586413092,975,7.576097340623111,2,2.0,7,1,3.0,2.0,2,576,0,10,0,0,1,1,0,0,0,1,0,1,0,0,10,9,1956.883462586413,2.5,982.5760973406232
298,4.51085950651685,9.367429587218957,6,1968,1968,5.902633333401366,2.0,2.0,0.0,5.0,702,3.0,6.948897222313312,702,7.463936604468925,1,1.0,7,1,4.0,1.0,2,539,224,0,0,0,0,0,0,0,1,0,1,0,0,0,39,39,1410.9488972223135,2.5,709.4639366044689
299,4.394449154672439,9.546884034617925,6,1950,2004,0.0,1.0,2.0,0.0,1.0,1092,4.0,7.050122520269059,0,7.050122520269059,1,2.0,6,1,4.0,1.0,1,300,0,36,0,0,0,0,1,0,1,0,1,0,0,0,59,5,1099.050122520269,1.5,1099.050122520269
300,4.51085950651685,9.664659134301736,5,1953,1953,4.04305126783455,1.0,2.0,1.0,4.0,1165,2.0,7.198183577101943,0,7.198183577101943,1,1.0,5,2,4.0,1.0,1,375,0,0,0,0,0,0,0,0,1,0,1,0,0,0,53,53,1172.1981835771019,2.0,1172.1981835771019
301,4.204692619390966,9.694431800539537,8,1998,1999,0.0,2.0,3.0,0.0,6.0,1028,4.0,7.099201743553092,1242,7.8050670442584895,2,2.0,9,1,3.0,3.0,2,683,208,50,0,0,1,1,1,0,0,1,0,0,0,0,9,8,2277.099201743553,2.5,1035.8050670442585
302,4.77912349311153,9.525516008736886,7,2001,2002,5.017279836814924,2.0,3.0,0.0,1.0,1541,4.0,7.340835554123275,0,7.340835554123275,2,2.0,6,1,3.0,2.0,3,843,468,81,0,0,1,1,0,0,0,1,1,0,0,0,5,4,1548.3408355541233,2.0,1548.3408355541233
303,4.2626798770413155,9.19023970026918,5,1972,1972,0.0,1.0,2.0,0.0,5.0,894,2.0,6.796823718274855,0,6.796823718274855,1,1.0,5,0,0.0,1.0,2,552,256,0,0,0,1,1,1,0,0,1,1,0,0,0,34,34,900.7968237182748,2.0,900.7968237182748
304,4.477336814478207,9.819399172153842,7,1880,2002,0.0,1.0,2.0,0.0,1.0,1470,4.0,7.424165281042028,1818,8.158802490694002,3,2.0,10,1,5.0,1.0,3,870,302,0,0,0,0,0,1,0,0,0,1,0,0,0,128,6,3295.424165281042,3.0,1478.158802490694
305,4.394449154672439,9.248310303227811,8,2004,2005,5.5093883366279774,2.0,3.0,0.0,6.0,2000,4.0,7.601402334583733,0,7.601402334583733,2,2.0,8,0,0.0,3.0,3,888,168,0,0,0,0,0,0,1,0,1,1,0,0,0,3,2,2007.6014023345838,3.0,2007.6014023345838
306,4.762173934797756,9.508591395777199,7,1990,1991,5.5093883366279774,2.0,3.0,0.0,5.0,700,3.0,7.023758954738443,1121,7.716015266642587,2,2.0,8,1,3.0,2.0,3,746,127,44,0,0,0,0,0,0,1,0,1,0,0,0,17,16,1828.0237589547385,3.5,707.7160152666426
307,4.248495242049359,8.97727273946428,6,1920,1950,0.0,1.0,2.0,0.0,1.0,319,2.0,6.943122422819428,371,7.249215057114389,1,0.0,6,0,0.0,0.0,0,0,0,144,0,0,0,0,1,0,1,0,0,0,0,0,88,58,696.9431224228194,1.0,326.2492150571144
308,4.248495242049359,9.42084437974393,4,1940,1950,0.0,1.0,2.0,0.0,4.0,861,4.0,6.759255270663693,0,6.759255270663693,1,1.0,4,0,0.0,1.0,2,539,158,0,0,0,1,1,1,0,1,0,0,1,0,0,69,59,867.7592552706637,1.0,867.7592552706637
309,4.51085950651685,9.42375676753181,9,2003,2004,0.0,2.0,4.0,3.0,6.0,1896,4.0,7.573017256052546,0,7.573017256052546,2,3.0,8,3,5.0,3.0,3,708,208,175,0,1,1,1,1,0,0,1,1,0,0,0,3,2,1903.5730172560525,3.0,1903.5730172560525
310,4.248495242049359,8.94715577112479,6,1993,1994,4.727387818712341,1.0,3.0,0.0,5.0,697,3.0,6.548219102762372,804,7.31455283232408,2,2.0,6,1,3.0,3.0,2,420,190,63,0,0,0,0,0,0,0,1,1,0,0,0,13,12,1507.5482191027622,2.5,704.3145528323241
311,3.9318256327243257,8.987321812850125,6,1948,2002,0.0,1.0,2.0,0.0,5.0,972,4.0,6.880384082186005,0,6.880384082186005,1,1.0,5,1,4.0,1.0,1,240,0,0,0,0,1,1,1,0,1,0,0,1,0,0,61,7,978.880384082186,2.0,978.880384082186
312,4.189654742026425,8.962007209588313,5,1939,1950,0.0,1.0,3.0,1.0,3.0,793,2.0,6.677083461247136,325,7.020190708311925,1,1.0,5,1,4.0,1.0,2,410,0,0,0,0,0,0,1,0,1,0,0,1,0,0,67,56,1124.677083461247,2.0,800.0201907083119
313,5.017279836814924,12.279536839074337,7,1965,1965,0.0,1.0,3.0,3.0,5.0,2136,2.0,7.619233416226805,0,7.619233416226805,2,1.0,8,2,4.0,2.0,2,513,0,0,0,0,0,0,1,0,1,0,1,0,0,0,44,44,2143.619233416227,4.0,2143.619233416227
314,4.110873864173311,9.169622538697624,7,1925,1990,0.0,1.0,2.0,0.0,2.0,728,4.0,6.725033642166843,809,7.403670290012373,1,3.0,6,1,4.0,1.0,2,546,0,0,0,0,0,0,1,0,0,0,0,1,0,0,81,16,1543.7250336421669,2.0,735.4036702900124
315,4.276666119016055,8.961366060627451,7,2004,2005,0.0,2.0,3.0,0.0,6.0,716,4.0,6.57507584059962,716,7.267525427828172,2,2.0,6,1,4.0,3.0,2,432,100,51,0,0,1,1,1,0,0,1,1,0,0,0,5,4,1438.5750758405998,3.5,723.2675254278282
316,4.553876891600541,9.473166068429098,7,1980,1980,5.631211781821365,2.0,3.0,0.0,6.0,845,2.0,7.050989447068045,1200,7.763871287820222,2,3.0,10,1,3.0,2.0,2,484,288,195,0,0,0,0,0,0,1,0,1,0,0,0,29,29,2052.050989447068,3.5,852.7638712878202
317,4.330733340286331,9.105090961257085,8,2006,2006,0.0,2.0,3.0,2.0,1.0,1088,4.0,6.9930151229329605,871,7.580699752224563,2,2.0,8,1,4.0,2.0,3,1025,208,46,0,0,1,1,1,0,0,1,1,0,0,0,1,1,1965.993015122933,2.5,1095.5806997522245
318,4.51085950651685,9.200391041122515,7,1993,1993,5.54907608489522,2.0,3.0,3.0,6.0,1347,4.0,7.224753405767971,1274,7.881182202227102,2,2.0,9,1,3.0,2.0,3,656,340,60,1,0,0,0,0,0,0,1,1,0,0,0,16,16,2628.224753405768,3.5,1354.8811822022271
319,4.248495242049359,9.55506418479516,7,1980,1980,5.420534999272286,1.0,3.0,2.0,6.0,1372,2.0,7.29505641646263,0,7.29505641646263,2,1.0,6,2,3.0,1.0,2,588,233,48,0,0,0,0,0,0,1,0,1,0,0,0,29,29,1379.2950564164626,3.0,1379.2950564164626
320,4.718498871295094,9.696463383101802,9,2006,2006,5.916202062607435,1.0,4.0,2.0,1.0,1249,4.0,7.1308988302963465,1347,7.862112211662748,3,2.0,9,0,0.0,2.0,3,840,240,154,0,1,1,1,0,1,0,1,1,0,1,1,0,0,2603.1308988302962,3.5,1256.8621122116629
321,4.605170185988092,9.400960731584833,8,2004,2004,5.963579343618446,2.0,4.0,2.0,6.0,1136,4.0,7.036148493750536,1332,7.81156848934518,2,2.0,10,1,4.0,3.0,3,872,184,154,0,1,1,1,0,0,0,1,0,0,0,0,3,3,2475.0361484937503,3.5,1143.8115684893453
322,4.465908118654584,9.247732491193245,7,1986,1987,5.153291594497779,2.0,2.0,3.0,2.0,1502,4.0,7.348587530927593,1177,7.912423121473705,2,2.0,8,1,3.0,3.0,2,576,201,96,0,0,0,0,0,0,1,0,1,0,0,0,21,20,2686.3485875309275,3.5,1509.9124231214737
323,3.912023005428146,8.669227347271736,3,1955,2005,0.0,1.0,2.0,0.0,5.0,1162,4.0,7.059617628291383,0,7.059617628291383,1,1.0,6,0,0.0,1.0,1,220,142,98,0,0,1,1,1,0,1,0,1,0,0,0,51,1,1169.0596176282913,2.0,1169.0596176282913
324,4.574710978503383,9.330431852234003,7,1967,2007,5.707110264748875,2.0,3.0,0.0,1.0,710,4.0,7.549082710812286,1080,7.999342952713282,2,2.0,11,1,4.0,3.0,2,564,240,0,0,0,0,0,0,0,1,0,0,0,0,0,43,3,1797.5490827108124,2.5,717.9993429527133
325,3.9318256327243257,8.517393171418904,5,1941,1950,0.0,1.0,2.0,2.0,4.0,720,0.0,6.6895992691789665,0,6.6895992691789665,1,1.0,5,0,0.0,1.0,2,360,0,0,0,0,0,0,1,0,1,0,0,1,0,0,66,57,726.689599269179,1.0,726.689599269179
326,3.4965075614664802,9.291643823040218,8,1993,1993,0.0,2.0,3.0,3.0,6.0,1719,4.0,7.450079569807499,0,7.450079569807499,1,2.0,6,2,4.0,3.0,2,473,122,30,0,0,0,0,1,0,0,1,1,0,0,0,15,15,1726.4500795698075,3.5,1726.4500795698075
327,4.394449154672439,9.358846580275406,6,1960,1960,5.170483995038151,1.0,2.0,0.0,3.0,1383,2.0,7.232733136177615,0,7.232733136177615,1,1.0,7,0,0.0,2.0,1,292,0,45,0,0,0,0,0,0,1,0,1,0,0,0,46,46,1390.2327331361776,1.5,1390.2327331361776
328,4.248495242049359,9.383368881858544,6,1916,1994,0.0,1.0,2.0,0.0,1.0,844,3.0,7.27655640271871,689,7.666221925662725,2,2.0,10,0,0.0,1.0,2,441,0,60,0,0,0,0,1,0,0,0,0,1,0,0,93,15,1540.2765564027186,2.0,851.6662219256627
329,4.110873864173311,8.764521909518802,5,1920,1950,0.0,1.0,2.0,1.0,1.0,596,2.0,6.391917113392602,596,7.084226422097916,1,1.0,6,0,0.0,1.0,1,189,0,0,0,0,0,0,1,0,0,1,0,1,0,0,89,59,1198.3919171133925,1.0,603.0842264220979
330,4.248495242049359,9.270964993792617,5,1964,1964,4.442651256490317,1.0,2.0,0.0,6.0,1728,2.0,7.455298485683291,0,7.455298485683291,2,1.0,10,0,0.0,1.0,1,352,155,0,0,0,0,0,0,0,1,0,0,1,0,0,43,43,1735.4552984856832,2.5,1735.4552984856832
331,4.2626798770413155,9.009080614161977,5,1958,1992,0.0,1.0,2.0,0.0,3.0,1056,1.0,6.963189985870238,0,6.963189985870238,1,1.0,6,0,0.0,2.0,1,308,0,0,0,0,0,0,1,0,1,0,1,0,0,0,49,15,1062.9631899858703,2.0,1062.9631899858703
332,4.454347296253507,9.273878392780171,8,2003,2004,5.6937321388027,2.0,3.0,0.0,6.0,3206,4.0,7.396335293800808,0,7.396335293800808,2,2.0,7,1,4.0,2.0,3,880,0,0,0,1,1,1,0,0,0,1,1,0,0,0,6,5,3213.396335293801,3.0,3213.396335293801
333,4.0943445622221,9.011767474596178,7,2004,2004,4.990432586778736,2.0,3.0,2.0,6.0,1358,4.0,7.214504414151143,0,7.214504414151143,2,2.0,6,1,4.0,2.0,2,484,192,30,0,1,1,1,0,1,0,1,1,0,0,0,4,4,1365.2145044141512,3.0,1365.2145044141512
334,4.0943445622221,9.10974625674048,6,1998,1998,0.0,1.0,3.0,3.0,6.0,943,3.0,6.8501261661455,695,7.40184157874383,2,1.0,7,2,3.0,3.0,2,472,100,38,0,0,1,1,1,0,0,1,1,0,0,0,10,10,1644.8501261661454,3.5,950.4018415787439
335,4.248495242049359,12.011644093954345,5,1965,1965,0.0,1.0,2.0,3.0,5.0,1499,4.0,7.3901814282264295,167,7.488293515159428,2,1.0,7,2,4.0,3.0,2,529,670,0,0,0,0,0,1,0,1,0,1,0,0,0,43,43,1673.3901814282265,4.0,1506.4882935151595
336,4.465908118654584,9.558035114334135,9,2005,2006,5.303304908059076,2.0,4.0,3.0,6.0,1922,4.0,7.56164174558878,0,7.56164174558878,2,2.0,8,1,4.0,3.0,3,676,178,51,0,0,1,1,0,1,0,1,1,0,0,0,2,1,1929.5616417455888,3.0,1929.5616417455888
337,4.2626798770413155,9.119977931895791,7,2002,2003,4.736198448394496,2.0,3.0,2.0,6.0,1536,4.0,7.337587743538596,0,7.337587743538596,2,2.0,7,0,0.0,2.0,2,532,192,74,0,0,1,1,0,0,0,1,1,0,0,0,6,5,1543.3375877435385,3.0,1543.3375877435385
338,4.5217885770490405,9.557187177595935,7,1984,1998,0.0,2.0,3.0,1.0,5.0,1208,4.0,7.3914152346753585,0,7.3914152346753585,2,2.0,8,0,0.0,2.0,2,440,108,45,0,0,0,0,1,0,1,0,1,0,0,0,22,8,1215.3914152346754,3.0,1215.3914152346754
339,4.204692619390966,9.425532393502772,6,1958,1998,5.176149732573829,1.0,2.0,0.0,3.0,1215,2.0,7.103322062526113,0,7.103322062526113,1,1.0,6,0,0.0,1.0,1,297,0,0,0,0,0,0,0,0,1,0,1,0,0,0,51,11,1222.103322062526,1.0,1222.103322062526
340,4.454347296253507,9.56043370454936,8,2002,2002,0.0,2.0,3.0,0.0,1.0,967,4.0,6.901737206656574,915,7.554334823725748,2,2.0,9,0,0.0,3.0,2,431,135,0,0,0,1,1,1,0,0,1,1,0,0,0,8,8,1888.9017372066564,2.5,974.5543348237258
341,4.110873864173311,9.036106025364846,4,1950,1950,0.0,0.0,2.0,0.0,1.0,721,3.0,6.7357800142423265,0,6.7357800142423265,1,1.0,4,0,0.0,1.0,1,294,250,0,0,0,0,0,1,0,1,0,0,0,0,0,59,59,727.7357800142423,1.0,727.7357800142423
342,4.248495242049359,9.053101595549691,3,1949,1950,5.831882477283517,1.0,0.0,0.0,0.0,0,1.0,6.947937068614969,0,6.947937068614969,2,1.0,6,0,0.0,1.0,2,400,0,0,0,0,0,0,0,0,0,0,0,1,0,0,57,56,6.947937068614969,2.0,6.947937068614969
343,4.1588830833596715,9.088172738001974,9,2005,2005,6.424869023905388,3.0,4.0,0.0,6.0,1684,4.0,7.429520842786462,0,7.429520842786462,2,3.0,6,1,5.0,2.0,2,564,495,72,0,1,0,0,0,0,0,1,1,0,0,0,3,3,1691.4295208427864,2.0,1691.4295208427864
344,3.6109179126442243,7.860570785538664,5,1976,1976,0.0,1.0,3.0,0.0,3.0,536,2.0,6.285998094508865,576,7.014814351275545,1,1.0,4,0,0.0,1.0,1,336,182,0,0,0,0,0,1,0,1,0,1,0,0,0,34,34,1118.2859980945088,1.5,543.0148143512755
345,4.189654742026425,8.769662508112274,6,1939,1950,0.0,1.0,2.0,0.0,1.0,972,3.0,6.880384082186005,605,7.363913501405819,1,0.0,6,1,4.0,1.0,1,312,0,0,0,0,0,0,1,0,0,0,0,1,0,0,67,56,1583.880384082186,1.0,979.3639135014058
346,4.248495242049359,9.455088847042777,6,1960,1998,0.0,1.0,2.0,1.0,4.0,958,2.0,6.8658910748834385,0,6.8658910748834385,1,1.0,5,0,0.0,2.0,1,301,0,0,0,0,0,0,1,0,1,0,1,0,0,0,47,9,964.8658910748834,1.0,964.8658910748834
347,4.248495242049359,9.77571099759397,6,1960,1960,3.4339872044851463,1.0,2.0,0.0,4.0,1478,4.0,7.2991214627108,0,7.2991214627108,2,1.0,6,2,4.0,1.0,2,498,0,40,0,0,0,0,0,0,1,0,1,0,0,0,49,49,1485.299121462711,3.0,1485.299121462711
348,3.6109179126442243,7.803435056952168,7,2003,2004,4.672828834461906,2.0,3.0,0.0,6.0,764,4.0,6.639875833826536,862,7.394493107219038,2,2.0,6,0,0.0,2.0,2,474,0,27,0,1,1,0,0,1,0,1,0,0,0,0,5,4,1632.6398758338264,3.5,771.3944931072191
349,4.04305126783455,9.92485757827232,9,2005,2006,6.769641976852503,3.0,4.0,0.0,6.0,1848,4.0,7.522400231387125,880,7.911690520708339,2,3.0,10,2,5.0,3.0,3,706,0,0,0,1,0,0,0,0,0,1,1,0,1,1,1,0,2735.522400231387,3.5,1855.9116905207084
350,4.23410650459726,8.964567702601611,9,2007,2007,5.8944028342648505,3.0,4.0,0.0,1.0,1869,4.0,7.533693709848633,0,7.533693709848633,2,3.0,6,1,4.0,2.0,2,617,210,54,0,1,0,0,0,0,0,1,1,0,1,1,0,0,1876.5336937098486,2.0,1876.5336937098486
351,4.248495242049359,8.570165076182343,7,1986,1986,0.0,1.0,3.0,3.0,6.0,1453,3.0,7.282073658093465,0,7.282073658093465,1,2.0,6,1,3.0,2.0,2,445,0,80,0,0,0,0,1,0,0,1,1,0,0,0,20,20,1460.2820736580934,2.5,1460.2820736580934
352,4.110873864173311,9.114379980830272,5,1941,1950,0.0,1.0,2.0,1.0,2.0,616,2.0,6.424869023905388,495,7.013915474810528,1,1.0,5,0,0.0,1.0,1,200,48,0,0,0,1,1,1,0,1,0,0,1,0,0,67,58,1117.4248690239056,1.5,623.0139154748106
353,4.110873864173311,9.050288983827956,6,1928,2003,0.0,1.0,2.0,0.0,1.0,624,3.0,6.580639137284949,0,6.580639137284949,1,1.0,5,0,0.0,1.0,2,484,106,0,0,0,1,1,1,0,0,0,0,1,0,0,82,7,630.580639137285,1.0,630.580639137285
354,4.110873864173311,9.036106025364846,6,1940,2000,0.0,1.0,2.0,0.0,2.0,940,4.0,7.084226422097916,403,7.3752557780097545,1,1.0,6,2,4.0,1.0,1,240,0,0,0,0,0,0,1,0,1,0,1,0,0,0,66,6,1350.0842264220978,1.0,947.3752557780098
355,4.663439094112067,9.328123407632566,6,1995,1995,0.0,2.0,3.0,0.0,5.0,1200,4.0,7.0909098220799835,0,7.0909098220799835,2,2.0,6,0,0.0,2.0,2,521,0,26,0,0,1,1,1,0,0,1,1,0,0,0,12,12,1207.09090982208,3.0,1207.09090982208
356,4.248495242049359,9.13227071655426,6,1992,1992,4.672828834461906,1.0,3.0,0.0,6.0,1158,3.0,7.0630481633881725,0,7.0630481633881725,2,2.0,6,0,0.0,2.0,2,400,120,26,0,0,0,0,0,0,0,1,1,0,0,0,17,17,1165.0630481633882,3.0,1165.0630481633882
357,3.8066624897703196,8.348774539791274,5,1976,1976,0.0,1.0,3.0,0.0,5.0,1142,2.0,7.04141166379481,0,7.04141166379481,1,1.0,6,1,1.0,3.0,2,528,536,90,0,0,0,0,1,0,0,1,1,0,0,0,31,31,1149.0414116637949,2.5,1149.0414116637949
358,4.532599493153256,8.843759381917984,5,1958,1958,4.795790545596741,1.0,2.0,2.0,4.0,1062,4.0,7.210079628170788,0,7.210079628170788,1,2.0,6,0,0.0,1.0,1,288,168,0,0,0,0,0,0,0,1,0,0,0,0,0,48,48,1069.210079628171,1.5,1069.210079628171
359,4.3694478524670215,9.39366142910322,8,1998,1998,6.274762021241939,2.0,3.0,2.0,6.0,1086,4.0,6.99117688712121,838,7.562681246721884,2,2.0,7,1,3.0,2.0,2,592,208,75,1,0,1,1,0,0,0,1,1,0,0,0,8,8,1930.9911768871211,3.5,1093.562681246722
360,4.248495242049359,8.928110078202646,6,1978,1978,0.0,1.0,3.0,2.0,6.0,888,4.0,6.816735880594968,0,6.816735880594968,1,1.0,5,1,3.0,2.0,2,470,0,0,0,0,1,1,1,0,1,0,1,0,0,0,29,29,894.8167358805949,2.0,894.8167358805949
361,4.248495242049359,9.120962560824966,5,1940,1982,0.0,1.0,2.0,0.0,3.0,883,3.0,6.8966943316227125,517,7.317212408359839,1,1.0,8,0,0.0,1.0,1,240,0,0,0,0,0,0,1,0,1,0,0,1,0,0,68,26,1406.8966943316227,2.0,890.3172124083599
362,4.174387269895637,8.895903562215581,7,2003,2003,6.2166061010848646,2.0,0.0,0.0,0.0,0,4.0,6.206575926724928,1427,7.56164174558878,3,2.0,7,1,5.0,2.0,2,672,0,0,0,0,0,0,0,0,0,0,0,0,0,0,6,6,1433.206575926725,3.0,7.56164174558878
363,3.091042453358316,7.427144133408616,6,1972,2007,6.236369590203704,1.0,2.0,0.0,5.0,483,3.0,6.182084906716632,504,6.895682697747868,1,2.0,5,0,0.0,1.0,1,264,250,0,0,0,0,0,0,0,1,0,0,1,0,0,37,2,993.1820849067167,1.5,489.8956826977479
364,4.248495242049359,9.841665338892785,6,1976,1976,4.795790545596741,1.0,3.0,1.0,6.0,796,2.0,6.673297967767654,784,7.362010551259734,2,1.0,6,1,3.0,3.0,2,566,306,111,0,0,0,0,0,0,0,1,1,0,0,0,30,30,1586.6732979677677,3.5,803.3620105512597
365,4.0943445622221,9.2771575450135,5,1920,1997,0.0,1.0,2.0,0.0,3.0,672,3.0,6.511745329644728,672,7.20414929203594,1,1.0,6,0,0.0,1.0,1,468,0,128,0,0,1,1,1,0,1,0,0,1,0,0,89,12,1350.5117453296448,1.0,679.2041492920359
366,4.248495242049359,9.15915233520675,6,1963,1963,5.5134287461649825,1.0,3.0,0.0,4.0,1394,3.0,7.240649694255466,0,7.240649694255466,1,1.0,6,2,4.0,2.0,2,514,0,76,0,0,0,0,0,0,1,0,1,0,0,0,46,46,1401.2406496942554,2.5,1401.2406496942554
367,4.624972813284271,9.121618441915379,6,1962,1962,5.723585101952381,1.0,3.0,3.0,6.0,1099,3.0,7.266827347520591,0,7.266827347520591,1,1.0,6,1,4.0,2.0,1,296,64,110,0,0,0,0,0,0,1,0,0,0,0,0,46,46,1106.2668273475206,1.5,1106.2668273475206
368,4.3694478524670215,8.962007209588313,5,1954,1954,5.303304908059076,1.0,2.0,0.0,2.0,1268,3.0,7.1459844677143876,0,7.1459844677143876,1,1.0,7,1,4.0,3.0,1,244,0,98,0,0,0,0,0,0,0,1,1,0,0,0,56,56,1275.1459844677145,1.0,1275.1459844677145
369,4.248495242049359,9.193295937366925,5,1959,2006,0.0,1.0,2.0,0.0,5.0,1063,4.0,7.160845906664299,0,7.160845906664299,1,2.0,7,1,4.0,3.0,2,576,364,17,0,0,0,0,1,0,1,0,0,1,0,0,51,4,1070.1608459066642,2.0,1070.1608459066642
370,4.248495242049359,9.002331708246244,6,2000,2000,0.0,1.0,3.0,0.0,1.0,953,4.0,6.860663671448287,711,7.417580402414544,2,1.0,7,1,3.0,2.0,2,460,100,40,0,0,1,1,1,0,0,1,1,0,0,0,6,6,1670.8606636714483,2.5,960.4175804024145
371,4.394449154672439,9.748061059204817,4,1959,1959,0.0,1.0,0.0,0.0,0.0,0,2.0,7.02197642307216,468,7.370860166536716,2,1.0,7,1,4.0,3.0,2,680,0,59,0,0,0,0,1,0,1,0,0,1,0,0,49,49,475.02197642307215,2.0,7.370860166536716
372,3.9318256327243257,8.878497403738631,6,1984,1984,0.0,1.0,3.0,0.0,5.0,744,2.0,6.6240652277998935,0,6.6240652277998935,1,1.0,4,0,0.0,1.0,1,264,353,0,0,0,0,0,1,0,1,0,1,0,0,0,26,26,750.6240652277999,2.0,750.6240652277999
373,4.382026634673881,9.271905727634337,5,1953,1953,0.0,1.0,2.0,0.0,4.0,608,2.0,7.1853870155804165,0,7.1853870155804165,1,1.0,5,0,0.0,1.0,1,270,66,0,0,0,0,0,1,0,0,1,1,0,0,0,56,56,615.1853870155804,2.0,615.1853870155804
374,4.189654742026425,9.012011377036412,7,2003,2004,0.0,2.0,3.0,0.0,1.0,847,4.0,6.742880635791903,1081,7.564757012905729,2,2.0,8,1,4.0,3.0,2,434,100,48,0,0,1,1,1,0,0,1,0,0,0,0,4,3,1934.742880635792,2.5,854.5647570129057
375,4.248495242049359,9.212438170058329,1,1922,1950,0.0,0.0,1.0,3.0,4.0,683,3.0,6.807934943699926,0,6.807934943699926,0,0.0,4,0,0.0,0.0,0,0,0,0,0,0,0,0,1,0,0,0,0,0,0,0,87,59,689.8079349436999,1.5,689.8079349436999
376,4.060443010546419,9.087833697483386,5,1996,1996,0.0,2.0,3.0,2.0,6.0,870,4.0,6.818924065275521,0,6.818924065275521,1,1.0,5,0,0.0,1.0,2,576,0,0,0,0,1,1,1,0,0,1,0,1,0,0,10,10,876.8189240652755,1.0,876.8189240652755
377,4.634728988229636,9.318656515459642,8,2004,2005,0.0,2.0,3.0,0.0,1.0,1580,4.0,7.365812837209472,886,7.810758116529357,3,2.0,8,1,4.0,2.0,2,610,159,214,0,0,0,0,1,0,0,1,1,0,0,0,3,2,2473.3658128372094,3.0,1587.8107581165293
378,4.48863636973214,9.340929941679784,9,2010,2010,5.860786223465865,2.0,4.0,2.0,6.0,1856,4.0,7.526717561352706,0,7.526717561352706,1,3.0,8,1,5.0,3.0,3,834,113,0,0,0,1,1,0,1,0,1,1,0,1,1,0,0,1863.5267175613526,2.5,1863.5267175613526
379,4.110873864173311,9.002577922700276,6,2000,2000,2.833213344056216,1.0,3.0,0.0,1.0,982,4.0,6.915723448631314,793,7.496097345175956,2,1.0,7,1,3.0,3.0,2,463,100,63,0,0,1,1,0,0,0,1,1,0,0,0,9,9,1781.9157234486313,2.5,989.4960973451759
380,3.9318256327243257,8.517393171418904,5,1924,1950,0.0,1.0,2.0,0.0,2.0,1026,2.0,6.934397209928558,665,7.433666540166168,2,2.0,6,1,4.0,1.0,1,308,0,0,0,0,0,0,1,0,0,0,0,1,0,0,86,60,1697.9343972099286,2.0,1033.433666540166
381,4.110873864173311,8.881975184248867,7,2006,2006,0.0,2.0,3.0,0.0,1.0,1293,4.0,7.171656822768514,0,7.171656822768514,2,2.0,5,1,4.0,2.0,2,572,216,121,0,0,1,1,1,0,0,1,1,0,1,1,0,0,1300.1716568227685,3.0,1300.1716568227685
382,4.382026634673881,9.13194630454817,7,2006,2006,0.0,2.0,3.0,2.0,1.0,939,4.0,6.84587987526405,858,7.494430215031565,2,2.0,8,0,0.0,2.0,2,639,144,53,0,0,1,1,1,0,0,1,1,0,0,0,1,1,1803.845879875264,2.5,946.4944302150316
383,4.110873864173311,9.105090961257085,6,1928,1950,0.0,1.0,1.0,0.0,1.0,784,2.0,6.665683717782408,0,6.665683717782408,1,1.0,5,0,0.0,1.0,2,360,0,0,0,0,0,0,1,0,0,0,0,1,0,0,81,59,790.6656837177824,1.0,790.6656837177824
384,4.248495242049359,10.880082855015793,6,1992,1992,0.0,2.0,3.0,2.0,6.0,1580,4.0,6.984716320118266,874,7.577633832602728,2,2.0,9,2,2.0,3.0,2,501,216,231,0,0,0,0,1,0,0,1,1,0,0,0,15,15,2460.9847163201184,3.5,1587.5776338326027
385,3.784189633918261,8.065579427282092,8,2004,2005,2.833213344056216,2.0,3.0,0.0,6.0,1256,4.0,7.146772179452637,0,7.146772179452637,2,2.0,6,1,3.0,3.0,2,430,146,20,0,0,1,1,0,0,0,1,1,0,0,0,6,5,1263.1467721794527,2.0,1263.1467721794527
386,4.07753744390572,9.037295651962438,5,1910,1996,0.0,1.0,2.0,0.0,1.0,658,2.0,6.490723534502507,526,7.077498053569231,1,1.0,8,0,0.0,0.0,0,0,0,151,0,0,0,1,1,0,0,1,0,0,0,0,96,10,1190.4907235345026,1.0,665.0774980535692
387,4.290459441148391,8.881975184248867,6,1976,1976,5.545177444479562,1.0,2.0,2.0,5.0,1041,4.0,7.026426808699636,0,7.026426808699636,1,1.0,6,1,2.0,1.0,1,352,296,0,0,0,0,0,0,0,1,0,0,1,0,0,33,33,1048.0264268086996,2.0,1048.0264268086996
388,4.543294782270004,9.146654820290049,7,1999,2000,4.836281906951478,2.0,3.0,0.0,1.0,1468,4.0,7.299797366758161,0,7.299797366758161,2,2.0,6,0,0.0,2.0,2,577,120,25,0,0,1,1,0,0,0,1,1,0,0,0,9,8,1475.2997973667582,2.0,1475.2997973667582
389,4.574710978503383,9.431481920619719,10,2007,2008,5.60947179518496,3.0,4.0,2.0,6.0,1682,4.0,7.463363045520021,590,7.75491027202143,2,3.0,9,1,5.0,3.0,3,846,196,134,0,1,1,1,0,1,0,1,0,0,1,1,1,0,2279.46336304552,3.5,1689.7549102720213
390,3.9318256327243257,9.036701015565063,5,1900,1950,0.0,1.0,2.0,0.0,3.0,861,4.0,6.8690144506657065,406,7.221105098182496,1,1.0,7,0,0.0,1.0,1,384,0,130,0,0,0,0,1,0,0,0,0,1,0,0,108,58,1273.8690144506659,2.0,868.2211050981825
391,4.276666119016055,9.41001056710475,6,2001,2002,0.0,1.0,4.0,0.0,5.0,804,4.0,6.690842277418564,1157,7.581719640125308,2,2.0,7,1,3.0,3.0,2,560,125,192,0,0,1,1,1,0,0,1,0,0,0,0,8,7,1967.6908422774186,3.5,811.5817196401254
392,4.248495242049359,9.028818495352793,5,1959,1959,0.0,1.0,0.0,0.0,0.0,0,2.0,6.78332520060396,0,6.78332520060396,1,1.0,5,0,0.0,2.0,1,294,0,0,0,0,0,0,1,0,0,0,1,0,0,0,48,48,6.78332520060396,1.0,6.78332520060396
393,4.248495242049359,8.915566545710645,4,1941,1950,0.0,1.0,2.0,0.0,3.0,788,2.0,6.670766320845874,0,6.670766320845874,1,1.0,4,2,3.0,0.0,0,0,0,0,0,0,0,0,1,0,1,0,0,0,0,0,65,56,794.6707663208459,1.0,794.6707663208459
394,4.110873864173311,9.2237500588861,5,1940,1950,0.0,1.0,2.0,0.0,1.0,735,3.0,6.601230118728877,299,6.942156705699469,1,1.0,5,0,0.0,1.0,1,240,0,39,0,0,0,0,1,0,1,0,0,1,0,0,67,57,1040.6012301187288,1.0,741.9421567056995
395,4.23410650459726,9.166597449028265,5,1956,1956,0.0,1.0,2.0,2.0,4.0,1144,2.0,7.0431599159883405,0,7.0431599159883405,1,1.0,6,0,0.0,1.0,1,596,44,0,0,0,0,0,1,0,1,0,1,0,0,0,54,54,1151.0431599159883,2.0,1151.0431599159883
396,4.110873864173311,8.881975184248867,5,1972,1972,0.0,1.0,2.0,2.0,3.0,894,2.0,6.796823718274855,0,6.796823718274855,1,1.0,6,0,0.0,2.0,2,600,215,0,0,0,0,0,1,0,1,0,0,1,0,0,37,37,900.7968237182748,1.0,900.7968237182748
397,4.248495242049359,8.934718614016768,5,1962,1962,5.666426688112432,1.0,2.0,0.0,5.0,864,2.0,6.776506992372183,936,7.502738210754851,2,1.0,8,1,3.0,2.0,1,264,0,168,0,0,1,1,0,0,1,0,1,0,0,0,45,45,1806.776506992372,2.0,871.5027382107548
398,4.110873864173311,9.101417964751995,5,1920,1950,0.0,1.0,1.0,0.0,1.0,961,3.0,6.982862751468942,0,6.982862751468942,1,1.0,6,0,0.0,1.0,1,338,0,0,0,0,0,0,1,0,0,0,0,1,0,0,87,57,967.9828627514689,1.0,967.9828627514689
399,4.189654742026425,9.002824076547672,7,2006,2007,4.61512051684126,2.0,3.0,0.0,6.0,1092,4.0,7.014814351275545,438,7.346655163176539,2,2.0,7,0,0.0,3.0,2,438,0,168,0,0,0,0,0,1,0,1,1,0,0,0,3,2,1537.0148143512756,3.0,1099.3466551631766
400,3.6635616461296463,9.613402595468036,8,1996,1996,0.0,2.0,3.0,0.0,6.0,1260,4.0,7.161622002939187,0,7.161622002939187,1,3.0,4,2,4.0,3.0,2,500,120,30,0,0,0,0,1,0,0,1,1,0,0,0,12,12,1267.161622002939,2.5,1267.161622002939
401,4.189654742026425,9.078864009187797,7,2005,2005,0.0,2.0,3.0,2.0,6.0,1310,4.0,7.1785454837637,0,7.1785454837637,2,2.0,6,1,4.0,3.0,2,400,0,0,0,0,1,1,1,0,0,1,1,0,1,1,1,1,1317.1785454837636,2.0,1317.1785454837636
402,4.110873864173311,9.23024103368252,5,1940,1997,0.0,1.0,2.0,0.0,1.0,672,4.0,6.511745329644728,0,6.511745329644728,1,1.0,4,0,0.0,1.0,1,240,168,0,0,0,0,0,1,0,0,1,0,1,0,0,68,11,678.5117453296448,1.0,678.5117453296448
403,4.543294782270004,9.400216653174247,8,1998,1998,6.478509642208569,2.0,3.0,0.0,1.0,1141,3.0,7.061334366910438,1098,7.724888439323074,2,2.0,10,1,3.0,3.0,2,420,144,123,1,0,1,1,0,0,0,1,0,0,0,0,8,8,2246.06133436691,2.5,1148.724888439323
404,4.248495242049359,9.24619002486988,6,1995,1996,0.0,1.0,3.0,0.0,1.0,806,3.0,6.693323668269949,766,7.360739903058278,2,1.0,7,1,3.0,3.0,2,373,0,40,0,0,0,0,1,0,0,1,0,0,0,0,12,11,1578.6933236682698,2.5,813.3607399030583
405,4.248495242049359,9.209540051805414,4,1976,1993,0.0,1.0,2.0,0.0,4.0,1281,4.0,7.390798521735676,0,7.390798521735676,2,1.0,8,1,3.0,1.0,2,490,120,78,0,0,0,0,1,0,1,0,1,0,0,0,33,16,1288.3907985217356,3.0,1288.3907985217356
406,3.9512437185814275,9.257319373170178,6,1936,1950,0.0,1.0,2.0,0.0,1.0,1064,4.0,7.062191632286556,0,7.402451520818244,1,1.0,6,0,0.0,1.0,1,240,0,0,0,0,0,0,1,0,0,0,0,1,0,0,72,58,1071.0621916322866,1.0,1071.4024515208182
407,4.1588830833596715,9.653550746326605,6,1915,1976,0.0,1.0,3.0,0.0,1.0,840,4.0,6.734591659972948,840,7.427144133408616,2,1.0,8,0,0.0,1.0,1,308,0,0,0,0,0,0,1,0,0,0,1,0,0,0,93,32,1686.734591659973,2.0,847.4271441334087
408,4.700480365792417,9.557823197546,7,2006,2006,5.860786223465865,2.0,4.0,0.0,1.0,1063,4.0,6.977281341630747,1101,7.6838639802564295,2,2.0,9,1,4.0,2.0,3,947,192,62,0,1,1,1,0,0,0,1,1,0,1,1,1,1,2170.9772813416307,2.5,1070.6838639802563
409,4.454347296253507,9.287394001418473,8,2007,2008,4.61512051684126,2.0,4.0,0.0,6.0,1034,4.0,6.957497370876951,1028,7.639642287858013,2,3.0,8,1,4.0,3.0,3,836,0,102,0,0,1,1,0,1,0,1,1,0,1,1,1,0,2068.957497370877,3.5,1041.6396422878581
410,4.23410650459726,9.166597449028265,5,1958,1958,0.0,1.0,2.0,0.0,1.0,1276,2.0,7.152268856032539,0,7.152268856032539,1,1.0,5,0,0.0,1.0,1,350,0,0,0,0,0,0,1,0,1,0,1,0,0,0,51,51,1283.1522688560326,1.0,1283.1522688560326
411,4.61512051684126,10.453081864230466,5,1955,1955,0.0,1.0,2.0,1.0,3.0,1056,2.0,6.963189985870238,0,6.963189985870238,1,1.0,5,0,0.0,3.0,2,572,264,0,0,0,0,0,1,0,1,0,1,0,0,0,51,51,1062.9631899858703,2.0,1062.9631899858703
412,4.248495242049359,8.390268497842571,7,2009,2009,6.07073772800249,3.0,4.0,2.0,6.0,1470,4.0,7.2991214627108,0,7.2991214627108,2,2.0,7,1,4.0,3.0,2,484,0,144,0,0,0,0,0,1,0,1,1,0,1,1,1,1,1477.299121462711,3.5,1477.299121462711
413,4.04305126783455,9.10063710688422,5,1927,1950,0.0,1.0,2.0,0.0,1.0,1008,3.0,6.9363427358340495,0,6.9363427358340495,1,1.0,5,1,4.0,1.0,2,360,0,0,0,0,0,0,1,0,1,0,0,1,0,0,83,60,1014.936342735834,1.0,1014.936342735834
414,4.0943445622221,9.326254996572539,7,1993,1993,0.0,2.0,3.0,0.0,4.0,1080,4.0,6.985641817639208,1017,7.6487397889562425,2,2.0,9,1,3.0,1.0,3,678,196,187,0,0,1,1,1,0,0,1,1,0,0,0,15,15,2103.985641817639,3.0,1087.6487397889562
415,4.30406509320417,9.093806555720231,7,2007,2007,0.0,2.0,3.0,2.0,6.0,1340,4.0,7.201170883281678,0,7.201170883281678,2,2.0,6,0,0.0,3.0,2,396,100,30,0,0,1,1,1,0,0,1,1,0,1,1,0,0,1347.2011708832817,2.0,1347.2011708832817
416,4.31748811353631,8.967631665167133,6,1978,1978,5.318119993844216,1.0,2.0,0.0,5.0,672,2.0,6.511745329644728,728,7.244941546337007,1,1.0,6,1,3.0,3.0,2,440,0,0,0,0,0,0,0,0,1,0,1,0,0,0,28,28,1406.5117453296448,1.5,679.244941546337
417,4.465908118654584,10.017753298664472,6,1918,1950,0.0,1.0,3.0,0.0,4.0,1370,2.0,7.223295679562314,1254,7.872836175025724,2,1.0,10,1,4.0,1.0,3,864,0,0,0,0,0,0,1,0,0,0,0,1,0,0,89,57,2631.2232956795624,3.5,1377.8728361750257
418,4.110873864173311,9.007121989469242,5,1940,1950,0.0,1.0,2.0,0.0,5.0,756,1.0,6.6293632534374485,378,7.034387929915503,1,1.0,7,0,0.0,1.0,1,240,0,0,0,0,0,0,1,0,0,0,0,1,0,0,67,57,1140.6293632534375,2.5,763.0343879299155
419,4.189654742026425,9.042040056544483,5,1968,1968,0.0,1.0,2.0,0.0,4.0,1056,4.0,6.963189985870238,0,6.963189985870238,1,1.0,6,1,2.0,1.0,1,304,0,85,0,0,1,1,1,0,1,0,1,0,0,0,42,42,1062.9631899858703,2.0,1062.9631899858703
420,4.3694478524670215,8.862341963516347,7,1997,1998,5.303304908059076,1.0,3.0,3.0,6.0,1344,4.0,7.20414929203594,0,7.20414929203594,2,1.0,8,0,0.0,3.0,4,784,0,0,0,0,1,1,0,0,0,1,1,0,0,0,11,10,1351.204149292036,4.0,1351.204149292036
421,4.248495242049359,9.719324300862802,6,1977,2000,4.844187086458591,2.0,3.0,0.0,5.0,1602,3.0,7.3796321526095525,0,7.3796321526095525,2,2.0,8,1,3.0,3.0,2,529,240,0,0,0,0,0,0,1,1,0,1,0,0,0,32,9,1609.3796321526095,2.5,1609.3796321526095
422,4.61512051684126,9.987415012471414,5,1954,1954,0.0,1.0,2.0,0.0,1.0,988,4.0,6.8966943316227125,0,6.8966943316227125,1,1.0,4,0,0.0,2.0,2,520,0,0,0,0,0,0,1,0,1,0,1,0,0,0,54,54,994.8966943316227,1.0,994.8966943316227
423,4.394449154672439,9.127067452782361,8,1998,1998,6.161207321695077,2.0,3.0,0.0,6.0,1470,3.0,7.293697720601438,1160,7.875119281040293,2,2.0,8,1,3.0,3.0,3,696,0,66,1,0,1,1,0,0,0,1,1,0,0,0,10,10,2637.2936977206014,3.5,1477.8751192810403
424,4.290459441148391,9.105090961257085,6,1956,1956,4.31748811353631,1.0,3.0,0.0,2.0,1196,3.0,7.087573705557973,0,7.087573705557973,1,1.0,6,1,4.0,2.0,1,297,0,44,0,0,0,0,0,0,1,0,1,0,0,0,52,52,1203.087573705558,2.0,1203.087573705558
425,4.110873864173311,8.12533508671429,7,1946,1992,0.0,1.0,2.0,0.0,1.0,651,3.0,6.56244409369372,682,7.237059026124737,1,1.0,6,2,4.0,1.0,1,240,0,0,0,0,0,0,1,0,1,0,0,1,0,0,63,17,1339.5624440936936,1.5,658.2370590261247
426,4.248495242049359,9.45727857185611,7,1989,1989,4.983606621708336,2.0,3.0,3.0,6.0,1518,3.0,7.405495663199472,0,7.405495663199472,2,2.0,5,1,3.0,3.0,2,569,80,0,0,0,0,0,0,0,0,1,1,0,0,0,20,20,1525.4054956631994,3.5,1525.4054956631994
427,4.356708826689592,9.058819564334941,4,1957,1957,0.0,1.0,2.0,0.0,3.0,907,4.0,6.811244378601294,0,6.811244378601294,1,1.0,5,0,0.0,1.0,1,352,0,0,0,0,0,0,1,0,1,0,0,1,0,0,51,51,913.8112443786013,1.0,913.8112443786013
428,4.174387269895637,8.81922185757494,7,2007,2007,4.6913478822291435,2.0,3.0,0.0,6.0,1208,4.0,7.097548850614793,0,7.097548850614793,2,2.0,6,0,0.0,2.0,2,628,105,54,0,0,1,1,0,0,0,1,1,0,1,1,0,0,1215.0975488506149,3.0,1215.0975488506149
429,4.875197323201151,9.346443454968522,6,1988,1988,0.0,1.0,3.0,1.0,6.0,1392,2.0,7.253470382684528,0,7.253470382684528,2,2.0,6,1,3.0,1.0,2,576,0,0,0,0,0,0,1,0,1,0,1,0,0,0,21,21,1399.2534703826846,3.0,1399.2534703826846
430,3.091042453358316,7.427144133408616,6,1971,1971,5.4510384535657,1.0,2.0,0.0,5.0,483,2.0,6.182084906716632,504,6.895682697747868,1,1.0,4,0,0.0,1.0,1,264,0,0,0,0,0,0,0,0,1,0,0,1,0,0,37,37,993.1820849067167,1.5,489.8956826977479
431,4.110873864173311,8.628197749459149,6,1920,1998,0.0,1.0,2.0,0.0,1.0,901,3.0,6.9930151229329605,110,7.089243155027514,1,1.0,7,0,0.0,0.0,0,0,0,98,0,0,0,0,1,0,0,0,0,0,0,0,88,10,1017.993015122933,1.0,908.0892431550275
432,3.2188758248682006,7.560601162768557,5,1971,1971,5.932245187448011,1.0,2.0,0.0,5.0,765,4.0,6.641182169740591,600,7.2196420401307355,1,1.0,6,0,0.0,1.0,2,440,240,36,0,0,0,0,0,0,1,0,0,1,0,0,36,36,1371.6411821697407,2.5,772.2196420401307
433,4.61512051684126,9.290998274993637,6,1997,1998,0.0,1.0,3.0,0.0,1.0,926,4.0,6.831953565565855,678,7.380879035564116,2,1.0,7,1,3.0,3.0,2,470,0,36,0,0,1,1,1,0,0,1,1,0,0,0,11,10,1610.831953565566,2.5,933.3808790355641
434,3.091042453358316,7.544861068658458,4,1972,1972,0.0,1.0,3.0,2.0,5.0,630,3.0,6.447305862541213,0,6.447305862541213,1,1.0,3,0,0.0,0.0,0,0,88,0,0,0,0,0,1,0,1,0,0,0,0,0,36,36,636.4473058625412,2.0,636.4473058625412
435,3.784189633918261,9.275003885301905,7,1996,1996,0.0,2.0,3.0,2.0,6.0,799,4.0,6.71901315438526,834,7.415776975415394,2,2.0,6,1,3.0,2.0,2,550,158,61,0,0,1,1,1,0,0,1,1,0,0,0,13,13,1639.7190131543853,3.5,806.4157769754154
436,3.713572066704308,8.38958706681109,6,1920,1950,0.0,1.0,1.0,0.0,1.0,648,2.0,6.5998704992128365,384,7.020190708311925,1,1.0,6,0,0.0,1.0,2,440,0,0,0,0,0,0,1,0,0,0,0,1,0,0,86,56,1038.5998704992128,1.0,655.0201907083119
437,3.9318256327243257,8.699681400989514,6,1926,2004,0.0,2.0,2.0,0.0,1.0,884,3.0,6.807934943699926,0,6.807934943699926,1,1.0,4,0,0.0,1.0,1,180,0,0,0,0,0,0,1,0,0,1,0,1,0,0,83,5,890.8079349436999,1.0,890.8079349436999
438,3.713572066704308,8.361941906144946,5,1913,2002,0.0,1.0,2.0,0.0,2.0,440,2.0,6.543911845564792,0,6.543911845564792,1,2.0,4,1,4.0,1.0,1,352,0,0,0,0,0,0,1,0,0,1,0,1,0,0,94,5,446.54391184556476,1.0,446.54391184556476
439,4.219507705176107,9.42181611842271,6,1920,2000,0.0,1.0,2.0,1.0,1.0,684,3.0,6.529418838262226,512,7.087573705557973,1,2.0,7,0,0.0,1.0,2,528,0,46,0,0,0,0,1,0,0,0,0,1,0,0,89,9,1202.5294188382622,1.0,691.0875737055579
440,4.663439094112067,9.644198554585564,10,2008,2008,5.303304908059076,3.0,4.0,3.0,6.0,3094,4.0,7.784473235736469,0,7.784473235736469,2,3.0,10,2,4.0,3.0,3,672,0,72,0,1,1,1,0,1,0,1,1,0,0,0,1,1,3101.7844732357366,3.0,3101.7844732357366
441,4.532599493153256,9.401704256754366,4,1955,1955,5.602118820879701,1.0,2.0,0.0,5.0,1440,2.0,7.273092595999522,0,7.273092595999522,2,0.0,8,0,0.0,0.0,0,0,0,0,0,0,1,1,0,0,1,0,0,0,0,0,53,53,1447.2730925959995,2.0,1447.2730925959995
442,3.970291913552122,8.738895704934043,5,1930,1992,0.0,1.0,2.0,0.0,1.0,1078,2.0,7.029087564149662,445,7.3613754289773485,2,1.0,8,1,4.0,1.0,2,360,0,0,0,0,0,0,1,0,0,1,0,1,0,0,78,16,1530.0290875641497,2.0,1085.3613754289775
443,3.9889840465642745,8.274611946209552,7,2006,2007,4.290459441148391,2.0,4.0,2.0,1.0,1258,4.0,7.138073034044347,0,7.138073034044347,2,2.0,6,1,4.0,3.0,3,648,144,16,0,0,0,0,0,0,0,1,1,0,1,1,1,0,1265.1380730340443,2.0,1265.1380730340443
444,4.2626798770413155,9.076923258535832,7,1994,1995,0.0,2.0,3.0,0.0,6.0,915,4.0,6.839476438228843,975,7.554334823725748,2,2.0,8,1,3.0,1.0,2,493,144,133,0,0,1,1,1,0,0,1,1,0,0,0,14,13,1896.8394764382288,3.5,922.5543348237258
445,4.30406509320417,9.1958356857733,6,1956,1956,0.0,1.0,2.0,0.0,1.0,1436,1.0,7.432483807917119,0,7.432483807917119,1,1.0,7,1,4.0,1.0,2,480,0,0,0,0,0,0,1,0,1,0,1,0,0,0,53,53,1443.4324838079172,1.0,1443.4324838079172
446,4.927253685157205,9.710691327448153,6,1966,2002,0.0,2.0,2.0,0.0,5.0,1517,4.0,7.543802867501509,0,7.543802867501509,2,2.0,6,1,4.0,3.0,2,578,0,0,0,0,0,0,1,0,1,0,1,0,0,0,44,8,1524.5438028675014,2.5,1524.5438028675014
447,4.248495242049359,9.32500744695431,7,1998,1999,0.0,2.0,3.0,0.0,1.0,930,3.0,6.863803391452954,930,7.54274354536855,2,2.0,10,1,3.0,3.0,2,431,89,0,0,0,1,1,1,0,0,1,1,0,0,0,8,7,1866.863803391453,2.5,937.5427435453686
448,3.9318256327243257,9.059633754551479,6,1937,1950,0.0,1.0,2.0,0.0,1.0,780,2.0,6.660575149839686,596,7.227662498728654,2,1.0,7,1,4.0,1.0,1,198,0,0,0,0,0,0,1,0,0,0,0,1,0,0,69,56,1382.6605751498396,2.0,787.2276624987287
449,3.9318256327243257,8.699681400989514,3,1948,2002,0.0,1.0,2.0,0.0,5.0,649,4.0,6.522092798170152,504,7.076653815443951,1,1.0,6,0,0.0,1.0,1,308,0,176,0,0,0,0,1,0,1,0,0,1,0,0,59,5,1159.5220927981702,1.5,656.0766538154439
450,4.2626798770413155,8.645586406184636,6,1930,2005,0.0,1.0,2.0,0.0,1.0,813,4.0,6.70196036600254,0,6.70196036600254,1,2.0,5,0,0.0,1.0,1,270,0,113,0,0,0,0,1,0,0,0,0,1,0,0,76,1,819.7019603660026,1.0,819.7019603660026
451,4.143134726391533,11.167077412430533,7,1975,1975,0.0,1.0,3.0,3.0,5.0,1533,2.0,7.335633981927201,0,7.335633981927201,2,2.0,5,2,3.0,1.0,2,576,200,54,0,0,0,0,1,0,1,0,1,0,0,0,31,31,1540.3356339819272,3.0,1540.3356339819272
452,4.248495242049359,9.1381996941985,6,1996,1997,3.7612001156935624,2.0,4.0,0.0,5.0,872,4.0,6.790097235513905,868,7.471363088187097,2,1.0,7,0,0.0,3.0,2,422,144,122,0,0,1,1,0,0,0,1,1,0,0,0,11,10,1746.790097235514,3.5,879.4713630881871
453,4.330733340286331,9.105090961257085,8,2008,2008,0.0,2.0,3.0,0.0,1.0,768,4.0,6.668228248417403,804,7.372118028337787,2,2.0,6,0,0.0,2.0,2,676,0,30,0,0,1,1,1,0,0,1,1,0,0,0,1,1,1578.6682282484176,2.5,775.3721180283378
454,4.1588830833596715,9.13755460225053,5,1976,1976,0.0,1.0,2.0,0.0,5.0,1728,2.0,7.455298485683291,0,7.455298485683291,2,1.0,8,0,0.0,1.0,2,560,0,0,0,0,0,0,1,0,1,0,0,1,0,0,30,30,1735.4552984856832,4.0,1735.4552984856832
455,4.394449154672439,9.169622538697624,7,1973,1973,5.771441123130016,1.0,2.0,0.0,5.0,1242,1.0,7.1252830915107115,0,7.1252830915107115,1,1.0,6,1,3.0,1.0,2,528,0,0,0,0,0,0,0,0,1,0,1,0,0,0,34,34,1249.1252830915107,1.5,1249.1252830915107
456,3.5553480614894135,8.427706024914702,5,1916,1950,0.0,1.0,2.0,0.0,1.0,624,1.0,6.437751649736401,720,7.20414929203594,1,1.0,7,0,0.0,1.0,3,513,0,0,0,0,0,0,1,0,0,0,0,1,0,0,92,58,1350.4377516497364,1.0,631.2041492920359
457,4.248495242049359,10.882339852663634,4,1954,1994,0.0,1.0,3.0,3.0,4.0,1364,4.0,7.416979621381154,0,7.416979621381154,1,2.0,6,2,4.0,3.0,2,529,224,137,0,0,0,0,1,0,1,0,1,0,0,0,54,14,1371.4169796213812,2.0,1371.4169796213812
458,4.248495242049359,8.537191877922927,8,1925,1996,0.0,1.0,2.0,0.0,1.0,588,1.0,6.726233402358747,833,7.418780882750794,1,2.0,7,1,4.0,1.0,1,228,192,63,0,0,0,0,1,0,0,1,0,1,0,0,83,12,1427.7262334023587,1.0,595.4187808827508
459,4.248495242049359,8.855948534052018,5,1950,1950,5.087596335232384,1.0,2.0,0.0,2.0,709,2.0,6.887552571664617,224,7.093404625868766,1,2.0,5,1,3.0,1.0,1,352,0,0,0,0,0,0,0,0,1,0,0,1,0,0,59,59,939.8875525716646,2.0,716.0934046258687
460,4.330733340286331,8.987821625430815,8,2009,2009,4.709530201312334,2.0,3.0,0.0,6.0,832,4.0,6.725033642166843,1103,7.568379267836522,2,1.0,8,0,0.0,3.0,2,552,0,150,0,0,1,1,0,1,0,1,0,0,1,1,0,0,1941.7250336421669,3.5,839.5683792678366
461,4.110873864173311,8.881975184248867,7,1936,2007,0.0,2.0,3.0,0.0,5.0,560,4.0,6.3561076606958915,560,7.035268599281097,1,2.0,6,0,0.0,2.0,2,576,256,0,0,0,0,0,1,0,0,1,0,1,0,0,73,2,1126.356107660696,2.0,567.0352685992812
462,4.110873864173311,9.021839764105513,5,1965,1965,0.0,1.0,2.0,0.0,3.0,864,3.0,6.762729506931879,0,6.762729506931879,1,1.0,5,1,1.0,1.0,1,360,0,0,0,0,0,0,1,0,1,0,0,1,0,0,44,44,870.7627295069319,1.0,870.7627295069319
463,4.31748811353631,9.391744841707654,6,1934,1995,0.0,1.0,2.0,0.0,2.0,715,1.0,6.745236349484363,811,7.415175109613295,1,1.0,6,1,4.0,1.0,1,240,0,0,0,0,0,0,1,0,1,0,0,1,0,0,74,13,1532.7452363494845,1.5,722.4151751096133
464,4.110873864173311,9.039670667922676,5,1978,1978,4.919980925828125,1.0,3.0,0.0,3.0,1040,2.0,6.947937068614969,0,6.947937068614969,2,1.0,5,0,0.0,0.0,0,0,0,0,0,0,0,0,0,0,1,0,0,0,0,0,31,31,1046.947937068615,2.0,1046.947937068615
465,4.248495242049359,8.030409562130485,7,2004,2004,2.9444389791664403,2.0,3.0,0.0,1.0,1375,4.0,7.254884810077338,0,7.254884810077338,2,2.0,6,1,3.0,3.0,2,398,144,20,0,0,1,1,0,0,0,1,1,0,0,0,2,2,1382.2548848100773,2.0,1382.2548848100773
466,4.454347296253507,9.271341393533582,7,1970,1970,0.0,1.0,2.0,3.0,6.0,1277,2.0,7.15305163493748,0,7.15305163493748,1,1.0,5,1,1.0,1.0,2,526,0,0,0,0,0,0,1,0,1,0,1,0,0,0,37,37,1284.1530516349376,2.0,1284.1530516349376
467,4.382026634673881,9.15704507491796,5,1942,1995,5.41610040220442,1.0,2.0,0.0,2.0,728,4.0,6.790097235513905,756,7.405495663199472,1,2.0,7,2,4.0,1.0,1,312,168,0,0,0,0,0,0,1,1,0,1,0,0,0,65,12,1490.790097235514,1.5,735.4054956631994
468,4.59511985013459,9.343909263897597,8,2006,2006,5.517452896464707,2.0,3.0,0.0,1.0,1626,4.0,7.399398083331354,0,7.399398083331354,2,2.0,7,1,4.0,2.0,3,866,0,44,0,1,1,1,0,1,0,1,1,0,0,0,1,1,1633.3993980833313,2.0,1633.3993980833313
469,4.343805421853684,9.1369090938903,6,1993,1993,4.795790545596741,2.0,3.0,0.0,6.0,832,4.0,6.725033642166843,878,7.444833273892193,2,2.0,7,0,0.0,2.0,2,506,144,70,0,0,0,0,0,0,0,1,1,0,0,0,15,15,1716.7250336421669,2.5,839.4448332738922
470,4.248495242049359,8.82776136765472,8,1985,1985,0.0,2.0,3.0,2.0,6.0,1488,2.0,7.315218389752975,0,7.315218389752975,1,2.0,4,0,0.0,2.0,2,528,0,54,0,0,0,0,1,0,0,1,1,0,0,0,25,25,1495.315218389753,2.5,1495.315218389753
471,4.532599493153256,9.38873757187798,7,1977,1977,0.0,1.0,3.0,0.0,1.0,808,2.0,7.057897937411856,808,7.585788821732034,2,1.0,8,1,4.0,2.0,2,534,0,0,0,0,0,0,1,0,1,0,1,0,0,0,30,30,1623.0578979374118,2.5,815.5857888217321
472,3.58351893845611,8.209580483475577,6,2005,2005,4.394449154672439,1.0,3.0,3.0,6.0,547,4.0,6.9782137426306985,0,6.9782137426306985,1,1.0,5,0,0.0,2.0,2,525,0,28,0,0,1,1,0,0,0,1,0,0,0,0,3,3,553.9782137426307,2.0,553.9782137426307
473,4.709530201312334,9.614337736809313,8,2006,2007,5.720311776607412,2.0,4.0,3.0,6.0,1976,4.0,7.589335823170617,0,7.589335823170617,2,2.0,7,1,5.0,2.0,3,908,250,63,0,1,1,1,0,0,0,1,1,0,1,1,1,0,1983.5893358231706,3.0,1983.5893358231706
474,3.7376696182833684,8.581294116822761,8,2000,2000,0.0,2.0,3.0,2.0,6.0,1494,4.0,7.410347097821024,0,7.410347097821024,2,3.0,6,0,0.0,2.0,2,499,96,48,0,0,0,0,1,0,0,1,1,0,0,0,7,7,1501.410347097821,3.0,1501.410347097821
475,4.394449154672439,9.0455836463617,5,1963,1963,0.0,1.0,2.0,0.0,6.0,970,2.0,6.878326468291325,0,6.878326468291325,1,1.0,5,0,0.0,1.0,2,624,0,24,0,0,0,0,1,0,1,0,0,1,0,0,44,44,976.8783264682913,2.0,976.8783264682913
476,4.330733340286331,9.482350275033667,6,1997,1998,5.375278407684165,1.0,3.0,3.0,6.0,1478,4.0,7.309212365692763,0,7.309212365692763,2,2.0,7,1,3.0,3.0,2,508,140,39,0,0,1,1,0,0,0,1,1,0,0,0,11,10,1485.3092123656927,3.0,1485.3092123656927
477,4.663439094112067,9.524713059681009,9,2006,2006,6.650279048587422,3.0,3.0,2.0,1.0,2153,4.0,7.635303886259415,574,7.880048200971577,2,3.0,9,1,4.0,3.0,3,694,414,84,0,1,1,1,0,0,0,1,0,0,0,0,1,1,2734.6353038862594,2.5,2160.8800482009715
478,4.382026634673881,9.272187775302262,8,2007,2008,5.820082930352362,2.0,4.0,3.0,6.0,1705,4.0,7.449498005382849,0,7.449498005382849,2,2.0,7,1,4.0,2.0,3,826,208,44,0,0,1,1,0,1,0,1,1,0,0,0,2,1,1712.4494980053828,3.0,1712.4494980053828
479,3.9318256327243257,8.68710472813351,4,1937,2000,6.077642243349034,1.0,1.0,0.0,3.0,907,2.0,7.0317412587631285,0,7.0317412587631285,1,1.0,7,0,0.0,1.0,2,672,0,72,0,0,0,0,0,0,0,0,0,1,0,0,70,7,914.0317412587631,1.0,914.0317412587631
480,4.59511985013459,9.682466746602897,9,2004,2005,5.937536205082426,2.0,4.0,3.0,6.0,1833,4.0,7.523481312573497,0,7.523481312573497,2,2.0,8,1,4.0,3.0,3,772,519,112,0,1,1,1,0,0,0,1,1,0,0,0,2,1,1840.5234813125735,3.0,1840.5234813125735
481,4.290459441148391,9.37982994995476,9,2003,2004,6.333279628139691,2.0,4.0,3.0,6.0,1792,4.0,7.491645473605133,0,7.491645473605133,2,3.0,6,1,4.0,3.0,3,874,206,49,0,1,1,1,0,0,0,1,1,0,0,0,3,2,1799.491645473605,3.0,1799.491645473605
482,3.9318256327243257,7.824445930877619,7,1915,2005,0.0,2.0,2.0,0.0,5.0,910,4.0,6.821107472256465,910,7.510430556378006,1,3.0,7,1,4.0,1.0,1,164,0,0,0,0,0,0,1,0,0,1,1,0,0,0,94,4,1826.8211074722565,2.5,917.510430556378
483,3.4965075614664802,8.412054873292933,6,1998,1998,4.762173934797756,1.0,4.0,0.0,6.0,1216,4.0,7.104144092987527,0,7.104144092987527,2,1.0,5,0,0.0,1.0,2,402,0,125,0,0,1,1,0,0,0,1,1,0,0,0,8,8,1223.1041440929876,3.0,1223.1041440929876
484,4.248495242049359,8.95660873889395,5,1962,2001,0.0,1.0,2.0,0.0,5.0,999,3.0,6.907755278982137,0,6.907755278982137,1,2.0,6,0,0.0,1.0,1,264,0,132,0,0,0,0,1,0,1,0,0,1,0,0,45,6,1005.9077552789821,2.0,1005.9077552789821
485,4.394449154672439,9.169622538697624,5,1950,2007,0.0,2.0,2.0,0.0,5.0,1113,3.0,7.01571242048723,0,7.01571242048723,1,2.0,5,1,4.0,1.0,1,264,0,80,0,0,0,0,1,0,1,0,1,0,0,0,59,2,1120.0157124204873,1.0,1120.0157124204873
486,4.382026634673881,9.238927828828094,5,1965,1965,5.1298987149230735,1.0,2.0,0.0,5.0,1073,2.0,6.97914527506881,0,6.97914527506881,1,1.0,6,0,0.0,2.0,2,515,0,0,0,0,0,0,0,0,1,0,1,0,0,0,42,42,1079.9791452750687,2.5,1079.9791452750687
487,4.2626798770413155,9.412791300065303,5,1971,1971,0.0,1.0,3.0,2.0,5.0,1484,3.0,7.3031700512368,0,7.3031700512368,2,1.0,7,1,3.0,1.0,2,487,224,0,0,0,0,0,1,0,1,0,1,0,0,0,36,36,1491.3031700512367,2.0,1491.3031700512367
488,4.110873864173311,9.287394001418473,5,1900,1970,0.0,1.0,2.0,0.0,4.0,954,2.0,7.4770384723196965,648,7.789454566086673,2,1.0,10,1,4.0,1.0,2,520,142,0,0,0,0,0,1,0,1,0,1,0,0,0,106,36,1609.4770384723197,2.0,961.7894545660866
489,3.091042453358316,7.3310603052186325,4,1970,2002,0.0,1.0,3.0,2.0,6.0,630,2.0,6.447305862541213,0,6.447305862541213,1,2.0,3,0,0.0,1.0,1,286,0,0,0,0,0,0,1,0,1,0,1,0,0,0,39,7,636.4473058625412,2.0,636.4473058625412
490,4.248495242049359,7.888334500738654,5,1976,1976,0.0,1.0,3.0,1.0,1.0,264,2.0,6.424869023905388,688,7.173958319756794,1,1.0,4,1,4.0,3.0,1,336,141,24,0,0,0,0,1,0,0,1,0,0,0,0,32,32,958.4248690239053,1.5,271.1739583197568
491,4.382026634673881,9.158099260130491,6,1941,1950,0.0,1.0,2.0,0.0,4.0,806,2.0,6.8658910748834385,620,7.364547014255642,1,0.0,5,2,3.0,1.0,1,240,0,0,0,0,0,0,1,0,1,0,1,0,0,0,65,56,1432.8658910748834,2.0,813.3645470142557
492,4.663439094112067,9.653679132512428,6,2006,2006,0.0,2.0,3.0,0.0,1.0,728,3.0,6.591673732008658,728,7.284134806195205,2,1.0,8,0,0.0,2.0,2,429,0,0,0,0,1,1,1,0,0,1,1,0,1,1,0,0,1462.5916737320085,2.5,735.2841348061952
493,4.2626798770413155,8.978660489639687,5,1960,1960,0.0,1.0,2.0,0.0,4.0,1269,2.0,7.146772179452637,0,7.146772179452637,1,1.0,6,1,2.0,1.0,1,308,0,0,0,0,0,0,1,0,1,0,0,1,0,0,48,48,1276.1467721794527,1.5,1276.1467721794527
494,3.9318256327243257,8.663023639627777,5,1938,1996,0.0,1.0,1.0,0.0,1.0,190,3.0,6.787844982309579,0,6.787844982309579,1,1.0,4,0,0.0,1.0,1,273,144,20,0,0,0,0,1,0,0,0,1,0,0,0,71,13,196.7878449823096,1.0,196.7878449823096
495,4.110873864173311,8.972083182851925,4,1920,1950,0.0,1.0,2.0,0.0,3.0,720,2.0,6.580639137284949,0,6.580639137284949,1,1.0,4,0,0.0,0.0,0,0,0,523,0,0,0,0,1,0,1,0,0,0,0,0,89,59,726.580639137285,1.0,726.580639137285
496,4.248495242049359,9.448805939388178,8,1992,1993,0.0,2.0,3.0,0.0,6.0,3200,4.0,8.079927770758275,0,8.079927770758275,3,2.0,10,1,4.0,2.0,2,546,264,75,1,0,0,0,1,0,0,1,1,0,0,0,15,14,3208.0799277707583,4.0,3208.0799277707583
497,4.110873864173311,9.118334726180159,7,1925,1950,0.0,1.0,2.0,0.0,3.0,1026,4.0,7.033506484287697,687,7.507141079727608,2,1.0,8,0,0.0,1.0,1,240,0,100,0,0,0,0,1,0,0,1,0,1,0,0,83,58,1720.0335064842877,3.0,1033.5071410797277
498,4.189654742026425,8.962007209588313,5,1967,2004,4.499809670330265,1.0,2.0,0.0,5.0,864,4.0,6.802394763324311,0,6.802394763324311,1,2.0,5,0,0.0,3.0,1,288,64,0,0,0,0,0,0,0,0,1,1,0,0,0,42,5,870.8023947633243,1.0,870.8023947633243
499,4.2626798770413155,8.927446816256198,5,1958,1985,0.0,1.0,2.0,0.0,4.0,912,1.0,6.816735880594968,0,6.816735880594968,1,1.0,5,0,0.0,3.0,1,297,12,285,0,0,0,0,1,0,1,0,1,0,0,0,49,22,918.8167358805949,1.5,918.8167358805949
500,3.091042453358316,7.544861068658458,6,1973,1973,5.655991810819852,1.0,2.0,0.0,4.0,672,2.0,6.511745329644728,546,7.105786129481271,1,1.0,7,0,0.0,1.0,1,264,144,28,0,0,0,0,0,0,1,0,0,1,0,0,34,34,1224.5117453296448,1.5,679.1057861294813
501,4.330733340286331,9.190545744648004,7,2005,2005,0.0,2.0,3.0,0.0,6.0,866,3.0,6.7650389767805414,902,7.478169694159785,2,2.0,7,0,0.0,2.0,2,603,0,108,0,0,1,1,1,0,0,1,1,0,0,0,3,3,1774.7650389767805,2.5,873.4781696941598
502,4.2626798770413155,9.123801610558944,5,1965,1965,0.0,1.0,2.0,0.0,5.0,1214,4.0,7.102499355774649,0,7.102499355774649,1,1.0,6,0,0.0,1.0,2,461,0,0,0,0,0,0,1,0,1,0,0,1,0,0,42,42,1221.1024993557746,2.0,1221.1024993557746
503,4.61512051684126,9.655218482441182,7,1959,1997,0.0,1.0,2.0,0.0,5.0,1501,2.0,7.496652438168283,0,7.496652438168283,2,1.0,6,2,3.0,3.0,2,484,0,54,0,0,0,0,1,0,1,0,1,0,0,0,51,13,1508.4966524381682,3.0,1508.4966524381682
504,3.2188758248682006,7.744569809354496,6,1974,1974,0.0,1.0,2.0,0.0,5.0,855,2.0,6.752270376141742,467,7.187657164114956,2,1.0,6,1,2.0,1.0,2,440,260,0,0,0,0,0,1,0,1,0,1,0,0,0,35,35,1328.7522703761417,3.0,862.187657164115
505,4.110873864173311,8.935508711503221,5,1952,1952,5.8888779583328805,1.0,2.0,0.0,1.0,960,3.0,6.8679744089702925,1000,7.581209826196346,2,1.0,10,0,0.0,1.0,2,400,0,0,0,0,0,0,0,0,1,0,0,1,0,0,57,57,1966.8679744089704,2.0,967.5812098261963
506,4.394449154672439,9.164819856674374,8,1993,1994,4.836281906951478,2.0,3.0,0.0,6.0,777,4.0,6.97166860472579,846,7.555905093611346,2,2.0,8,1,3.0,2.0,2,471,182,81,0,0,1,1,0,0,0,1,1,0,0,0,13,12,1629.971668604726,2.5,784.5559050936114
507,4.330733340286331,8.969923491991516,6,2009,2009,0.0,2.0,3.0,0.0,6.0,1218,4.0,7.105786129481271,0,7.105786129481271,2,2.0,4,0,0.0,3.0,2,676,0,102,0,0,1,1,1,0,0,1,1,0,1,1,0,0,1225.1057861294812,2.0,1225.1057861294812
508,4.110873864173311,9.169622538697624,7,1928,2005,0.0,1.0,2.0,0.0,3.0,689,4.0,6.536691597591305,689,7.229113877793302,2,2.0,7,1,4.0,1.0,2,360,0,0,0,0,0,0,1,0,0,0,0,1,0,0,80,3,1384.5366915975915,2.0,696.2291138777933
509,4.394449154672439,9.169622538697624,5,1959,1959,4.890349128221754,1.0,2.0,0.0,5.0,1041,4.0,6.948897222313312,0,6.948897222313312,1,1.0,6,0,0.0,2.0,1,270,224,88,0,0,0,0,0,0,1,0,1,0,0,0,50,50,1047.9488972223132,2.0,1047.9488972223132
510,4.330733340286331,9.586033321750676,5,1951,2000,4.2626798770413155,2.0,2.0,0.0,4.0,1008,4.0,7.218176838403408,0,7.218176838403408,1,1.0,6,2,3.0,1.0,1,288,324,42,0,0,0,0,0,0,1,0,0,0,0,0,58,9,1015.2181768384035,2.0,1015.2181768384035
511,3.713572066704308,8.823647949191303,7,2005,2006,4.553876891600541,2.0,3.0,0.0,1.0,1368,4.0,7.221835825288449,0,7.221835825288449,2,2.0,6,1,4.0,2.0,2,474,132,35,0,1,1,1,0,1,0,1,1,0,1,1,1,0,1375.2218358252885,2.0,1375.2218358252885
512,4.2626798770413155,9.116139576577355,5,1958,1958,0.0,1.0,2.0,0.0,4.0,864,2.0,6.762729506931879,0,6.762729506931879,1,1.0,5,0,0.0,1.0,2,624,0,0,0,0,1,1,1,0,1,0,0,1,0,0,48,48,870.7627295069319,2.0,870.7627295069319
513,4.276666119016055,9.125653563808989,6,1983,1983,0.0,1.0,2.0,0.0,5.0,1084,2.0,6.985641817639208,0,6.985641817639208,1,1.0,5,0,0.0,1.0,2,484,120,0,0,0,1,1,1,0,0,1,1,0,0,0,24,24,1090.9856418176391,1.5,1090.9856418176391
514,4.02535169073515,9.2681374707024,5,1926,1950,0.0,1.0,2.0,0.0,1.0,768,1.0,6.672032945461067,0,6.672032945461067,1,1.0,5,0,0.0,1.0,1,200,0,0,0,0,0,0,1,0,0,0,0,1,0,0,81,57,774.6720329454611,1.0,774.6720329454611
515,4.553876891600541,9.410911062438,10,2009,2009,5.723585101952381,3.0,4.0,0.0,6.0,2006,4.0,7.611347717403621,0,7.611347717403621,2,3.0,9,1,4.0,3.0,3,900,156,54,0,1,0,0,0,0,1,0,1,0,1,1,0,0,2013.6113477174035,3.5,2013.6113477174035
516,4.248495242049359,9.254261559034111,6,1972,1972,5.811140992976701,1.0,2.0,0.0,1.0,689,2.0,7.229113877793302,741,7.659171367666058,2,1.0,7,1,3.0,2.0,2,583,0,104,0,0,0,0,0,0,1,0,1,0,0,0,37,37,1437.2291138777932,2.5,696.6591713676661
517,4.382026634673881,9.231024963169016,7,1996,1997,6.826545223556594,2.0,3.0,0.0,1.0,1264,4.0,7.15305163493748,1067,7.76004068088038,2,2.0,7,1,3.0,2.0,3,889,220,0,1,0,1,1,0,0,0,1,1,0,0,0,13,12,2338.1530516349376,2.5,1271.7600406808804
518,4.248495242049359,9.162409838218633,6,1998,1998,0.0,1.0,3.0,1.0,6.0,794,4.0,6.78332520060396,914,7.493873886783559,2,1.0,7,0,0.0,2.0,2,546,0,36,0,0,1,1,1,0,0,1,1,0,0,0,9,9,1714.783325200604,3.5,801.4938738867836
519,3.9889840465642745,9.298259670014065,7,1926,2004,0.0,2.0,3.0,0.0,1.0,1276,4.0,7.152268856032539,804,7.640603826393634,1,2.0,9,2,4.0,1.0,1,282,0,0,0,0,0,0,1,0,0,0,0,1,0,0,83,5,2087.1522688560326,1.5,1283.6406038263935
520,4.110873864173311,9.287394001418473,4,1900,2000,0.0,1.0,0.0,0.0,0.0,0,2.0,6.543911845564792,600,7.166265974133638,2,1.0,7,0,0.0,0.0,0,0,220,114,0,0,0,0,1,0,0,0,0,0,0,0,108,8,606.5439118455648,2.0,7.166265974133638
521,4.51085950651685,9.391744841707654,6,1957,1957,0.0,1.0,2.0,0.0,3.0,1244,4.0,7.126890808898808,0,7.126890808898808,1,1.0,6,2,4.0,1.0,1,336,0,40,0,0,1,1,1,0,1,0,1,0,0,0,50,50,1251.126890808899,1.5,1251.126890808899
522,3.9318256327243257,8.517393171418904,6,1947,1950,0.0,1.0,2.0,0.0,5.0,1004,4.0,6.912742820493176,660,7.417580402414544,2,1.0,7,2,4.0,1.0,2,420,0,24,0,0,0,0,1,0,1,0,0,1,0,0,59,56,1670.9127428204931,2.0,1011.4175804024145
523,4.875197323201151,10.599006917241129,10,2007,2008,6.637258031284457,3.0,4.0,3.0,6.0,3138,4.0,8.051659556841953,1538,8.450412157725886,3,3.0,11,1,4.0,3.0,3,884,208,406,0,0,0,0,0,1,0,1,0,0,1,1,0,-1,4684.051659556842,4.5,3146.450412157726
524,4.564348191467836,9.374837343857585,7,1996,1997,6.38856140554563,2.0,3.0,0.0,6.0,1379,4.0,7.232733136177615,1015,7.782807262839695,2,2.0,8,1,3.0,3.0,3,834,239,60,1,0,1,1,0,0,0,1,1,0,0,0,11,10,2401.2327331361776,3.5,1386.7828072628397
525,4.143134726391533,8.922791623969637,7,2005,2005,0.0,2.0,3.0,0.0,1.0,1257,4.0,7.144407180321139,0,7.144407180321139,2,2.0,6,1,3.0,1.0,2,453,38,144,0,0,1,1,1,0,0,1,1,0,0,0,1,1,1264.1444071803212,2.0,1264.1444071803212
526,4.2626798770413155,9.495594499353297,5,1956,2000,0.0,1.0,3.0,0.0,3.0,928,2.0,6.834108738813838,0,6.834108738813838,1,1.0,4,0,0.0,1.0,1,252,261,0,0,0,0,0,1,0,1,0,1,0,0,0,51,7,934.8341087388138,1.0,934.8341087388138
527,4.219507705176107,9.612399686949514,9,2008,2008,5.594711379601839,3.0,4.0,2.0,6.0,1452,4.0,7.29776828253138,1237,7.906178840394815,2,3.0,11,1,4.0,3.0,3,858,126,66,0,1,1,1,0,1,0,1,1,0,1,1,0,0,2696.2977682825313,3.5,1459.906178840395
528,4.07753744390572,9.11591979635669,4,1920,2002,0.0,1.0,2.0,1.0,5.0,528,4.0,6.406879986069314,0,6.406879986069314,1,1.0,5,0,0.0,0.0,0,0,0,0,0,0,0,0,1,0,0,0,0,0,0,0,87,5,534.4068799860693,2.0,534.4068799860693
529,4.248495242049359,10.39418189500513,6,1957,1975,0.0,2.0,2.0,0.0,3.0,2035,2.0,7.830425617820331,0,7.830425617820331,3,1.0,9,2,3.0,2.0,2,484,0,0,0,0,0,0,1,0,0,1,1,0,0,0,50,32,2042.8304256178203,4.0,2042.8304256178203
530,4.454347296253507,9.23024103368252,6,1988,1989,5.393627546352362,2.0,3.0,2.0,6.0,1461,4.0,7.31986492980897,0,7.31986492980897,2,2.0,5,1,2.0,2.0,2,600,224,0,0,0,0,0,0,0,1,0,1,0,0,0,20,19,1468.319864929809,3.0,1468.319864929809
531,4.110873864173311,8.72518249495877,6,1920,1999,0.0,1.0,1.0,1.0,1.0,611,4.0,6.62273632394984,611,7.217443431696533,2,1.0,6,0,0.0,3.0,2,502,0,0,0,0,0,0,1,0,0,0,0,1,0,0,88,9,1228.62273632395,2.0,618.2174434316966
532,4.110873864173311,8.881975184248867,5,1955,2007,0.0,1.0,0.0,0.0,0.0,0,4.0,6.71901315438526,0,6.71901315438526,1,1.0,5,1,1.0,1.0,1,392,0,0,0,0,1,1,1,0,0,0,0,1,0,0,55,3,6.71901315438526,1.0,6.71901315438526
533,3.9318256327243257,8.517393171418904,1,1946,1950,0.0,0.0,0.0,0.0,0.0,0,1.0,5.814130531825066,0,5.814130531825066,1,0.0,2,0,0.0,0.0,0,0,0,0,0,0,1,1,1,0,0,0,0,0,0,0,61,57,5.814130531825066,1.0,5.814130531825066
534,4.31748811353631,9.111293218374948,8,2004,2004,0.0,2.0,4.0,2.0,1.0,707,4.0,6.56244409369372,707,7.254884810077338,2,2.0,6,1,4.0,3.0,2,403,100,35,0,0,1,1,1,0,0,1,1,0,0,0,2,2,1420.5624440936936,2.5,714.2548848100773
535,4.2626798770413155,8.853808274977197,5,1910,1991,0.0,1.0,3.0,3.0,6.0,1117,2.0,6.710523109452428,527,7.206377291472252,1,1.0,5,0,0.0,0.0,0,0,85,0,0,0,0,0,1,0,1,0,0,0,0,0,98,17,1650.7105231094524,2.0,1124.2063772914723
536,4.060443010546419,9.09661160664784,7,1998,1999,0.0,1.0,3.0,2.0,1.0,880,4.0,6.78105762593618,844,7.45298232946546,2,2.0,8,0,0.0,3.0,2,527,120,155,0,0,1,1,1,0,0,1,1,0,0,0,10,9,1730.7810576259362,2.5,887.4529823294655
537,4.248495242049359,9.452187908084165,4,1972,1972,0.0,1.0,2.0,0.0,4.0,864,2.0,6.762729506931879,0,6.762729506931879,1,1.0,5,0,0.0,1.0,2,576,216,0,0,0,0,0,1,0,1,0,0,1,0,0,36,36,870.7627295069319,1.0,870.7627295069319
538,4.248495242049359,9.354786976341211,5,1968,1968,5.241747015059643,1.0,2.0,0.0,4.0,1051,2.0,7.05617528410041,0,7.05617528410041,1,1.0,7,1,2.0,1.0,1,336,466,0,0,0,0,0,0,0,1,0,1,0,0,0,38,38,1058.0561752841004,1.5,1058.0561752841004
539,4.248495242049359,9.343471684579365,8,2001,2002,6.173786103901937,2.0,3.0,2.0,6.0,1581,4.0,7.379008127628304,0,7.379008127628304,2,2.0,6,1,3.0,2.0,2,670,180,0,0,0,1,1,0,0,0,1,1,0,0,0,9,8,1588.3790081276284,3.0,1588.3790081276284
540,4.454347296253507,9.58891378461603,9,2006,2006,6.371611847231857,3.0,4.0,2.0,6.0,1838,4.0,7.516977224604321,0,7.516977224604321,2,3.0,8,1,4.0,3.0,3,765,270,68,0,0,1,1,0,0,0,1,1,0,0,0,3,3,1845.5169772246043,3.0,1845.5169772246043
541,4.248495242049359,9.305741456739435,8,2000,2000,4.290459441148391,2.0,3.0,0.0,1.0,969,4.0,6.905753276311464,1288,7.734558844354756,2,2.0,8,1,3.0,3.0,3,648,0,56,1,0,1,1,0,0,0,1,0,0,0,0,7,7,2263.9057532763113,2.5,976.7345588443548
542,4.3694478524670215,9.224341891611996,7,1998,1999,0.0,2.0,4.0,0.0,2.0,1650,4.0,7.427144133408616,0,7.427144133408616,2,2.0,7,1,3.0,3.0,2,583,78,73,0,0,1,1,1,0,0,1,1,0,0,0,11,10,1657.4271441334085,3.0,1657.4271441334085
543,3.5553480614894135,8.308691916838898,7,1998,1998,5.209486152841421,1.0,3.0,2.0,6.0,723,4.0,6.643789733147672,0,6.643789733147672,1,1.0,4,0,0.0,3.0,1,367,120,40,0,0,0,0,0,0,0,1,1,0,0,0,9,9,729.6437897331476,2.0,729.6437897331476
544,4.07753744390572,9.747126097411705,7,2006,2006,0.0,2.0,3.0,2.0,6.0,654,4.0,6.499787040655854,832,7.311218384419629,2,2.0,7,1,4.0,2.0,2,426,100,24,0,0,1,1,1,0,0,1,1,0,1,1,0,0,1492.499787040656,3.5,661.3112183844196
545,4.248495242049359,9.535173710058757,7,1988,1988,5.187385805840755,2.0,3.0,0.0,6.0,1204,3.0,7.228388451573604,806,7.688913336864796,2,2.0,9,0,0.0,1.0,3,786,0,0,0,0,0,0,0,0,0,1,1,0,0,0,18,18,2017.2283884515737,2.5,1211.6889133368647
546,4.2626798770413155,9.075436609511382,6,1923,1950,0.0,1.0,3.0,0.0,3.0,1065,4.0,6.82001636467413,720,7.400009517162692,1,1.0,6,1,4.0,1.0,2,440,0,38,0,0,0,0,1,0,0,0,0,1,0,0,84,57,1791.820016364674,1.5,1072.4000095171627
547,4.007333185232471,8.888066854754783,5,1970,1970,0.0,1.0,3.0,2.0,5.0,768,4.0,6.645090969505644,0,6.645090969505644,1,1.0,5,0,0.0,1.0,2,624,104,0,0,0,1,1,1,0,1,0,0,1,0,0,37,37,774.6450909695056,2.0,774.6450909695056
548,3.912023005428146,9.01627006814768,5,1955,1995,0.0,1.0,2.0,0.0,2.0,825,2.0,6.716594773520978,0,6.716594773520978,1,1.0,4,0,0.0,2.0,2,720,140,50,0,0,0,0,1,0,1,0,0,1,0,0,53,13,831.716594773521,2.0,831.716594773521
549,4.330733340286331,9.145908511816794,7,2003,2004,0.0,2.0,3.0,0.0,1.0,912,4.0,6.816735880594968,1182,7.647308832356238,2,2.0,8,1,4.0,3.0,2,615,182,182,0,0,1,1,1,0,0,1,0,0,0,0,6,5,2100.816735880595,2.5,919.6473088323562
550,3.9889840465642745,8.304989580140361,6,1977,1977,0.0,1.0,3.0,0.0,5.0,1069,2.0,6.975413927455952,0,6.975413927455952,2,1.0,4,0,0.0,2.0,2,440,0,55,0,0,0,0,1,0,1,0,1,0,0,0,31,31,1075.975413927456,2.0,1075.975413927456
551,3.9318256327243257,8.699681400989514,5,1957,1957,0.0,1.0,2.0,0.0,3.0,928,3.0,6.834108738813838,0,6.834108738813838,1,1.0,5,0,0.0,3.0,1,288,0,0,0,0,0,0,1,0,1,0,1,0,0,0,51,51,934.8341087388138,1.0,934.8341087388138
552,4.477336814478207,9.318925682389624,8,2006,2006,5.5254529391317835,2.0,4.0,2.0,1.0,1709,4.0,7.4489161025442,0,7.4489161025442,2,2.0,7,1,4.0,2.0,3,908,169,39,0,1,1,1,0,1,0,1,1,0,0,0,3,3,1716.4489161025442,2.0,1716.4489161025442
553,4.219507705176107,9.080003870248179,4,1949,2003,0.0,1.0,0.0,0.0,0.0,0,4.0,7.027314514039777,0,7.027314514039777,2,2.0,5,0,0.0,3.0,2,520,0,96,0,0,1,1,1,0,1,0,0,1,0,0,60,6,7.027314514039777,2.0,7.027314514039777
554,4.454347296253507,9.271059107010888,7,2003,2004,5.680172609017068,2.0,3.0,0.0,6.0,998,4.0,6.914730892718563,1040,7.624130585661289,2,2.0,8,1,4.0,2.0,3,871,320,62,0,1,1,1,0,0,0,1,0,0,0,0,5,4,2044.9147308927186,3.5,1005.6241305856613
555,4.07753744390572,8.761080103868347,5,1922,1950,0.0,1.0,2.0,0.0,1.0,993,2.0,6.955592608396297,0,6.955592608396297,1,1.0,5,1,4.0,1.0,1,280,0,0,0,0,0,0,1,0,0,0,0,1,0,0,84,56,999.9555926083963,1.0,999.9555926083963
556,4.248495242049359,9.605822482030945,5,1957,1957,0.0,1.0,2.0,0.0,3.0,1092,2.0,6.996681488176539,0,6.996681488176539,1,1.0,6,1,3.0,3.0,1,299,268,0,0,0,0,0,1,0,1,0,1,0,0,0,49,49,1098.9966814881766,2.0,1098.9966814881766
557,4.110873864173311,9.309370895439137,4,1920,1950,0.0,1.0,2.0,0.0,3.0,637,3.0,6.8001700683022,439,7.198183577101943,1,1.0,7,0,0.0,1.0,1,570,0,47,0,0,0,0,1,0,1,0,0,0,0,0,86,56,1082.8001700683021,1.5,644.198183577102
558,4.060443010546419,9.99300827847454,7,1996,1997,0.0,1.0,3.0,3.0,6.0,729,4.0,6.593044534142437,717,7.277247726631484,2,1.0,6,1,3.0,1.0,2,406,264,22,0,0,0,0,1,0,0,1,1,0,0,0,12,11,1452.5930445341423,3.0,736.2772477266315
559,4.248495242049359,8.069968149059841,7,2003,2004,2.9444389791664403,2.0,3.0,3.0,1.0,1374,4.0,7.351158226430694,0,7.351158226430694,2,2.0,7,1,3.0,3.0,2,420,143,20,0,0,1,1,0,0,0,1,1,0,0,0,3,2,1381.3511582264307,2.0,1381.3511582264307
560,4.248495242049359,9.336267928573973,5,1957,1996,5.198497031265826,1.0,3.0,0.0,5.0,1392,2.0,7.239214973779806,0,7.239214973779806,1,1.0,5,1,4.0,1.0,2,528,0,0,0,0,0,0,0,0,1,0,0,1,0,0,53,14,1399.2392149737798,2.5,1399.2392149737798
561,4.356708826689592,9.211439767419483,5,1974,1975,0.0,1.0,3.0,2.0,5.0,1389,3.0,7.237059026124737,0,7.237059026124737,1,1.0,6,1,3.0,2.0,2,418,240,38,0,0,0,0,1,0,1,0,1,0,0,0,32,31,1396.2370590261248,2.0,1396.2370590261248
562,4.1588830833596715,9.540219493127752,5,1940,1969,0.0,1.0,2.0,0.0,4.0,996,4.0,6.904750769961838,0,6.904750769961838,1,1.0,6,1,4.0,0.0,0,0,144,0,0,0,0,0,1,0,1,0,0,0,0,0,68,39,1002.9047507699619,2.0,1002.9047507699619
563,4.204692619390966,9.988793309115229,6,1918,1950,0.0,1.0,3.0,1.0,1.0,1163,4.0,7.059617628291383,511,7.423568444259167,2,1.0,8,1,4.0,3.0,2,396,72,36,0,0,0,0,1,0,0,0,0,1,0,0,90,58,1681.0596176282913,2.0,1170.4235684442592
564,4.248495242049359,9.499046919474152,7,1992,2000,0.0,2.0,3.0,0.0,6.0,1095,4.0,7.062191632286556,1129,7.738923757439457,2,2.0,9,1,3.0,2.0,2,590,0,40,1,0,0,0,1,0,0,1,1,0,0,0,14,6,2231.0621916322866,3.5,1102.7389237574394
565,4.204692619390966,8.83331693749932,6,1915,1950,0.0,1.0,3.0,0.0,1.0,806,2.0,6.7357800142423265,806,7.4073177104694174,1,0.0,6,0,0.0,1.0,1,216,0,66,0,0,0,0,1,0,0,1,0,1,0,0,95,60,1618.7357800142422,2.5,813.4073177104694
566,4.356708826689592,9.323579767582693,9,2005,2007,5.5053315359323625,2.0,3.0,0.0,1.0,1122,4.0,7.034387929915503,1370,7.826044013518965,2,3.0,11,1,4.0,3.0,3,656,144,39,0,0,1,1,0,0,0,1,0,0,0,0,3,1,2499.0343879299153,2.5,1129.8260440135189
567,4.2626798770413155,9.227394126542011,7,2004,2004,5.1298987149230735,2.0,3.0,0.0,6.0,1517,4.0,7.336936913707618,0,7.336936913707618,2,2.0,7,0,0.0,2.0,2,532,0,0,0,1,1,1,0,0,0,1,1,0,0,0,6,6,1524.3369369137076,2.0,1524.3369369137076
568,4.382026634673881,9.419628376999952,8,1983,2009,0.0,2.0,3.0,3.0,6.0,1496,4.0,7.311218384419629,636,7.665284718471351,1,2.0,5,1,4.0,3.0,2,612,349,40,0,0,0,0,1,0,1,0,0,0,0,0,26,0,2139.3112183844196,2.5,1503.6652847184714
569,4.248495242049359,8.858368636308018,5,1979,1979,0.0,1.0,3.0,3.0,6.0,943,2.0,6.8501261661455,0,6.8501261661455,1,1.0,4,2,3.0,1.0,2,600,42,0,0,0,0,0,1,0,1,0,0,1,0,0,27,27,949.8501261661455,2.0,949.8501261661455
570,4.31748811353631,9.480520169291822,5,1965,1965,4.6913478822291435,1.0,2.0,0.0,2.0,1728,2.0,7.455298485683291,0,7.455298485683291,2,1.0,10,0,0.0,1.0,2,576,0,0,0,0,0,0,0,0,1,0,0,1,0,0,43,43,1735.4552984856832,2.0,1735.4552984856832
571,4.110873864173311,8.9001399880938,6,1959,1959,5.337538079701318,1.0,2.0,0.0,4.0,864,4.0,6.762729506931879,0,6.762729506931879,1,2.0,4,0,0.0,1.0,1,288,168,0,0,0,0,0,0,0,1,0,1,0,0,0,47,47,870.7627295069319,2.0,870.7627295069319
572,4.430816798843313,9.484937204879309,7,2009,2009,0.0,1.0,4.0,2.0,1.0,846,3.0,6.741700694652055,846,7.4342573821331355,2,2.0,6,0,0.0,2.0,2,650,208,114,0,0,1,1,1,0,0,1,1,0,1,1,0,0,1698.741700694652,2.5,853.4342573821332
573,4.343805421853684,9.207135241027235,7,2000,2000,0.0,1.0,3.0,0.0,1.0,384,4.0,6.652863029353347,656,7.266128779556451,2,1.0,8,1,3.0,2.0,2,400,100,0,0,0,1,1,1,0,0,1,0,0,0,0,7,7,1046.6528630293533,2.5,391.2661287795564
574,4.2626798770413155,9.259225769705994,5,1971,2005,4.418840607796598,1.0,2.0,2.0,5.0,372,2.0,6.3578422665081,533,7.01211529430638,1,1.0,5,0,0.0,1.0,1,288,35,0,0,0,0,0,0,0,1,0,0,0,0,0,36,2,911.3578422665081,1.5,379.0121152943064
575,4.394449154672439,9.0455836463617,5,1947,1950,0.0,1.0,2.0,0.0,3.0,832,2.0,6.725033642166843,384,7.104144092987527,1,1.0,6,0,0.0,1.0,1,336,158,0,0,0,0,0,1,0,1,0,0,1,0,0,61,58,1222.7250336421669,1.0,839.1041440929876
576,3.970291913552122,8.747193183526933,7,1928,1950,0.0,1.0,2.0,0.0,1.0,861,3.0,6.777646593635117,600,7.298445101508147,2,1.0,6,1,4.0,1.0,1,216,0,50,0,0,0,0,1,0,0,0,0,1,0,0,81,59,1467.7776465936352,2.5,868.2984451015082
577,4.574710978503383,9.373988663504516,5,1966,1966,4.584967478670572,1.0,2.0,2.0,2.0,1164,4.0,7.186144304522325,0,7.186144304522325,1,1.0,6,2,2.0,2.0,2,564,160,68,0,0,1,1,0,0,1,0,1,0,0,0,40,40,1171.1861443045223,2.0,1171.1861443045223
578,3.5553480614894135,8.190077049719049,7,2007,2007,0.0,2.0,3.0,0.0,1.0,689,4.0,6.556778356158042,689,7.239214973779806,2,2.0,5,0,0.0,1.0,2,540,0,102,0,0,1,1,1,0,0,1,0,1,0,0,1,1,1384.556778356158,2.0,696.2392149737798
579,4.406719247264253,9.405166749908611,5,1954,1954,5.817111159963204,1.0,2.0,0.0,1.0,1050,4.0,6.957497370876951,745,7.493317248862145,2,1.0,7,0,0.0,1.0,1,352,0,0,0,0,0,0,0,0,0,0,1,0,0,0,54,54,1801.957497370877,2.0,1057.4933172488622
580,4.248495242049359,9.587817443544179,6,1960,1987,4.454347296253507,1.0,2.0,0.0,4.0,1144,4.0,7.265429723253953,0,7.265429723253953,1,2.0,7,2,4.0,1.0,2,572,216,110,0,0,0,0,0,0,1,0,1,0,0,0,47,20,1151.2654297232539,1.5,1151.2654297232539
581,4.59511985013459,9.449750895754265,8,2008,2009,5.726847747587197,3.0,4.0,0.0,1.0,2042,4.0,7.622174594817622,0,7.622174594817622,2,3.0,8,1,4.0,2.0,3,1390,0,90,0,1,1,1,0,0,0,1,1,0,1,1,1,0,2049.622174594818,2.5,2049.622174594818
582,4.406719247264253,9.37940781309172,6,1990,1990,4.653960350157523,1.0,3.0,2.0,6.0,816,2.0,6.705639094860003,0,6.705639094860003,1,1.0,5,0,0.0,0.0,0,0,0,32,0,0,0,0,0,0,1,0,0,0,0,0,17,17,822.70563909486,2.0,822.70563909486
583,4.330733340286331,9.510519035757246,10,1893,2000,0.0,3.0,2.0,0.0,1.0,1237,3.0,7.3277805384216315,1254,7.9287663216266955,3,2.0,9,1,4.0,1.0,2,880,105,502,0,0,0,0,1,0,0,0,0,1,0,0,115,8,2498.3277805384214,3.5,1244.9287663216267
584,3.9512437185814275,8.71948076085107,4,1935,1995,0.0,1.0,2.0,0.0,1.0,884,4.0,6.897704943128636,584,7.3613754289773485,1,2.0,6,0,0.0,1.0,1,240,0,0,0,0,0,0,1,0,0,0,0,1,0,0,74,14,1474.8977049431287,1.0,891.3613754289773
585,4.48863636973214,9.345220854170002,8,2005,2006,5.342334251964811,2.0,4.0,3.0,6.0,1868,4.0,7.615298339825815,0,7.615298339825815,2,2.0,7,2,4.0,2.0,3,880,326,66,0,0,1,1,0,0,0,1,1,0,1,1,1,0,1875.6152983398258,3.0,1875.6152983398258
586,4.02535169073515,9.236787541991031,6,1918,2000,0.0,1.0,2.0,1.0,3.0,816,4.0,6.732210706467206,0,6.732210706467206,1,0.0,5,0,0.0,3.0,1,275,0,0,0,0,0,0,1,0,0,0,0,1,0,0,90,8,822.7322107064672,2.0,822.7322107064672
587,4.31748811353631,9.075779878580487,5,1982,1982,0.0,1.0,2.0,2.0,5.0,840,2.0,6.7580945044277305,0,6.7580945044277305,1,1.0,4,0,0.0,1.0,2,528,0,0,0,0,0,0,1,0,1,0,0,1,0,0,27,27,846.7580945044277,2.0,846.7580945044277
588,4.189654742026425,10.130463749870515,5,1968,2003,0.0,1.0,2.0,3.0,6.0,1437,4.0,7.295735072749282,0,7.295735072749282,1,3.0,5,2,4.0,1.0,1,452,0,48,0,0,0,0,1,0,1,0,1,0,0,1,41,6,1444.2957350727493,3.0,1444.2957350727493
589,3.9318256327243257,9.116139576577355,5,1930,1960,0.0,1.0,2.0,0.0,1.0,742,2.0,6.659293919683638,0,6.841615476477592,1,1.0,4,0,0.0,1.0,1,308,0,0,0,0,1,1,1,0,0,0,0,1,0,0,78,48,748.6592939196836,1.0,748.8416154764776
590,4.174387269895637,9.02653771890043,7,2004,2004,0.0,2.0,3.0,0.0,6.0,770,4.0,6.647688373563329,812,7.367077059881012,2,2.0,6,0,0.0,2.0,2,520,0,45,0,0,1,1,1,0,0,1,1,0,0,0,4,4,1588.6476883735634,2.5,777.367077059881
591,4.584967478670572,9.508888197738269,10,2008,2008,6.042632833682381,3.0,4.0,3.0,6.0,1722,4.0,7.455298485683291,568,7.739359202689098,2,3.0,10,1,4.0,2.0,3,842,382,274,0,1,0,0,0,1,0,1,0,0,0,0,1,1,2297.455298485683,3.5,1729.739359202689
592,4.110873864173311,8.79497643168877,5,1982,2003,0.0,1.0,2.0,0.0,6.0,816,4.0,6.705639094860003,0,6.705639094860003,1,1.0,4,0,0.0,3.0,2,816,0,0,0,0,0,0,1,0,0,1,0,1,0,0,26,5,822.70563909486,2.0,822.70563909486
593,4.248495242049359,8.397508348470257,6,2003,2003,5.14166355650266,2.0,3.0,2.0,6.0,848,4.0,6.744059186311348,0,6.744059186311348,1,2.0,4,0,0.0,3.0,2,420,140,0,0,0,1,1,0,0,0,1,1,0,0,0,6,6,854.7440591863113,2.0,854.7440591863113
594,4.48863636973214,8.986071187374463,5,1975,1975,0.0,1.0,3.0,0.0,1.0,924,2.0,6.829793737512425,0,6.829793737512425,1,1.0,5,0,0.0,1.0,1,280,0,0,0,0,0,0,1,0,1,0,0,1,0,0,33,33,930.8297937375124,1.0,930.8297937375124
595,4.248495242049359,9.33282345619073,8,2005,2006,5.476463551931511,2.0,3.0,3.0,6.0,1814,4.0,7.510430556378006,0,7.510430556378006,2,2.0,7,1,3.0,3.0,3,758,180,75,0,0,1,0,0,0,0,1,1,0,1,1,1,0,1821.510430556378,3.0,1821.510430556378
596,4.110873864173311,8.188966863648876,6,1910,1993,0.0,1.0,2.0,0.0,1.0,684,4.0,6.529418838262226,684,7.221835825288449,1,1.0,7,0,0.0,1.0,1,216,0,158,0,0,1,1,1,0,1,0,0,1,0,0,96,13,1374.5294188382622,1.0,691.2218358252884
597,3.9889840465642745,8.274611946209552,7,2006,2007,4.290459441148391,2.0,4.0,2.0,1.0,1258,4.0,7.246368080102461,0,7.246368080102461,0,2.0,7,1,4.0,3.0,3,648,120,16,0,0,1,1,0,0,0,1,1,0,1,1,1,0,1265.2463680801025,2.0,1265.2463680801025
598,4.394449154672439,9.471550124096849,5,1977,1977,6.131226489483141,1.0,3.0,1.0,5.0,1430,4.0,7.4073177104694174,0,7.4073177104694174,2,2.0,7,1,3.0,3.0,2,621,0,0,0,0,0,0,0,0,1,0,1,0,0,0,29,29,1437.4073177104694,3.0,1437.4073177104694
599,3.2188758248682006,7.576097340623111,6,1980,1980,0.0,1.0,3.0,0.0,2.0,716,2.0,6.57507584059962,840,7.350516171833998,2,1.0,6,1,3.0,3.0,2,452,161,0,0,0,0,0,1,0,1,0,1,0,0,0,28,28,1562.5750758405998,3.5,723.350516171834
600,4.31748811353631,9.29908358181057,8,2005,2005,5.638354669333745,2.0,3.0,2.0,6.0,1058,4.0,6.9650803456014065,846,7.552237287560802,2,3.0,8,1,4.0,3.0,2,736,179,60,0,1,1,1,0,0,0,1,0,0,0,0,1,1,1910.9650803456013,3.5,1065.5522372875607
601,3.9318256327243257,9.105090961257085,6,1937,1950,0.0,1.0,2.0,0.0,1.0,780,2.0,6.660575149839686,595,7.226936018493289,1,2.0,6,1,4.0,1.0,1,544,0,162,0,0,0,0,1,0,0,1,0,1,0,0,70,57,1381.6605751498396,1.5,787.2269360184932
602,4.394449154672439,9.21453157659465,8,1992,1992,0.0,2.0,3.0,1.0,6.0,908,4.0,6.833031732786201,988,7.557994958530806,2,2.0,8,1,3.0,3.0,2,506,120,150,0,0,0,0,1,0,0,1,1,0,0,0,14,14,1902.8330317327864,3.5,915.5579949585308
603,3.4339872044851463,8.065579427282092,7,2004,2005,0.0,2.0,3.0,0.0,1.0,600,4.0,6.398594934535208,600,7.0909098220799835,2,2.0,4,0,0.0,2.0,2,480,0,172,0,0,0,0,1,0,0,1,0,1,0,0,6,5,1206.3985949345351,2.5,607.09090982208
604,4.48863636973214,9.457512901089753,7,2002,2002,4.605170185988092,2.0,3.0,1.0,6.0,1494,4.0,7.3098814858247865,0,7.3098814858247865,2,2.0,6,1,3.0,2.0,2,530,192,36,0,0,1,1,0,0,0,1,1,0,0,0,6,6,1501.3098814858247,3.0,1501.3098814858247
605,4.454347296253507,9.517898598432753,7,1965,1990,5.176149732573829,1.0,2.0,0.0,4.0,768,2.0,7.079184394609668,800,7.594381242551817,2,1.0,7,3,2.0,1.0,2,486,0,42,0,0,0,0,0,0,1,0,1,0,0,0,44,19,1575.0791843946097,2.5,775.5943812425518
606,4.418840607796598,9.430679995957659,5,1996,1996,0.0,1.0,3.0,0.0,6.0,1040,3.0,6.947937068614969,0,6.947937068614969,1,2.0,6,0,0.0,1.0,2,576,168,0,0,0,1,1,1,0,0,1,0,1,0,0,13,13,1046.947937068615,2.0,1046.947937068615
607,4.3694478524670215,8.962007209588313,5,1948,2002,0.0,1.0,2.0,0.0,6.0,896,4.0,7.014814351275545,896,7.605392364814935,3,3.0,8,0,0.0,1.0,1,230,103,0,0,0,0,0,1,0,1,0,1,0,0,0,58,4,1799.0148143512756,4.0,903.605392364815
608,4.3694478524670215,9.4066470133368,8,1934,1998,0.0,1.0,3.0,1.0,4.0,965,2.0,7.57095858316901,1254,8.069342366811636,2,1.0,10,2,4.0,1.0,2,380,0,0,0,0,0,0,1,0,0,1,0,0,0,0,73,9,2226.570958583169,2.5,973.0693423668116
609,4.127134385045092,8.980172205725008,4,1961,1961,5.262690188904886,1.0,2.0,1.0,3.0,1029,3.0,6.937314081223682,0,6.937314081223682,1,1.0,5,0,0.0,1.0,1,261,64,0,0,0,1,1,0,0,1,0,1,0,0,0,46,46,1035.9373140812236,2.0,1035.9373140812236
610,4.248495242049359,9.310276200588783,9,2000,2000,5.3230099791384085,2.0,4.0,1.0,6.0,1440,4.0,7.29776828253138,677,7.675081857716334,2,3.0,8,2,5.0,3.0,3,736,253,142,0,0,1,1,0,0,0,1,1,0,0,0,9,9,2124.2977682825313,3.5,1447.6750818577163
611,4.248495242049359,9.249176395761381,6,1978,1978,5.455321115357702,1.0,3.0,2.0,5.0,1032,2.0,6.940222469119639,0,6.940222469119639,2,1.0,6,1,3.0,1.0,2,564,0,0,0,0,0,0,0,0,1,0,1,0,0,0,29,29,1038.9402224691196,2.5,1038.9402224691196
612,4.248495242049359,9.383116515926606,8,2001,2001,4.6913478822291435,2.0,3.0,2.0,6.0,1299,4.0,7.170119543449628,573,7.5352967024440884,2,3.0,7,1,3.0,2.0,2,531,160,122,0,0,1,1,0,0,0,1,0,0,0,0,8,8,1879.1701195434496,3.5,1306.5352967024442
613,4.2626798770413155,9.036344063928219,5,2007,2007,0.0,1.0,3.0,0.0,5.0,1120,4.0,7.02197642307216,0,7.02197642307216,1,1.0,6,0,0.0,0.0,0,0,0,30,0,0,1,1,1,0,0,1,0,0,1,1,0,0,1127.0219764230721,1.0,1127.0219764230721
614,3.091042453358316,7.307872780763706,4,1972,1972,0.0,1.0,3.0,2.0,2.0,630,4.0,6.447305862541213,0,6.447305862541213,1,1.0,3,0,0.0,0.0,0,0,96,24,0,0,0,0,1,0,1,0,0,0,0,0,38,38,636.4473058625412,2.0,636.4473058625412
615,4.394449154672439,9.082620630373812,6,1963,1963,5.056245805348308,1.0,2.0,3.0,6.0,936,4.0,6.961296045910167,0,6.961296045910167,1,2.0,6,0,0.0,2.0,2,480,120,0,0,0,0,0,0,0,0,1,1,0,0,0,47,47,942.9612960459102,2.0,942.9612960459102
616,4.248495242049359,8.969796305981806,6,2002,2003,0.0,2.0,3.0,0.0,6.0,783,4.0,6.694562058521095,702,7.31986492980897,2,2.0,7,1,4.0,3.0,2,393,100,75,0,0,1,1,1,0,0,1,1,0,0,0,4,3,1491.6945620585211,3.5,790.319864929809
617,4.0943445622221,8.885717651712119,6,1954,1954,0.0,1.0,2.0,0.0,1.0,832,3.0,6.725033642166843,0,6.725033642166843,1,2.0,4,0,0.0,1.0,2,528,0,0,0,0,0,0,1,0,1,0,0,1,0,0,54,54,838.7250336421669,1.0,838.7250336421669
618,4.51085950651685,9.36691667901828,9,2007,2007,6.115892125483034,3.0,4.0,2.0,6.0,1822,4.0,7.511524648390866,0,7.511524648390866,2,2.0,9,1,4.0,1.0,3,774,0,108,0,1,0,0,0,0,0,1,1,0,1,1,0,0,1829.5115246483908,2.0,1829.5115246483908
619,4.454347296253507,9.412872969386267,8,2003,2003,5.424950017481403,2.0,3.0,3.0,6.0,1482,4.0,7.301822342137932,780,7.724446645633537,2,2.0,10,2,4.0,3.0,3,749,168,0,0,0,1,1,0,1,0,1,1,0,0,0,5,5,2269.3018223421377,3.5,1489.7244466456336
620,3.828641396489095,9.017847259860732,3,1914,1950,0.0,1.0,2.0,0.0,4.0,864,2.0,6.762729506931879,0,6.762729506931879,1,1.0,5,0,0.0,0.0,0,0,0,0,0,0,0,0,1,0,0,0,0,0,0,0,94,58,870.7627295069319,2.0,870.7627295069319
621,4.51085950651685,9.287394001418473,6,1974,1997,0.0,1.0,2.0,0.0,5.0,1522,2.0,7.3453648404168685,1066,7.869019376499023,2,1.0,9,1,3.0,2.0,2,624,38,243,0,0,0,0,1,0,1,0,1,0,0,0,34,11,2595.3453648404166,2.5,1529.869019376499
622,4.276666119016055,8.862908295118627,5,1977,1977,5.0369526024136295,1.0,2.0,0.0,4.0,980,2.0,6.8885724595653635,0,6.8885724595653635,1,1.0,6,0,0.0,1.0,2,484,192,0,0,0,0,0,0,0,1,0,0,1,0,0,32,32,986.8885724595654,1.0,986.8885724595654
623,4.248495242049359,7.658227526161352,6,2000,2000,6.2422232654551655,2.0,3.0,0.0,6.0,756,4.0,6.6293632534374485,756,7.321849713788356,2,2.0,4,1,3.0,1.0,2,440,0,32,0,0,0,0,0,0,0,1,0,1,0,0,7,7,1518.6293632534375,2.5,763.3218497137883
624,4.394449154672439,9.249657234353133,6,1972,1972,5.666426688112432,1.0,2.0,0.0,3.0,732,3.0,6.920671504248683,778,7.490529402060711,1,1.0,8,1,3.0,2.0,2,484,148,0,0,0,1,1,1,0,1,0,1,0,0,0,34,34,1516.9206715042487,3.0,739.4905294020607
625,4.477336814478207,9.210440366976517,6,1962,1962,5.568344503761097,1.0,2.0,0.0,1.0,1116,2.0,7.018401799069201,0,7.018401799069201,1,1.0,5,0,0.0,1.0,2,440,0,0,0,0,0,0,0,0,1,0,1,0,0,0,48,48,1123.0184017990691,1.5,1123.0184017990691
626,4.248495242049359,9.42084437974393,5,1960,1978,0.0,1.0,2.0,0.0,1.0,978,2.0,7.260522598089852,0,7.260522598089852,1,1.0,6,1,3.0,2.0,1,286,0,0,0,0,0,0,1,0,1,0,1,0,0,0,47,29,985.2605225980899,1.0,985.2605225980899
627,4.394449154672439,9.169622538697624,6,1955,1972,5.10594547390058,1.0,2.0,2.0,4.0,1156,4.0,7.327123292259293,0,7.327123292259293,1,1.0,7,2,4.0,2.0,1,364,0,0,0,0,0,0,0,0,1,0,0,0,0,0,55,38,1163.3271232922593,2.0,1163.3271232922593
628,4.2626798770413155,9.359363643368622,5,1969,1969,5.262690188904886,1.0,3.0,2.0,3.0,1040,2.0,6.947937068614969,1040,7.640603826393634,1,0.0,9,2,3.0,1.0,2,504,335,0,0,0,0,0,0,0,0,1,1,0,0,0,38,38,2086.947937068615,2.5,1047.6406038263935
629,4.418840607796598,9.107310471656639,6,1964,1964,5.560681631015528,1.0,2.0,3.0,6.0,1248,2.0,7.208600337960199,0,7.208600337960199,1,1.0,6,0,0.0,2.0,2,520,176,0,0,0,0,0,0,0,1,0,1,0,0,0,44,44,1255.2086003379602,2.5,1255.2086003379602
630,3.9318256327243257,9.105090961257085,5,1880,1991,0.0,1.0,1.0,0.0,1.0,636,2.0,6.993932975223189,661,7.467942332285852,1,3.0,8,0,0.0,1.0,1,240,0,0,0,0,1,1,1,0,0,0,0,1,0,0,126,15,1303.9939329752233,1.0,643.4679423322858
631,3.5553480614894135,8.431853144249223,8,2006,2006,4.6913478822291435,2.0,3.0,1.0,6.0,1554,4.0,7.349230824613334,0,7.349230824613334,2,2.0,6,1,4.0,2.0,2,627,156,73,0,1,1,1,0,1,0,1,1,0,0,0,1,1,1561.3492308246134,2.0,1561.3492308246134
632,4.454347296253507,9.38437770918244,7,1977,1977,5.3471075307174685,1.0,2.0,0.0,5.0,1386,2.0,7.252762418053187,0,7.252762418053187,2,1.0,6,1,3.0,3.0,2,544,192,0,0,0,0,0,0,0,1,0,1,0,0,0,32,32,1393.2527624180532,2.0,1393.2527624180532
633,4.394449154672439,9.132486932771318,5,1954,2005,0.0,1.0,2.0,0.0,4.0,1056,2.0,6.963189985870238,0,6.963189985870238,1,1.0,6,0,0.0,1.0,1,260,390,0,0,0,0,0,1,0,1,0,1,0,0,0,53,2,1062.9631899858703,1.5,1062.9631899858703
634,4.174387269895637,8.850804195756417,6,1980,1980,0.0,1.0,2.0,0.0,6.0,1056,3.0,6.963189985870238,0,6.963189985870238,0,1.0,4,0,0.0,1.0,2,576,264,56,0,0,0,0,1,0,1,0,0,1,0,0,30,30,1062.9631899858703,2.0,1062.9631899858703
635,4.110873864173311,9.296242800976886,6,1914,1995,0.0,0.0,2.0,0.0,2.0,1440,4.0,7.273092595999522,1440,8.130353547431238,2,0.0,14,0,0.0,0.0,0,0,0,110,0,0,1,1,1,0,1,0,0,0,0,0,93,12,2887.2730925959995,2.0,1448.1303535474312
636,3.9512437185814275,8.71948076085107,2,1936,1950,0.0,0.0,2.0,0.0,1.0,264,1.0,6.68586094706836,0,6.68586094706836,1,0.0,4,1,1.0,0.0,0,0,0,0,0,0,0,0,1,0,0,0,0,0,0,0,73,59,270.68586094706836,1.0,270.68586094706836
637,3.9318256327243257,8.699681400989514,5,1954,1954,0.0,1.0,2.0,0.0,1.0,811,2.0,6.699500340161678,576,7.23561914106675,2,2.0,7,0,0.0,1.0,1,256,0,0,0,0,0,0,1,0,1,0,0,0,0,0,55,55,1393.6995003401616,2.0,818.2356191410668
638,4.219507705176107,9.080003870248179,5,1910,1950,0.0,1.0,1.0,0.0,1.0,796,3.0,6.680854678790215,0,6.680854678790215,1,1.0,4,0,0.0,0.0,0,0,328,0,0,0,0,0,1,0,1,0,0,0,0,0,98,58,802.6808546787902,1.0,802.6808546787902
639,3.9889840465642745,8.289790583181643,8,2006,2006,0.0,2.0,3.0,2.0,6.0,1520,4.0,7.357556200910353,0,7.357556200910353,2,3.0,7,1,4.0,3.0,3,648,312,0,0,0,1,1,1,0,0,1,1,0,1,1,0,0,1527.3575562009103,3.0,1527.3575562009103
640,4.143134726391533,9.447623486844112,8,2003,2004,6.159095388491933,3.0,4.0,3.0,6.0,1518,4.0,7.325807502595773,0,7.325807502595773,1,3.0,6,1,4.0,2.0,2,588,185,140,0,1,0,0,0,0,0,1,1,0,0,0,5,4,1525.3258075025958,1.5,1525.3258075025958
641,4.248495242049359,8.860924729719041,7,2001,2001,0.0,2.0,3.0,0.0,6.0,1057,4.0,6.964135612418245,872,7.5652752818989315,2,2.0,7,1,3.0,3.0,2,650,0,235,0,0,1,1,1,0,0,1,1,0,0,0,6,6,1935.9641356124182,3.5,1064.565275281899
642,4.330733340286331,9.536834420213353,8,1972,1995,0.0,2.0,3.0,3.0,6.0,1952,3.0,7.601402334583733,704,7.902857191280582,2,3.0,9,3,3.0,3.0,2,538,269,111,0,0,0,0,1,0,1,0,1,0,0,0,37,14,2663.601402334584,3.5,1959.9028571912806
643,4.394449154672439,9.286745703178589,5,1969,1969,5.575949103146316,1.0,2.0,0.0,3.0,780,4.0,6.660575149839686,840,7.390798521735676,2,1.0,7,0,0.0,3.0,2,462,208,0,0,0,0,0,0,0,1,0,1,0,0,0,38,38,1626.6605751498396,2.5,787.3907985217356
644,4.454347296253507,9.125653563808989,9,2009,2009,5.093750200806762,3.0,4.0,1.0,6.0,1766,4.0,7.4770384723196965,0,7.4770384723196965,2,3.0,7,1,4.0,3.0,3,478,195,130,0,0,0,0,0,1,0,1,1,0,1,1,0,0,1773.4770384723197,3.5,1773.4770384723197
645,4.248495242049359,9.262078567380597,6,1971,1971,0.0,1.0,2.0,0.0,5.0,981,2.0,6.889591308354466,0,6.889591308354466,1,1.0,5,0,0.0,1.0,2,576,0,312,0,0,0,0,1,0,1,0,0,1,0,0,36,36,987.8895913083545,2.5,987.8895913083545
646,4.110873864173311,8.881975184248867,5,1950,1950,0.0,1.0,0.0,0.0,0.0,0,3.0,6.955592608396297,0,6.955592608396297,1,1.0,7,0,0.0,1.0,2,420,0,27,0,0,0,0,1,0,1,0,0,1,0,0,58,58,6.955592608396297,1.0,6.955592608396297
647,4.454347296253507,9.254644297532707,6,1953,1953,5.37989735354046,1.0,2.0,1.0,3.0,1094,4.0,6.9985096422506015,0,6.9985096422506015,1,1.0,5,2,4.0,2.0,2,495,0,0,0,0,0,0,0,1,1,0,1,0,0,0,55,55,1100.9985096422506,1.0,1100.9985096422506
648,4.2626798770413155,8.94910546953925,6,1966,1966,5.863631175598097,1.0,2.0,0.0,1.0,756,2.0,6.9584483932976555,788,7.517520850603031,1,1.0,7,1,3.0,1.0,2,442,0,124,0,0,0,0,0,0,1,0,1,0,0,0,44,44,1550.9584483932977,1.5,763.517520850603
649,3.091042453358316,7.5688956634069955,4,1970,1970,0.0,1.0,3.0,2.0,4.0,630,3.0,6.447305862541213,0,6.447305862541213,1,1.0,3,0,0.0,0.0,0,0,0,0,0,0,0,0,1,0,1,0,0,0,0,0,37,37,636.4473058625412,2.0,636.4473058625412
650,4.189654742026425,9.002824076547672,7,2007,2007,0.0,2.0,3.0,0.0,1.0,813,4.0,6.71295620067707,843,7.418180822726788,2,2.0,7,0,0.0,2.0,2,562,0,0,0,0,0,0,1,0,0,1,1,0,0,0,1,1,1662.7129562006771,2.5,820.4181808227268
651,4.110873864173311,9.114379980830272,4,1940,1950,0.0,1.0,2.0,1.0,1.0,755,2.0,6.628041376179533,755,7.32052696227274,1,1.0,7,1,4.0,1.0,1,296,120,0,0,0,0,0,1,0,1,0,0,1,0,0,69,59,1516.6280413761797,2.0,762.3205269622728
652,4.2626798770413155,9.076923258535832,7,1996,1996,0.0,2.0,3.0,0.0,1.0,880,4.0,6.813444599510896,807,7.448333860897476,2,2.0,7,1,3.0,2.0,2,512,0,120,0,0,1,1,1,0,0,1,1,0,0,0,13,13,1693.813444599511,2.5,887.4483338608975
653,4.110873864173311,9.241935933565934,6,1906,1995,0.0,1.0,2.0,0.0,1.0,756,4.0,6.6293632534374485,713,7.293017679772782,1,1.0,7,0,0.0,1.0,1,216,57,0,0,0,0,0,1,0,1,0,0,1,0,0,102,13,1475.6293632534375,1.0,763.2930176797728
654,4.5217885770490405,9.25320827220336,8,1995,1995,6.493753839851686,2.0,3.0,3.0,6.0,2109,4.0,7.656337166430183,0,7.656337166430183,2,2.0,7,1,3.0,3.0,3,839,236,46,1,0,0,0,0,0,0,1,1,0,0,0,13,13,2116.65633716643,3.5,2116.65633716643
655,3.091042453358316,7.427144133408616,6,1971,1971,5.945420608606575,1.0,2.0,0.0,1.0,525,2.0,6.26530121273771,567,6.996681488176539,1,1.0,6,0,0.0,1.0,1,264,0,0,0,0,0,0,0,0,1,0,0,1,0,0,39,39,1098.2653012127375,1.5,531.9966814881766
656,4.290459441148391,9.211140052146748,5,1959,2006,4.007333185232471,2.0,2.0,0.0,5.0,1053,4.0,6.960347729101308,0,6.960347729101308,1,2.0,5,0,0.0,2.0,1,312,0,0,0,0,0,0,0,0,1,0,1,0,0,0,49,2,1059.9603477291014,2.5,1059.9603477291014
657,4.110873864173311,8.881975184248867,7,1931,2000,0.0,1.0,3.0,0.0,1.0,776,2.0,6.747586526829315,651,7.315218389752975,1,1.0,6,1,4.0,2.0,1,270,0,0,0,0,0,0,1,0,0,0,1,0,0,0,77,8,1433.7475865268293,1.5,783.315218389753
658,4.3694478524670215,9.770184705221707,6,1948,1950,0.0,1.0,2.0,0.0,1.0,912,2.0,6.816735880594968,546,7.285506548522785,1,1.0,6,1,4.0,1.0,1,330,192,0,0,0,1,1,1,0,1,0,1,0,0,0,62,60,1464.816735880595,1.5,919.2855065485228
659,4.330733340286331,9.204121072162266,5,1964,1999,0.0,1.0,2.0,0.0,4.0,1486,4.0,7.304515946460155,0,7.304515946460155,1,1.0,7,0,0.0,3.0,2,480,0,0,0,0,0,0,1,0,0,1,0,1,0,0,45,10,1493.3045159464602,2.0,1493.3045159464602
660,4.248495242049359,9.42424134192346,7,1976,1976,5.455321115357702,1.0,3.0,0.0,1.0,793,2.0,7.04141166379481,793,7.568379267836522,2,1.0,7,1,3.0,2.0,2,550,0,113,0,0,0,0,0,0,1,0,1,0,0,0,31,31,1593.0414116637949,2.5,800.5683792678366
661,3.970291913552122,10.749141204810842,8,1994,2005,6.270988431858299,2.0,3.0,0.0,6.0,1629,4.0,7.430707082545968,762,7.803435056952168,2,2.0,8,1,3.0,2.0,3,711,517,76,1,0,1,1,0,0,0,1,1,0,0,0,15,4,2398.430707082546,3.5,1636.8034350569521
662,4.795790545596741,9.514953305087944,6,1968,1968,5.37989735354046,1.0,1.0,0.0,1.0,1392,3.0,7.239214973779806,0,7.239214973779806,1,1.0,5,2,3.0,2.0,2,576,0,0,0,0,0,0,0,0,1,0,1,0,0,0,41,41,1399.2392149737798,2.0,1399.2392149737798
663,4.51085950651685,9.211639527707803,4,1972,1972,0.0,1.0,3.0,2.0,4.0,1138,2.0,7.074963197966044,0,7.074963197966044,2,1.0,6,0,0.0,2.0,2,588,0,0,0,0,0,0,1,0,1,0,0,1,0,0,36,36,1145.074963197966,3.0,1145.074963197966
664,3.912023005428146,9.947360886980098,8,2005,2006,0.0,2.0,4.0,1.0,6.0,2077,4.0,7.6487397889562425,0,7.6487397889562425,1,3.0,8,1,5.0,3.0,3,1134,192,267,0,0,1,1,1,0,0,1,1,0,1,1,1,0,2084.6487397889564,2.5,2084.6487397889564
665,4.672828834461906,9.323222529032856,8,2000,2000,3.713572066704308,2.0,3.0,0.0,1.0,1406,4.0,7.282761179605593,482,7.5688956634069955,2,2.0,7,1,3.0,2.0,2,504,188,124,0,0,1,1,0,0,0,1,1,0,0,0,6,6,1895.2827611796056,2.5,1413.568895663407
666,4.248495242049359,9.822873848541882,6,1965,1979,4.736198448394496,1.0,3.0,0.0,2.0,1021,2.0,7.290292882446597,915,7.7752758464868625,2,1.0,7,1,1.0,1.0,2,596,0,265,0,0,0,0,0,0,1,0,0,0,0,0,42,28,1943.2902928824467,2.5,1028.775275846487
667,4.189654742026425,9.002824076547672,6,1994,1998,5.556828061699537,1.0,3.0,0.0,6.0,1408,4.0,7.426549072397305,0,7.426549072397305,2,2.0,7,1,2.0,2.0,2,575,224,42,0,0,0,0,0,0,0,1,1,0,0,0,14,10,1415.4265490723974,3.0,1415.4265490723974
668,4.248495242049359,9.559305672844863,5,1956,1987,0.0,1.0,2.0,0.0,3.0,1188,3.0,7.271008538280992,0,7.271008538280992,1,1.0,6,1,3.0,1.0,2,576,304,0,0,0,0,0,1,0,1,0,0,1,0,0,50,19,1195.271008538281,2.5,1195.271008538281
669,4.394449154672439,9.358846580275406,4,1922,1950,0.0,1.0,1.0,0.0,1.0,700,4.0,7.074116816197362,0,7.074116816197362,1,0.0,5,1,4.0,1.0,1,252,0,0,0,0,0,0,1,0,0,0,0,1,0,0,84,56,707.0741168161974,1.0,707.0741168161974
670,4.174387269895637,9.063463176115423,6,2005,2005,0.0,2.0,3.0,0.0,6.0,738,4.0,6.6052979209482015,738,7.29776828253138,2,2.0,7,0,0.0,3.0,2,540,100,35,0,0,1,1,1,0,0,1,1,0,0,0,4,4,1482.605297920948,3.5,745.2977682825314
671,4.007333185232471,8.799360083179907,6,1925,1950,0.0,1.0,2.0,0.0,4.0,672,2.0,6.548219102762372,672,7.222566018822171,2,1.0,6,0,0.0,1.0,1,300,147,0,0,0,0,0,1,0,0,0,0,1,0,0,84,59,1350.5482191027622,3.0,679.2225660188221
672,4.248495242049359,9.328212292571072,6,1977,1977,0.0,2.0,3.0,0.0,5.0,1208,2.0,7.097548850614793,0,7.097548850614793,1,1.0,6,1,3.0,2.0,2,546,198,42,0,0,0,0,1,0,1,0,1,0,0,0,29,29,1215.0975488506149,2.5,1215.0975488506149
673,4.709530201312334,9.577965147101168,6,1957,2004,4.672828834461906,1.0,2.0,0.0,6.0,1477,4.0,7.517520850603031,0,7.517520850603031,2,2.0,7,2,3.0,3.0,2,416,0,87,0,0,0,0,0,0,0,1,1,0,0,0,50,3,1484.517520850603,3.0,1484.517520850603
674,4.394449154672439,9.127067452782361,6,1965,1965,0.0,1.0,2.0,0.0,3.0,1136,2.0,7.036148493750536,0,7.036148493750536,1,1.0,5,1,4.0,2.0,1,384,426,0,0,0,0,0,1,0,1,0,1,0,0,0,43,43,1143.0361484937505,2.0,1143.0361484937505
675,3.2188758248682006,7.736307096548285,6,1978,1978,0.0,1.0,2.0,0.0,5.0,855,2.0,6.752270376141742,586,7.273786317844895,2,1.0,7,1,3.0,1.0,2,440,28,0,0,0,0,0,1,0,1,0,1,0,0,0,31,31,1447.7522703761417,2.5,862.273786317845
676,4.110873864173311,9.169622538697624,4,1900,1950,0.0,1.0,2.0,0.0,1.0,1095,1.0,6.999422467507961,679,7.4815557019095165,2,1.0,8,0,0.0,1.0,3,779,0,0,0,0,0,0,1,0,0,0,0,0,0,0,106,56,1780.9994224675079,3.0,1102.4815557019094
677,3.970291913552122,9.107532151994501,5,1924,2006,0.0,2.0,2.0,0.0,1.0,768,4.0,6.675823221634848,0,6.675823221634848,1,2.0,5,0,0.0,1.0,1,240,316,0,0,0,1,1,1,0,0,0,0,1,0,0,85,3,774.6758232216348,1.0,774.6758232216348
678,4.394449154672439,9.379661116592885,8,2008,2008,6.142037405587356,2.0,4.0,1.0,1.0,2046,4.0,7.624130585661289,0,7.624130585661289,2,2.0,7,1,4.0,3.0,3,834,322,82,0,0,1,1,0,1,0,1,1,0,1,1,1,1,2053.624130585661,2.5,2053.624130585661
679,4.248495242049359,9.204925739274683,5,1961,1961,4.060443010546419,1.0,2.0,0.0,3.0,988,2.0,6.8966943316227125,0,6.8966943316227125,1,1.0,5,0,0.0,1.0,2,572,0,0,0,0,0,0,0,0,1,0,0,1,0,0,46,46,994.8966943316227,2.0,994.8966943316227
680,3.9318256327243257,8.98882050177807,6,1980,1980,0.0,1.0,3.0,0.0,4.0,923,2.0,6.828712071641684,0,6.828712071641684,2,1.0,5,1,3.0,2.0,1,264,80,0,0,0,0,0,1,0,1,0,1,0,0,0,30,30,929.8287120716417,2.0,929.8287120716417
681,4.02535169073515,8.412054873292933,5,1932,2000,0.0,1.0,2.0,0.0,3.0,793,4.0,6.744059186311348,672,7.327123292259293,1,1.0,6,0,0.0,1.0,1,281,0,0,0,0,1,0,1,0,0,0,0,1,0,0,77,9,1471.7440591863115,1.0,800.3271232922593
682,4.248495242049359,7.968319500012717,6,1996,1997,0.0,1.0,3.0,1.0,6.0,1291,4.0,7.163946684342547,0,7.163946684342547,1,2.0,6,1,4.0,1.0,2,431,307,0,0,0,0,0,1,0,0,1,1,0,0,0,12,11,1298.1639466843426,2.0,1298.1639466843426
683,4.51085950651685,9.328034514792826,9,2002,2002,5.375278407684165,2.0,3.0,2.0,6.0,1626,4.0,7.419979923661835,0,7.419979923661835,2,2.0,7,1,3.0,3.0,3,702,257,45,0,0,1,1,0,1,0,1,1,0,0,0,5,5,1633.419979923662,3.0,1633.419979923662
684,4.07753744390572,9.727406483331627,7,1998,1998,3.4339872044851463,2.0,3.0,0.0,1.0,1195,3.0,7.086737934510577,644,7.517520850603031,2,1.0,7,0,0.0,3.0,2,486,0,81,1,0,1,1,0,0,0,1,1,0,0,0,12,12,1846.0867379345107,2.5,1202.517520850603
685,4.248495242049359,8.529714471969909,7,1984,1984,0.0,2.0,3.0,1.0,6.0,1190,3.0,7.0825485693553,900,7.645397699428633,2,2.0,6,1,3.0,3.0,2,577,219,0,0,0,0,0,1,0,1,0,1,0,0,0,23,23,2097.0825485693554,3.0,1197.6453976994287
686,4.442651256490317,9.23092700558457,7,2007,2007,0.0,2.0,3.0,0.0,1.0,874,4.0,6.774223886357614,887,7.474204806496124,3,2.0,7,0,0.0,3.0,2,578,144,105,0,0,1,1,1,0,0,1,1,0,1,1,0,0,1767.7742238863575,3.0,881.4742048064961
687,4.248495242049359,8.53817159780143,7,2004,2004,0.0,2.0,3.0,0.0,6.0,551,4.0,6.313548046277095,551,7.005789019253503,2,2.0,4,0,0.0,1.0,2,480,0,60,0,0,0,0,1,0,0,1,0,1,0,0,3,3,1108.313548046277,2.5,558.0057890192535
688,4.110873864173311,8.998384010052538,8,2007,2007,0.0,2.0,3.0,2.0,6.0,1419,4.0,7.258412150595307,0,7.258412150595307,2,2.0,7,1,4.0,2.0,2,567,140,0,0,0,0,0,0,0,0,1,1,0,1,1,0,0,1426.2584121505954,3.0,1426.2584121505954
689,4.127134385045092,8.933004591578547,6,2005,2006,5.54907608489522,2.0,3.0,2.0,5.0,1362,4.0,7.217443431696533,0,7.217443431696533,2,2.0,6,1,4.0,2.0,2,460,192,28,0,1,1,1,0,1,0,1,1,0,0,0,2,1,1369.2174434316964,2.0,1369.2174434316964
690,4.248495242049359,8.395477432732141,6,2004,2004,4.997212273764115,2.0,3.0,3.0,6.0,848,4.0,6.744059186311348,0,6.744059186311348,1,2.0,3,1,3.0,2.0,2,420,149,0,0,0,1,1,0,0,0,1,1,0,0,0,4,4,854.7440591863113,2.0,854.7440591863113
691,4.653960350157523,9.977481232444454,10,1994,1995,7.065613363597717,3.0,4.0,3.0,6.0,2444,4.0,7.801800401908973,1872,8.370315995555478,3,3.0,10,2,5.0,3.0,3,832,382,50,1,0,0,0,0,0,0,1,1,0,0,0,13,12,4323.801800401909,4.0,2452.3703159955553
692,3.7612001156935624,10.172712841637342,7,1989,1990,5.683579767338681,2.0,3.0,3.0,6.0,1210,4.0,7.122059881629142,1281,7.832014180505469,2,2.0,9,2,4.0,2.0,2,628,320,27,0,0,0,0,0,0,0,1,1,0,0,0,17,16,2498.122059881629,3.5,1217.8320141805054
693,4.110873864173311,8.594339400592892,5,1921,1968,0.0,1.0,2.0,0.0,1.0,1073,4.0,6.97914527506881,0,6.97914527506881,1,1.0,4,0,0.0,1.0,1,326,0,0,0,0,0,0,1,0,0,0,0,1,0,0,85,38,1079.9791452750687,1.0,1079.9791452750687
694,3.9512437185814275,8.71948076085107,5,1936,1950,0.0,1.0,2.0,0.0,1.0,927,2.0,6.97354301952014,472,7.3395376954076745,1,1.0,5,0,0.0,1.0,2,576,112,0,0,0,0,0,1,0,0,0,0,1,0,0,73,59,1405.97354301952,1.5,934.3395376954077
695,4.007333185232471,9.533293058509884,6,1987,1987,4.290459441148391,1.0,3.0,0.0,6.0,1112,3.0,7.037027614686276,0,7.037027614686276,2,2.0,5,1,3.0,1.0,2,551,125,0,0,0,0,0,0,0,1,0,1,0,0,0,19,19,1119.0370276146862,3.0,1119.0370276146862
696,3.9318256327243257,8.699681400989514,5,1921,1950,0.0,1.0,2.0,0.0,2.0,616,3.0,6.424869023905388,0,6.424869023905388,1,1.0,4,0,0.0,1.0,1,205,0,0,0,0,0,0,1,0,1,0,0,1,0,0,85,56,622.4248690239054,1.0,622.4248690239054
697,4.060443010546419,8.76732914779405,5,1952,1952,0.0,1.0,4.0,1.0,2.0,980,1.0,7.046647277848756,0,7.046647277848756,1,1.0,6,0,0.0,1.0,1,308,0,0,0,0,0,0,1,0,0,1,0,1,0,0,54,54,987.0466472778487,1.5,987.0466472778487
698,4.189654742026425,9.042040056544483,5,1965,2009,0.0,1.0,2.0,0.0,6.0,894,4.0,6.796823718274855,0,6.796823718274855,1,1.0,5,1,4.0,1.0,1,336,416,144,0,0,0,0,1,0,1,0,0,1,0,0,45,1,900.7968237182748,2.0,900.7968237182748
699,4.0943445622221,8.36240897761537,7,2004,2004,0.0,2.0,3.0,1.0,6.0,1391,4.0,7.238496840894365,0,7.238496840894365,2,2.0,5,0,0.0,2.0,2,530,156,158,0,0,0,0,1,0,0,1,1,0,0,0,4,4,1398.2384968408944,2.0,1398.2384968408944
700,4.454347296253507,9.570250078424845,8,2002,2002,6.447305862541213,2.0,4.0,3.0,6.0,1800,4.0,7.496097345175956,0,7.496097345175956,2,2.0,7,1,4.0,3.0,3,765,270,78,0,0,1,1,0,0,0,1,1,0,0,0,4,4,1807.496097345176,3.0,1807.496097345176
701,4.394449154672439,9.169622538697624,7,1969,1969,5.1298987149230735,1.0,2.0,0.0,1.0,1164,2.0,7.060476365999801,0,7.060476365999801,1,1.0,6,0,0.0,1.0,2,528,0,0,0,0,0,0,0,0,1,0,1,0,0,0,37,37,1171.0604763659999,1.5,1171.0604763659999
702,4.418840607796598,9.428591977209965,8,2006,2006,6.1463292576688975,3.0,4.0,0.0,1.0,1234,4.0,7.142827401161621,1312,7.854381210652365,2,3.0,10,1,4.0,3.0,3,666,324,100,0,0,1,1,0,0,0,1,0,0,1,1,0,0,2553.1428274011614,2.5,1241.8543812106523
703,4.343805421853684,8.939974177289633,5,1900,1996,0.0,1.0,3.0,0.0,1.0,360,3.0,6.940222469119639,780,7.502738210754851,2,2.0,8,1,1.0,1.0,2,672,344,0,0,0,0,0,1,0,0,0,0,1,0,0,110,14,1146.9402224691196,2.0,367.50273821075484
704,4.2626798770413155,9.036106025364846,7,2004,2005,4.700480365792417,2.0,3.0,2.0,6.0,1473,4.0,7.3031700512368,0,7.3031700512368,2,2.0,7,0,0.0,2.0,2,606,0,35,0,0,1,1,0,0,0,1,1,0,0,0,6,5,1480.3031700512367,3.0,1480.3031700512367
705,4.2626798770413155,8.630700432209832,4,1930,1950,0.0,0.0,0.0,0.0,0.0,0,1.0,5.921578419643816,720,6.996681488176539,2,0.0,7,0,0.0,0.0,0,0,0,0,0,0,1,0,1,0,0,0,0,0,0,0,80,60,725.9215784196438,2.0,6.996681488176539
706,4.248495242049359,11.65399090524883,7,1971,2002,5.863631175598097,1.0,3.0,3.0,6.0,1643,2.0,7.509335266016592,0,7.509335266016592,2,2.0,5,2,3.0,1.0,2,739,380,48,0,0,0,0,0,1,1,0,1,0,0,0,36,5,1650.5093352660165,3.0,1650.5093352660165
707,3.8918202981106265,8.738895704934043,8,2006,2006,5.176149732573829,2.0,3.0,0.0,6.0,1324,4.0,7.1891677384203225,0,7.1891677384203225,2,2.0,6,1,4.0,3.0,2,550,192,38,0,1,0,0,0,0,0,1,1,0,0,0,3,3,1331.1891677384203,3.0,1331.1891677384203
708,4.189654742026425,9.107088742165708,7,2007,2007,0.0,2.0,3.0,2.0,1.0,728,4.0,6.591673732008658,728,7.284134806195205,2,2.0,8,1,4.0,3.0,2,400,100,24,0,0,1,1,1,0,0,1,1,0,1,1,0,0,1462.5916737320085,2.5,735.2841348061952
709,4.248495242049359,8.876684166614451,5,1966,1966,3.7376696182833684,1.0,2.0,0.0,1.0,876,2.0,6.807934943699926,0,6.807934943699926,1,1.0,6,0,0.0,1.0,1,408,0,0,0,0,0,0,0,0,0,1,1,0,0,0,42,42,882.8079349436999,1.0,882.8079349436999
710,4.04305126783455,8.326274787396764,3,1935,2003,0.0,2.0,2.0,0.0,1.0,270,3.0,6.593044534142437,0,6.593044534142437,1,1.0,5,0,0.0,0.0,0,0,0,0,0,0,1,1,1,0,1,0,0,0,0,0,73,5,276.59304453414245,1.0,276.59304453414245
711,4.204692619390966,9.072571442231286,4,1900,1950,0.0,1.0,2.0,1.0,1.0,859,3.0,6.756932389247553,319,7.072421900537371,1,1.0,7,0,0.0,2.0,1,384,68,0,0,0,0,0,1,0,0,0,0,1,0,0,110,60,1184.7569323892476,1.0,866.0724219005374
712,3.713572066704308,8.449342524508063,8,1988,1989,0.0,2.0,3.0,1.0,6.0,1228,3.0,7.113956109566034,0,7.113956109566034,2,2.0,5,1,4.0,3.0,2,472,168,120,0,0,0,0,1,0,0,1,1,0,0,0,20,19,1235.113956109566,3.0,1235.113956109566
713,4.110873864173311,9.197660318818809,4,1970,1970,5.081404364984463,1.0,2.0,2.0,5.0,960,2.0,6.8679744089702925,0,6.8679744089702925,1,1.0,6,0,0.0,1.0,2,576,0,288,0,0,0,0,0,0,1,0,0,1,0,0,36,36,966.8679744089703,2.0,966.8679744089703
714,4.248495242049359,9.511777409660299,6,1976,2005,5.66988092298052,2.0,2.0,0.0,6.0,725,4.0,6.587550014824796,754,7.299797366758161,2,2.0,6,0,0.0,2.0,2,475,0,44,0,0,0,0,0,0,1,0,1,0,0,0,34,5,1485.587550014825,2.5,732.2997973667582
715,4.3694478524670215,9.224341891611996,6,1974,1974,5.1647859739235145,1.0,3.0,0.0,1.0,1064,2.0,7.208600337960199,0,7.208600337960199,2,1.0,7,1,3.0,2.0,2,478,0,0,0,0,0,0,0,0,1,0,1,0,0,0,35,35,1071.2086003379602,2.0,1071.2086003379602
716,4.110873864173311,9.287394001418473,7,1890,1998,0.0,1.0,2.0,0.0,1.0,718,4.0,7.3632795869630385,978,7.845807502637805,1,1.0,8,0,0.0,1.0,2,704,0,48,0,0,0,1,1,0,0,0,0,1,0,0,117,9,1703.363279586963,1.5,725.8458075026379
717,4.394449154672439,9.210440366976517,5,1973,2000,0.0,1.0,3.0,0.0,4.0,1176,3.0,7.072421900537371,0,7.072421900537371,1,2.0,5,1,2.0,1.0,2,439,224,0,0,0,0,0,1,0,1,0,1,0,0,0,35,8,1183.0724219005374,2.0,1183.0724219005374
718,4.574710978503383,9.26321741157695,7,1993,1994,6.480044561926653,2.0,3.0,3.0,6.0,1311,4.0,7.189922170745808,1093,7.791109510610028,2,2.0,9,1,3.0,2.0,3,983,250,154,1,0,0,0,0,0,0,1,1,0,0,0,15,14,2411.189922170746,3.5,1318.79110951061
719,4.248495242049359,9.202409001649903,5,1969,1969,0.0,1.0,3.0,3.0,5.0,971,2.0,6.879355804460439,0,6.879355804460439,1,1.0,5,1,1.0,1.0,1,300,0,0,0,0,0,0,1,0,1,0,1,0,0,0,37,37,977.8793558044605,1.5,977.8793558044605
720,4.248495242049359,8.789355452209982,8,1985,1985,0.0,2.0,3.0,3.0,6.0,1742,2.0,7.463363045520021,0,7.463363045520021,2,2.0,5,1,3.0,2.0,2,564,114,28,0,0,0,0,1,0,0,1,1,0,0,0,21,21,1749.46336304552,3.0,1749.46336304552
721,4.248495242049359,8.395477432732141,6,2004,2004,5.135798437050262,2.0,3.0,2.0,6.0,848,4.0,6.744059186311348,0,6.744059186311348,1,2.0,3,0,0.0,2.0,2,420,160,0,0,0,1,1,0,0,0,1,1,0,0,0,6,6,854.7440591863113,2.0,854.7440591863113
722,4.2626798770413155,9.002208578282412,4,1970,1970,0.0,1.0,2.0,0.0,5.0,864,4.0,6.762729506931879,0,6.762729506931879,1,1.0,5,0,0.0,1.0,2,463,0,0,0,0,0,0,1,0,1,0,0,1,0,0,39,39,870.7627295069319,1.0,870.7627295069319
723,4.110873864173311,9.00859131751613,4,1954,1972,0.0,1.0,2.0,0.0,1.0,941,4.0,6.905753276311464,473,7.293697720601438,2,1.0,7,0,0.0,1.0,1,548,0,0,0,0,0,0,1,0,0,1,0,1,0,0,54,36,1420.9057532763113,2.0,948.2936977206015
724,4.465908118654584,9.494541392591309,9,2007,2008,5.831882477283517,3.0,4.0,0.0,6.0,1698,4.0,7.4377951216719325,0,7.4377951216719325,2,3.0,8,1,4.0,3.0,3,768,327,64,0,0,0,0,0,1,0,1,1,0,0,0,2,1,1705.437795121672,3.0,1705.437795121672
725,4.110873864173311,8.848078421168667,4,1970,1970,0.0,1.0,2.0,0.0,5.0,864,2.0,6.762729506931879,0,6.762729506931879,1,2.0,5,0,0.0,1.0,2,660,96,0,0,0,0,0,1,0,1,0,0,1,0,0,39,39,870.7627295069319,1.0,870.7627295069319
726,4.248495242049359,9.984883190740122,6,1988,2007,5.564520407322694,2.0,3.0,0.0,6.0,880,4.0,7.427144133408616,0,7.427144133408616,2,2.0,5,1,4.0,3.0,2,540,292,44,0,0,0,0,0,0,1,0,1,0,0,0,21,2,887.4271441334087,3.0,887.4271441334087
727,4.174387269895637,8.897682313454224,7,2007,2007,4.418840607796598,2.0,3.0,2.0,6.0,1232,4.0,7.117205503164344,0,7.117205503164344,2,2.0,6,0,0.0,2.0,2,632,132,0,0,0,1,1,0,1,0,1,1,0,0,0,2,2,1239.1172055031643,3.0,1239.1172055031643
728,4.454347296253507,9.348013177101256,5,1958,1958,4.564348191467836,1.0,2.0,0.0,1.0,1584,2.0,7.482681828154651,0,7.482681828154651,2,1.0,9,0,0.0,1.0,3,888,0,25,0,0,1,1,0,0,1,0,0,1,0,0,51,51,1591.4826818281547,3.0,1591.4826818281547
729,3.970291913552122,8.738895704934043,4,1925,1950,0.0,1.0,2.0,0.0,4.0,780,2.0,6.744059186311348,0,7.097548850614793,1,1.0,5,0,0.0,1.0,2,539,0,23,0,0,0,0,1,0,1,0,0,1,0,0,84,59,786.7440591863113,1.0,787.0975488506148
730,3.6888794541139363,8.592300663903043,8,1995,1996,0.0,2.0,3.0,0.0,6.0,1595,4.0,7.388327859577107,0,7.388327859577107,2,2.0,5,1,3.0,2.0,2,608,237,152,0,0,0,0,1,0,0,1,1,0,0,0,15,14,1602.3883278595772,3.0,1602.3883278595772
731,4.30406509320417,9.16858043772795,7,2003,2003,6.093569770045136,2.0,4.0,2.0,6.0,868,4.0,7.044905117129371,0,7.044905117129371,2,2.0,6,1,4.0,3.0,2,438,160,22,0,0,1,1,0,0,0,1,1,0,0,0,4,4,875.0449051171294,3.0,875.0449051171294
732,4.330733340286331,9.341807134718488,7,1998,1999,5.313205979041787,2.0,3.0,2.0,5.0,1153,4.0,7.050989447068045,878,7.616775808698373,2,2.0,8,1,3.0,3.0,2,541,192,84,0,0,1,1,0,0,0,1,1,0,0,0,10,9,2038.050989447068,2.5,1160.6167758086983
733,4.394449154672439,9.210440366976517,5,1961,1983,0.0,1.0,2.0,0.0,4.0,864,4.0,7.0431599159883405,0,7.0431599159883405,1,1.0,6,1,3.0,2.0,1,264,165,0,0,0,0,0,1,0,1,0,1,0,0,0,48,26,871.0431599159883,2.0,871.0431599159883
734,4.248495242049359,9.102643796520809,5,1968,1968,0.0,1.0,2.0,0.0,1.0,948,2.0,6.855408798609928,0,6.855408798609928,1,1.0,6,0,0.0,1.0,1,300,147,0,0,0,0,0,1,0,0,1,1,0,0,0,39,39,954.8554087986099,1.0,954.8554087986099
735,4.110873864173311,9.287394001418473,7,1914,1970,0.0,1.0,3.0,1.0,3.0,880,1.0,6.78105762593618,888,7.478169694159785,1,1.0,6,2,3.0,1.0,2,320,0,341,0,0,0,0,1,0,0,0,0,1,0,0,92,36,1774.7810576259362,1.5,887.4781696941598
736,4.110873864173311,9.053101595549691,3,1950,1950,0.0,1.0,0.0,0.0,0.0,0,3.0,6.947937068614969,0,6.947937068614969,2,1.0,6,0,0.0,1.0,2,400,0,0,0,0,0,0,1,0,1,0,0,1,0,0,56,56,6.947937068614969,2.0,6.947937068614969
737,4.290459441148391,9.25569607369698,8,2005,2005,0.0,2.0,3.0,0.0,1.0,893,4.0,6.804614520062624,900,7.496652438168283,2,2.0,8,1,4.0,3.0,3,800,0,116,0,0,1,1,1,0,0,1,1,0,0,0,1,1,1799.8046145200626,2.5,900.4966524381683
738,4.110873864173311,9.287394001418473,5,1987,1988,0.0,1.0,3.0,3.0,6.0,1200,2.0,7.0909098220799835,0,7.0909098220799835,3,1.0,5,0,0.0,0.0,0,0,120,0,0,0,0,0,1,0,1,0,0,0,0,0,22,21,1207.09090982208,6.0,1207.09090982208
739,4.189654742026425,9.139273923542323,7,2004,2004,0.0,2.0,3.0,0.0,1.0,864,4.0,6.762729506931879,864,7.455298485683291,2,2.0,7,0,0.0,2.0,2,572,187,56,0,0,1,1,1,0,0,1,1,0,0,0,5,5,1734.762729506932,2.5,871.4552984856833
740,4.110873864173311,9.169622538697624,5,1910,2002,0.0,1.0,1.0,0.0,1.0,264,4.0,6.645090969505644,664,7.267525427828172,2,1.0,7,0,0.0,1.0,2,360,270,0,0,0,0,0,1,0,0,0,0,1,0,0,97,5,934.6450909695056,2.0,271.26752542782816
741,4.189654742026425,8.820108644508608,6,1961,1996,0.0,1.0,2.0,1.0,6.0,912,3.0,6.816735880594968,0,6.816735880594968,1,2.0,5,0,0.0,1.0,1,288,168,0,0,0,0,0,1,0,1,0,0,1,0,0,47,12,918.8167358805949,2.5,918.8167358805949
742,4.189654742026425,9.042040056544483,7,2000,2001,4.6913478822291435,1.0,3.0,0.0,1.0,1349,4.0,7.2078598714324755,0,7.2078598714324755,2,1.0,6,0,0.0,1.0,2,539,120,55,0,0,1,1,0,0,0,1,1,0,0,0,7,6,1356.2078598714324,2.0,1356.2078598714324
743,4.2626798770413155,9.46397433028839,5,1963,1999,0.0,1.0,3.0,2.0,5.0,520,4.0,7.289610521451167,0,7.289610521451167,2,1.0,6,1,3.0,2.0,2,480,302,0,0,0,0,0,1,0,1,0,1,0,0,0,46,10,527.2896105214512,2.5,527.2896105214512
744,3.7376696182833684,8.593413217327646,8,1993,1993,0.0,2.0,3.0,0.0,6.0,1337,3.0,7.198931240688173,0,7.198931240688173,2,2.0,5,1,3.0,2.0,2,462,96,0,0,0,0,0,1,0,0,1,1,0,0,0,15,15,1344.1989312406881,3.0,1344.1989312406881
745,4.248495242049359,9.100971834920818,8,1976,1996,5.66988092298052,3.0,2.0,0.0,6.0,1142,4.0,7.069874128458572,1540,7.906915488678587,3,2.0,11,2,3.0,3.0,2,831,0,204,0,0,1,1,0,0,1,0,0,0,0,0,32,12,2689.0698741284587,4.0,1149.9069154886786
746,4.248495242049359,9.082052351674651,7,2000,2000,0.0,2.0,3.0,0.0,6.0,952,4.0,6.8885724595653635,1276,7.721791776817535,2,2.0,8,1,3.0,3.0,2,554,224,54,0,0,1,1,1,0,0,1,0,0,0,0,9,9,2234.8885724595652,2.5,959.7217917768176
747,4.189654742026425,9.367429587218957,7,1880,2003,0.0,2.0,2.0,0.0,1.0,1240,2.0,7.186144304522325,1320,7.878912912297133,1,2.0,8,1,4.0,1.0,4,864,181,0,0,0,0,0,1,0,0,0,0,1,0,0,129,6,2567.1861443045223,1.5,1247.8789129122972
748,4.0943445622221,9.268043082104471,7,1996,1996,5.82600010738045,2.0,3.0,0.0,6.0,1720,4.0,7.450660796211539,0,7.450660796211539,2,2.0,7,1,3.0,3.0,2,527,240,56,1,0,1,1,0,0,0,1,1,0,0,0,14,14,1727.4506607962117,3.0,1727.4506607962117
749,3.9318256327243257,9.036701015565063,4,1945,1950,0.0,1.0,0.0,0.0,0.0,0,2.0,6.9930151229329605,441,7.333023014386481,2,1.0,9,0,0.0,1.0,1,240,92,0,0,0,0,0,1,0,0,0,0,1,0,0,64,59,447.99301512293295,2.0,7.333023014386481
750,4.02535169073515,9.082620630373812,4,1910,2004,0.0,1.0,2.0,0.0,1.0,576,3.0,6.675823221634848,348,7.039660349862076,1,1.0,7,0,0.0,0.0,0,0,0,160,0,0,0,0,1,0,0,0,0,0,0,0,100,6,930.6758232216348,1.0,583.0396603498621
751,4.248495242049359,8.955577146281511,7,2003,2003,0.0,2.0,3.0,0.0,1.0,660,4.0,6.493753839851686,660,7.186144304522325,2,2.0,6,0,0.0,3.0,2,400,0,48,0,0,1,1,1,0,0,1,1,0,0,0,4,4,1326.4937538398517,2.5,667.1861443045224
752,4.382026634673881,9.13097243659261,6,1997,1997,0.0,1.0,3.0,3.0,6.0,1479,4.0,7.3098814858247865,0,7.3098814858247865,2,2.0,6,0,0.0,2.0,2,576,168,27,0,0,1,1,1,0,0,1,1,0,0,0,9,9,1486.3098814858247,3.0,1486.3098814858247
753,4.394449154672439,9.234154550075438,8,2005,2005,5.187385805840755,2.0,3.0,1.0,1.0,1030,3.0,6.946013991099227,1060,7.649216319820633,2,3.0,8,1,4.0,2.0,3,878,192,52,0,1,1,1,0,0,0,1,1,0,0,0,1,1,2096.9460139910993,2.5,1037.6492163198207
754,4.127134385045092,8.97853441008332,6,1969,2005,0.0,1.0,2.0,0.0,6.0,1026,3.0,6.934397209928558,0,6.934397209928558,1,2.0,5,0,0.0,2.0,2,440,171,48,0,0,0,0,1,0,1,0,0,1,0,0,40,4,1032.9343972099286,2.0,1032.9343972099286
755,3.5553480614894135,8.080546965824498,6,1999,1999,6.796823718274855,1.0,3.0,0.0,6.0,729,3.0,6.610696044717759,729,7.294377299288821,2,1.0,6,0,0.0,1.0,2,440,0,24,0,0,0,0,0,0,0,1,0,1,0,0,10,10,1464.6106960447178,2.5,736.2943772992888
756,4.23410650459726,9.284519770150434,8,2007,2007,0.0,2.0,3.0,2.0,6.0,866,4.0,6.7650389767805414,902,7.478169694159785,2,2.0,7,0,0.0,2.0,2,578,144,105,0,0,1,1,1,0,0,1,1,0,0,0,2,2,1774.7650389767805,2.5,873.4781696941598
757,4.248495242049359,9.360224821513475,6,1978,1978,5.796057750765372,1.0,2.0,1.0,3.0,672,2.0,6.511745329644728,714,7.234898420314831,2,1.0,6,1,3.0,3.0,2,440,335,0,0,0,0,0,0,0,1,0,1,0,0,0,32,32,1392.5117453296448,2.5,679.2348984203148
758,3.2188758248682006,7.732369222284388,7,1999,1999,5.8888779583328805,1.0,3.0,0.0,5.0,744,3.0,6.630683385642372,744,7.31455283232408,2,1.0,6,0,0.0,1.0,2,440,0,0,0,0,0,0,0,0,0,1,0,1,0,0,9,9,1494.6306833856424,2.5,751.3145528323241
759,4.189654742026425,9.413934064045677,8,1995,1995,6.2422232654551655,2.0,3.0,2.0,2.0,1318,4.0,7.192182058713246,1203,7.836764783264067,2,2.0,9,1,3.0,2.0,3,752,222,98,1,0,1,1,0,0,0,1,1,0,0,0,12,12,2528.192182058713,2.5,1325.836764783264
760,4.2626798770413155,9.116139576577355,6,1959,1959,0.0,1.0,2.0,0.0,3.0,864,4.0,6.762729506931879,0,6.762729506931879,1,1.0,5,0,0.0,1.0,1,300,0,0,0,0,0,0,1,0,1,0,0,1,0,0,50,50,870.7627295069319,1.0,870.7627295069319
761,4.110873864173311,8.841014310483892,5,1924,1950,0.0,1.0,2.0,1.0,2.0,1145,2.0,7.171656822768514,0,7.171656822768514,1,0.0,5,0,0.0,1.0,2,440,0,0,0,0,0,0,1,0,0,1,0,1,0,0,85,59,1152.1716568227685,1.0,1152.1716568227685
762,4.290459441148391,9.0642735958414,7,2009,2009,0.0,1.0,3.0,1.0,6.0,756,4.0,6.639875833826536,783,7.344719054149673,2,2.0,7,0,0.0,1.0,2,614,169,45,0,0,1,1,1,0,0,1,1,0,0,0,1,1,1545.6398758338264,2.5,763.3447190541497
763,4.418840607796598,9.151757414543885,8,1999,1999,6.513230110912307,2.0,3.0,1.0,6.0,1252,4.0,7.1459844677143876,1097,7.768956044538332,2,2.0,8,1,4.0,2.0,3,856,0,128,1,0,1,1,0,0,0,1,1,0,0,0,10,10,2356.1459844677147,3.5,1259.7689560445383
764,3.4339872044851463,9.164296433474776,8,1995,1996,0.0,2.0,3.0,2.0,2.0,1494,4.0,7.3098814858247865,0,7.3098814858247865,1,3.0,6,1,4.0,3.0,2,481,0,30,0,0,0,0,1,0,0,1,1,0,0,0,11,10,1501.3098814858247,2.5,1501.3098814858247
765,4.330733340286331,9.58795455192857,9,2008,2008,5.652489180268651,2.0,3.0,0.0,1.0,1498,4.0,7.317876198626496,0,7.317876198626496,2,3.0,6,1,4.0,3.0,2,592,0,174,0,0,1,1,0,1,0,1,1,0,1,1,0,0,1505.3178761986264,2.0,1505.3178761986264
766,4.394449154672439,9.25167423546916,7,1988,1988,3.7612001156935624,1.0,3.0,0.0,6.0,980,2.0,6.8885724595653635,734,7.44716835960004,2,1.0,7,1,3.0,1.0,2,496,228,66,0,0,0,0,0,0,1,0,1,0,0,0,22,22,1720.8885724595652,2.5,987.4471683596
767,4.330733340286331,9.434203664214742,6,1940,1985,0.0,1.0,3.0,1.0,5.0,983,4.0,6.891625897052253,767,7.467942332285852,2,1.0,7,0,0.0,1.0,1,423,245,0,0,0,1,1,1,0,1,0,1,0,0,0,68,23,1756.891625897052,3.0,990.4679423322858
768,4.2626798770413155,9.116139576577355,7,2004,2005,0.0,2.0,3.0,0.0,6.0,1860,4.0,7.515889085215125,0,7.515889085215125,2,2.0,8,1,4.0,3.0,2,484,120,33,0,0,1,1,1,0,0,1,1,0,0,0,2,1,1867.5158890852151,2.0,1867.5158890852151
769,3.871201010907891,10.887530386461101,8,2003,2003,6.403574197934815,3.0,3.0,3.0,5.0,1650,4.0,7.43307534889858,1589,8.09559870137819,3,3.0,12,1,4.0,3.0,3,841,503,36,0,0,0,0,0,0,0,1,0,0,0,0,7,7,3246.4330753488985,4.5,1658.095598701378
770,4.248495242049359,8.889170455363413,5,1982,1982,0.0,1.0,3.0,2.0,6.0,858,2.0,6.755768921984255,0,6.755768921984255,1,1.0,5,0,0.0,1.0,2,576,120,0,0,0,0,0,1,0,1,0,0,1,0,0,27,27,864.7557689219842,2.0,864.7557689219842
771,4.219507705176107,9.09133158539398,4,1951,1951,0.0,1.0,1.0,0.0,2.0,836,2.0,7.107425474110705,0,7.107425474110705,1,1.0,6,0,0.0,1.0,2,396,0,0,0,0,0,0,1,0,1,0,0,1,0,0,55,55,843.1074254741108,1.0,843.1074254741108
772,4.553876891600541,8.964439833539357,6,1976,1976,0.0,1.0,2.0,2.0,5.0,1029,2.0,7.0192966537150445,0,7.0192966537150445,1,1.0,6,1,3.0,1.0,2,672,144,0,0,0,0,0,1,0,1,0,0,1,0,0,34,34,1036.019296653715,2.0,1036.019296653715
773,4.2626798770413155,9.225327501784431,5,1958,1958,0.6931471805599453,1.0,2.0,0.0,3.0,912,4.0,6.816735880594968,0,6.816735880594968,1,1.0,5,0,0.0,2.0,1,275,0,0,0,0,0,0,1,0,1,0,1,0,0,0,49,49,918.8167358805949,1.0,918.8167358805949
774,4.709530201312334,9.562896846651167,8,2006,2006,5.929589143389895,2.0,3.0,2.0,1.0,1935,3.0,7.587817219993427,0,7.587817219993427,2,2.0,9,1,4.0,3.0,3,895,315,45,0,1,1,1,0,0,0,1,1,0,1,1,1,1,1942.5878172199934,2.0,1942.5878172199934
775,3.4965075614664802,8.412054873292933,6,1998,1998,5.771441123130016,1.0,4.0,0.0,6.0,1204,4.0,7.094234845924755,0,7.094234845924755,2,1.0,5,0,0.0,3.0,2,412,0,247,0,0,1,1,0,0,0,1,1,0,0,0,11,11,1211.0942348459248,3.0,1211.0942348459248
776,4.465908118654584,9.324650718153594,7,2005,2006,5.484796933490655,2.0,3.0,2.0,6.0,1614,4.0,7.387090235656757,0,7.387090235656757,2,2.0,7,0,0.0,2.0,3,865,144,59,0,0,1,1,0,0,0,1,1,0,1,1,1,0,1621.3870902356568,2.0,1621.3870902356568
777,4.61512051684126,9.499346567390095,5,1974,1974,0.0,1.0,2.0,0.0,5.0,864,2.0,6.796823718274855,0,6.796823718274855,1,1.0,5,1,2.0,1.0,2,440,241,0,0,0,0,0,1,0,1,0,1,0,0,0,32,32,870.7968237182748,2.0,870.7968237182748
778,4.110873864173311,9.036106025364846,5,1977,1977,5.771441123130016,1.0,0.0,0.0,0.0,0,2.0,7.611347717403621,0,7.611347717403621,2,1.0,10,2,3.0,1.0,2,630,0,0,0,0,0,0,0,0,0,0,0,1,0,0,30,30,7.611347717403621,2.0,7.611347717403621
779,4.3694478524670215,9.262078567380597,6,1977,1977,4.51085950651685,1.0,3.0,3.0,6.0,975,2.0,6.912742820493176,0,6.912742820493176,1,1.0,4,0,0.0,1.0,2,504,0,0,0,0,0,0,0,0,1,0,1,0,0,0,29,29,981.9127428204931,2.0,981.9127428204931
780,4.1588830833596715,8.971575439759016,7,1995,1996,3.6635616461296463,1.0,3.0,0.0,1.0,1237,3.0,7.134093721192866,0,7.134093721192866,2,1.0,6,1,3.0,3.0,2,402,220,21,0,0,0,0,0,0,0,1,1,0,0,0,12,11,1244.1340937211928,2.0,1244.1340937211928
781,4.189654742026425,8.875426919818963,6,1992,1992,0.0,2.0,3.0,0.0,5.0,761,4.0,6.698268054115413,793,7.38025578842646,2,2.0,7,0,0.0,2.0,2,484,0,124,0,0,1,1,1,0,0,1,1,0,0,0,14,14,1560.6982680541155,2.5,768.3802557884264
782,4.219507705176107,9.698061122027077,7,2001,2002,0.0,2.0,3.0,0.0,1.0,1413,4.0,7.266128779556451,0,7.266128779556451,2,2.0,6,0,0.0,2.0,2,605,0,33,0,0,1,1,1,0,0,1,1,0,0,0,8,7,1420.2661287795565,2.0,1420.2661287795565
783,4.248495242049359,9.116249448576587,5,1978,1978,4.653960350157523,1.0,3.0,2.0,6.0,1097,4.0,7.01301578963963,0,7.01301578963963,1,2.0,4,1,3.0,3.0,2,602,303,30,0,0,0,0,0,0,0,1,1,0,0,0,31,31,1104.0130157896397,2.0,1104.0130157896397
784,3.58351893845611,8.748463629942055,6,1914,2001,0.0,1.0,2.0,0.0,1.0,742,4.0,6.610696044717759,742,7.3031700512368,2,1.0,9,1,4.0,0.0,0,0,0,291,0,0,0,0,1,0,1,0,0,0,0,0,94,7,1490.6106960447178,2.0,749.3031700512367
785,4.248495242049359,9.189218875354072,6,1967,1967,0.0,1.0,2.0,0.0,3.0,1372,2.0,7.202661196523238,0,7.202661196523238,2,1.0,7,1,4.0,1.0,2,457,0,0,0,0,0,0,1,0,1,0,1,0,0,0,42,42,1379.2026611965232,2.0,1379.2026611965232
786,4.110873864173311,9.287394001418473,5,1915,1950,0.0,1.0,1.0,0.0,2.0,686,2.0,6.874198495453294,686,7.410347097821024,2,1.0,7,0,0.0,1.0,1,416,0,0,0,0,0,0,1,0,0,1,0,1,0,0,95,60,1378.8741984954531,3.0,693.410347097821
787,4.343805421853684,9.224539091375995,7,2004,2004,0.0,2.0,3.0,0.0,6.0,956,4.0,6.863803391452954,1128,7.642524134232902,2,2.0,8,0,0.0,2.0,2,618,0,45,0,0,1,1,1,0,0,1,0,0,0,0,6,6,2090.863803391453,3.5,963.6425241342329
788,3.9318256327243257,8.699681400989514,4,1954,2000,0.0,1.0,2.0,0.0,1.0,901,4.0,6.804614520062624,0,6.804614520062624,1,1.0,4,0,0.0,1.0,1,281,0,0,0,0,0,0,1,0,1,0,0,1,0,0,54,8,907.8046145200626,1.0,907.8046145200626
789,4.248495242049359,9.40968291310444,6,1966,2007,5.062595033026967,1.0,2.0,3.0,2.0,832,3.0,6.884486652042782,1111,7.643961949002529,2,2.0,9,0,0.0,3.0,2,444,133,168,0,0,0,0,0,0,1,0,1,0,0,0,41,0,1949.8844866520428,2.5,839.6439619490026
790,3.784189633918261,8.065579427282092,7,2005,2006,2.4849066497880004,2.0,3.0,0.0,6.0,1145,4.0,7.044032897274685,0,7.044032897274685,2,2.0,5,1,4.0,3.0,2,397,100,16,0,0,1,1,0,0,0,1,1,0,0,0,4,3,1152.0440328972747,2.0,1152.0440328972747
791,4.248495242049359,9.335562336729565,6,1976,1976,0.0,1.0,3.0,2.0,5.0,1029,2.0,6.968850378341948,0,6.968850378341948,1,1.0,5,2,3.0,2.0,2,539,120,0,0,0,0,0,1,0,0,1,1,0,0,0,31,31,1035.968850378342,2.0,1035.968850378342
792,4.532599493153256,9.202409001649903,7,1996,1997,0.0,2.0,3.0,2.0,6.0,1117,4.0,7.028201432058005,886,7.607878073278507,2,1.0,8,1,3.0,1.0,2,455,180,130,1,0,0,0,1,0,0,1,1,0,0,0,11,10,2010.028201432058,3.5,1124.6078780732785
793,4.343805421853684,9.122492281402987,8,2007,2007,4.948759890378168,2.0,3.0,2.0,1.0,1496,4.0,7.311218384419629,0,7.311218384419629,2,2.0,7,0,0.0,3.0,2,474,168,130,0,0,0,0,0,1,0,1,1,0,1,1,0,0,1503.3112183844196,2.0,1503.3112183844196
794,4.248495242049359,9.290352309945568,7,1994,1996,0.0,2.0,3.0,0.0,1.0,712,4.0,6.99117688712121,809,7.547501682814967,2,2.0,7,1,3.0,3.0,2,409,143,46,0,0,0,0,1,0,0,1,1,0,0,0,14,12,1527.9911768871211,2.5,719.547501682815
795,4.2626798770413155,9.036106025364846,6,1980,1981,4.875197323201151,1.0,3.0,0.0,1.0,650,2.0,6.790097235513905,676,7.355641102974253,2,1.0,7,1,3.0,1.0,2,476,0,50,0,0,0,0,0,0,1,0,1,0,0,0,30,29,1332.790097235514,2.5,657.3556411029742
796,4.276666119016055,9.011645501064283,6,1977,1977,5.003946305945459,1.0,2.0,0.0,1.0,660,4.0,7.1592919047975645,0,7.1592919047975645,1,1.0,7,1,3.0,2.0,2,528,138,0,0,0,0,0,0,0,1,0,1,0,0,0,30,30,667.1592919047976,1.5,667.1592919047976
797,4.060443010546419,8.946114375560743,5,1953,1953,0.0,1.0,2.0,0.0,4.0,773,3.0,6.651571873589727,0,6.651571873589727,1,1.0,4,0,0.0,1.0,1,240,0,0,0,0,1,1,1,0,1,0,1,0,0,0,55,55,779.6515718735898,1.0,779.6515718735898
798,4.653960350157523,9.511851382364405,9,2008,2009,6.7580945044277305,3.0,4.0,0.0,1.0,1926,4.0,7.584264818389059,1174,8.052296499538647,3,3.0,11,2,4.0,3.0,3,820,144,78,0,1,1,1,0,1,0,1,0,0,1,1,1,0,3107.584264818389,3.5,1934.0522964995387
799,4.110873864173311,8.881975184248867,5,1937,1950,5.53338948872752,1.0,3.0,0.0,5.0,731,4.0,6.889591308354466,787,7.478169694159785,1,2.0,7,2,3.0,1.0,1,240,0,0,0,0,0,0,0,0,0,0,0,1,0,0,70,57,1524.8895913083545,2.5,738.4781696941598
800,4.382026634673881,9.457122321855792,6,1997,1997,0.0,1.0,3.0,3.0,6.0,616,3.0,6.424869023905388,1072,7.4318919168078,2,2.0,8,0,0.0,2.0,2,603,403,114,0,0,1,1,1,0,0,1,1,0,0,0,11,11,1694.4248690239056,3.5,623.4318919168078
801,3.713572066704308,8.476579508530941,4,1916,1990,0.0,1.0,2.0,0.0,2.0,1196,4.0,7.087573705557973,0,7.087573705557973,1,1.0,5,0,0.0,1.0,2,440,0,0,0,0,0,0,1,0,1,0,0,1,0,0,91,17,1203.087573705558,2.0,1203.087573705558
802,4.1588830833596715,9.011889433252344,7,2005,2005,0.0,2.0,3.0,2.0,6.0,728,4.0,6.591673732008658,728,7.284134806195205,2,2.0,7,1,4.0,3.0,2,410,36,18,0,0,0,0,1,0,0,1,1,0,0,0,3,3,1462.5916737320085,3.5,735.2841348061952
803,4.68213122712422,9.539068413863964,9,2008,2009,6.052089168924417,3.0,4.0,3.0,1.0,1734,4.0,7.45876269238096,1088,7.945555428253489,3,3.0,12,1,4.0,2.0,3,1020,52,170,0,1,1,1,0,1,0,1,0,0,1,1,1,0,2829.4587626923812,3.5,1741.9455554282536
804,4.330733340286331,9.105090961257085,5,1954,1954,0.0,1.0,2.0,0.0,2.0,936,2.0,7.029087564149662,0,7.029087564149662,1,1.0,5,0,0.0,1.0,1,286,0,0,0,0,0,0,1,0,1,0,1,0,0,0,52,52,943.0290875641497,1.0,943.0290875641497
805,4.5217885770490405,9.41531995266272,7,2008,2008,5.54907608489522,2.0,3.0,0.0,1.0,1417,4.0,7.264730177929867,0,7.264730177929867,2,3.0,6,0,0.0,2.0,2,554,0,60,0,0,1,1,0,1,0,1,1,0,1,1,0,0,1424.2647301779298,2.0,1424.2647301779298
806,4.330733340286331,9.18512512283512,5,1967,1967,0.0,1.0,2.0,2.0,5.0,980,3.0,6.8885724595653635,0,6.8885724595653635,2,1.0,6,0,0.0,3.0,1,384,68,0,0,0,1,1,1,0,0,1,1,0,0,0,39,39,986.8885724595654,2.0,986.8885724595654
807,4.976733742420574,9.970445020661009,5,1923,2004,0.0,1.0,2.0,3.0,6.0,1324,4.0,6.9782137426306985,504,7.3632795869630385,1,2.0,6,1,3.0,2.0,2,528,0,312,0,0,0,0,1,0,1,0,1,0,0,0,86,5,1834.9782137426307,3.5,1331.363279586963
808,4.454347296253507,9.503084610020228,5,1966,1966,6.954638864880987,1.0,2.0,2.0,5.0,1024,2.0,6.99117688712121,0,6.99117688712121,1,1.0,6,1,4.0,2.0,2,484,0,0,0,0,1,1,0,0,1,0,1,0,0,0,40,40,1030.9911768871211,2.0,1030.9911768871211
809,4.51085950651685,8.999742789830492,5,1898,1965,0.0,1.0,2.0,0.0,1.0,849,2.0,6.98100574072173,1063,7.668093709082406,2,1.0,11,0,0.0,1.0,2,360,40,156,0,0,0,0,1,0,0,1,0,1,0,0,111,44,1918.9810057407217,2.0,856.6680937090824
810,4.3694478524670215,9.224341891611996,6,1974,1999,4.605170185988092,1.0,2.0,0.0,5.0,1040,1.0,7.177782416195197,0,7.177782416195197,1,2.0,5,1,2.0,2.0,2,484,265,0,0,0,0,0,0,0,1,0,1,0,0,0,32,7,1047.1777824161952,2.5,1047.1777824161952
811,4.248495242049359,8.398184404834035,6,2004,2004,5.135798437050262,2.0,3.0,3.0,6.0,848,4.0,6.744059186311348,0,6.744059186311348,1,2.0,4,1,4.0,3.0,2,420,140,0,0,0,1,1,0,0,0,1,1,0,0,0,4,4,854.7440591863113,2.0,854.7440591863113
812,4.204692619390966,9.072571442231286,5,1952,1952,0.0,0.0,2.0,2.0,1.0,540,2.0,6.951772164398911,0,6.951772164398911,1,0.0,4,0,0.0,1.0,2,504,0,0,0,0,0,0,1,0,1,0,0,0,0,0,58,58,546.9517721643989,1.0,546.9517721643989
813,4.330733340286331,9.18512512283512,6,1958,1958,5.497168225293202,1.0,2.0,0.0,3.0,1442,3.0,7.274479558773871,0,7.274479558773871,1,1.0,7,0,0.0,2.0,1,301,0,0,0,0,0,0,0,0,1,0,1,0,0,0,49,49,1449.274479558774,1.5,1449.274479558774
814,3.828641396489095,9.017847259860732,5,1918,1950,0.0,1.0,2.0,0.0,1.0,686,3.0,6.532334292222349,564,7.1316985104669115,1,0.0,7,0,0.0,1.0,1,280,207,0,0,0,0,0,1,0,0,0,0,1,0,0,88,56,1256.5323342922225,2.0,693.1316985104669
815,3.8918202981106265,9.4040963063958,7,1998,1998,6.093569770045136,1.0,3.0,0.0,1.0,1649,4.0,7.415776975415394,0,7.415776975415394,2,2.0,6,0,0.0,2.0,2,598,0,34,0,0,1,1,0,0,0,1,1,0,0,0,12,12,1656.4157769754154,2.0,1656.4157769754154
816,4.248495242049359,9.343646739284408,5,1954,1954,0.0,1.0,2.0,0.0,4.0,1008,3.0,6.9167150203536085,0,6.9167150203536085,1,1.0,4,1,4.0,2.0,1,275,0,0,0,0,0,0,1,0,1,0,1,0,0,0,52,52,1014.9167150203536,1.0,1014.9167150203536
817,4.248495242049359,9.492959650085501,8,2002,2002,5.003946305945459,2.0,3.0,0.0,6.0,1568,4.0,7.432483807917119,0,7.432483807917119,2,2.0,7,2,4.0,2.0,3,857,150,59,0,0,0,0,0,0,0,1,1,0,0,0,6,6,1575.4324838079172,3.0,1575.4324838079172
818,4.394449154672439,9.084436955087027,6,1971,1971,4.394449154672439,1.0,2.0,2.0,6.0,1010,3.0,6.959398512133975,0,6.959398512133975,1,1.0,6,0,0.0,1.0,2,440,0,0,0,0,0,0,0,0,1,0,1,0,0,0,39,39,1016.9593985121339,2.0,1016.9593985121339
819,3.8066624897703196,8.759668671029939,7,2009,2010,4.859812404361672,2.0,3.0,1.0,6.0,1358,4.0,7.214504414151143,0,7.214504414151143,2,2.0,6,1,4.0,2.0,2,484,192,35,0,1,1,1,0,1,0,1,1,0,1,1,1,0,1365.2145044141512,3.0,1365.2145044141512
820,4.290459441148391,8.885579291282982,7,2003,2003,0.0,2.0,3.0,0.0,1.0,798,4.0,6.683360945766275,842,7.403061091090091,2,2.0,6,0,0.0,2.0,2,595,0,45,0,0,1,1,1,0,0,1,1,0,0,0,5,5,1646.6833609457663,2.5,805.4030610910901
821,4.110873864173311,8.699681400989514,4,1953,1953,0.0,0.0,1.0,0.0,1.0,936,2.0,6.842683282238422,0,6.842683282238422,1,1.0,4,0,0.0,1.0,2,576,0,32,0,0,0,0,1,0,1,0,0,1,0,0,56,56,942.8426832822385,1.0,942.8426832822385
822,4.248495242049359,9.42504844446929,7,2003,2003,0.0,2.0,3.0,3.0,1.0,847,4.0,6.742880635791903,886,7.458186157340487,2,2.0,7,1,4.0,3.0,2,433,100,48,0,0,1,1,1,0,0,1,0,0,0,0,4,4,1739.742880635792,2.5,854.4581861573405
823,4.110873864173311,9.200391041122515,6,1940,1950,0.0,1.0,2.0,0.0,1.0,778,2.0,6.851184927493743,545,7.306531398939505,2,1.0,7,1,4.0,1.0,1,240,335,0,0,0,1,1,1,0,0,0,0,1,0,0,69,59,1329.8511849274937,2.0,785.3065313989395
824,4.406719247264253,9.325185763645223,8,2006,2006,0.0,2.0,3.0,0.0,1.0,1489,4.0,7.306531398939505,0,7.306531398939505,2,2.0,7,1,4.0,2.0,2,776,0,140,0,0,1,1,1,0,0,1,1,0,1,1,0,0,1496.3065313989396,2.0,1496.3065313989396
825,4.74493212836325,9.602652693506046,10,2007,2008,6.705639094860003,3.0,4.0,2.0,6.0,2078,4.0,7.642524134232902,0,7.642524134232902,2,3.0,7,1,4.0,3.0,3,1220,188,45,0,1,0,0,0,0,0,1,1,0,1,1,1,0,2085.642524134233,3.0,2085.642524134233
826,3.9318256327243257,8.721113147762688,5,1924,1950,0.0,1.0,2.0,0.0,5.0,784,3.0,6.665683717782408,0,6.665683717782408,1,2.0,5,0,0.0,0.0,0,0,0,0,0,0,0,0,1,0,0,0,0,0,0,0,84,58,790.6656837177824,2.0,790.6656837177824
827,4.189654742026425,9.051344640485725,7,2001,2001,0.0,2.0,3.0,0.0,6.0,1454,4.0,7.268920128193722,0,7.268920128193722,2,2.0,6,1,3.0,2.0,2,527,290,39,0,0,1,1,1,0,0,1,1,0,0,0,8,8,1461.2689201281937,2.0,1461.2689201281937
828,4.248495242049359,10.264617557935098,5,1967,1967,0.0,1.0,2.0,3.0,2.0,1013,2.0,7.057036981697891,966,7.6624678152002375,2,1.0,7,0,0.0,3.0,2,538,486,0,0,0,0,0,1,0,0,1,1,0,0,0,42,42,1986.0570369816978,3.0,1020.6624678152002
829,3.2188758248682006,7.841885928984623,7,2005,2005,0.0,2.0,3.0,0.0,1.0,600,4.0,6.255750041753367,623,7.1098794630722715,2,2.0,4,0,0.0,2.0,2,480,0,166,0,0,0,0,1,0,0,1,0,1,0,0,1,1,1229.2557500417533,2.5,607.1098794630723
830,4.394449154672439,9.38437770918244,6,1957,1957,5.961005339623274,1.0,2.0,0.0,3.0,1392,2.0,7.239214973779806,0,7.239214973779806,1,1.0,6,2,4.0,2.0,2,458,0,0,0,0,0,0,0,0,1,0,1,0,0,0,51,51,1399.2392149737798,2.5,1399.2392149737798
831,3.4339872044851463,8.064950891749143,7,2005,2005,0.0,1.0,3.0,0.0,1.0,600,4.0,6.255750041753367,600,7.0909098220799835,2,2.0,4,0,0.0,2.0,2,480,0,166,0,0,0,0,1,0,0,1,0,1,0,0,1,1,1206.2557500417533,2.5,607.09090982208
832,3.8066624897703196,9.164191715950203,7,2003,2003,5.4116460518550396,2.0,3.0,0.0,6.0,941,4.0,6.848005274576363,888,7.512071245835466,2,2.0,7,1,3.0,2.0,2,613,192,39,0,0,1,1,0,0,0,1,1,0,0,0,7,7,1835.8480052745763,3.5,948.5120712458355
833,4.61512051684126,9.210840247017833,6,1964,1964,5.198497031265826,1.0,2.0,0.0,3.0,1516,2.0,7.324489979348532,0,7.324489979348532,1,1.0,6,0,0.0,2.0,2,472,0,0,0,0,0,0,0,0,1,0,1,0,0,0,45,45,1523.3244899793485,1.5,1523.3244899793485
834,4.330733340286331,8.971575439759016,5,1961,1961,4.919980925828125,1.0,2.0,0.0,3.0,1144,3.0,7.0431599159883405,0,7.0431599159883405,1,1.0,6,0,0.0,1.0,2,456,0,0,0,0,1,1,0,0,1,0,1,0,0,0,47,47,1151.0431599159883,2.0,1151.0431599159883
835,4.110873864173311,9.169622538697624,4,1950,1995,0.0,1.0,3.0,0.0,4.0,1067,2.0,6.97354301952014,0,6.97354301952014,2,2.0,4,0,0.0,1.0,2,436,290,0,0,0,1,0,1,0,1,0,1,0,0,0,60,15,1073.97354301952,2.0,1073.97354301952
836,4.51085950651685,8.999742789830492,5,1948,1973,0.0,1.0,2.0,0.0,3.0,1559,3.0,7.352441100243583,0,7.352441100243583,1,1.0,5,0,0.0,1.0,2,812,0,116,0,0,1,1,1,0,0,0,0,1,0,0,59,34,1566.3524411002436,2.0,1566.3524411002436
837,3.091042453358316,7.427144133408616,6,1973,1973,5.0689042022202315,1.0,2.0,0.0,4.0,483,2.0,6.182084906716632,504,6.895682697747868,1,1.0,5,0,0.0,1.0,1,264,0,0,0,0,0,0,0,0,1,0,0,1,0,0,35,35,993.1820849067167,2.5,489.8956826977479
838,4.330733340286331,9.161780181360806,5,1995,2006,0.0,1.0,3.0,0.0,1.0,1099,4.0,7.003065458786462,0,7.003065458786462,1,2.0,6,0,0.0,1.0,1,352,278,0,0,0,1,1,1,0,0,1,1,0,0,0,13,2,1106.0030654587865,1.5,1106.0030654587865
839,4.2626798770413155,9.373139262281274,5,1946,1995,0.0,1.0,2.0,0.0,4.0,768,4.0,6.645090969505644,432,7.0909098220799835,1,1.0,6,0,0.0,1.0,1,240,0,0,0,0,0,0,1,0,1,0,0,1,0,0,62,13,1206.6450909695056,1.0,775.09090982208
840,4.248495242049359,9.405578154036684,6,1925,1950,0.0,1.0,2.0,0.0,4.0,672,2.0,6.698268054115413,672,7.301822342137932,2,0.0,7,0,0.0,1.0,1,400,0,0,0,0,0,0,1,0,0,0,0,1,0,0,83,58,1350.6982680541155,2.0,679.3018223421379
841,4.110873864173311,9.25349564229011,5,1904,2002,0.0,1.0,2.0,0.0,1.0,650,3.0,6.8658910748834385,581,7.3395376954076745,2,2.0,8,1,1.0,1.0,2,686,70,78,0,0,0,0,1,0,0,1,0,1,0,0,104,6,1237.8658910748834,2.0,657.3395376954077
842,4.418840607796598,9.107310471656639,6,1966,1966,5.214935757608986,1.0,2.0,3.0,3.0,1127,2.0,7.061334366910438,0,7.061334366910438,1,1.0,6,0,0.0,2.0,2,490,0,129,0,0,0,0,0,0,1,0,1,0,0,0,42,42,1134.0613343669104,2.5,1134.0613343669104
843,4.394449154672439,8.987321812850125,5,1961,1961,0.0,1.0,2.0,0.0,1.0,1800,4.0,7.496097345175956,0,7.496097345175956,2,1.0,10,0,0.0,0.0,0,0,0,0,0,0,0,0,1,0,1,0,0,0,0,0,46,46,1807.496097345176,2.0,1807.496097345176
844,4.61512051684126,9.446676517076376,5,1915,1950,0.0,1.0,2.0,1.0,1.0,876,3.0,6.776506992372183,540,7.256297239690681,1,1.0,7,1,4.0,1.0,3,720,418,0,0,0,0,0,1,0,0,0,0,1,0,0,93,58,1422.776506992372,1.5,883.2562972396906
845,4.248495242049359,9.720045368073471,5,1975,1981,0.0,1.0,3.0,3.0,5.0,1390,2.0,7.43955930913332,0,7.43955930913332,2,1.0,6,2,3.0,3.0,2,611,0,0,0,0,0,0,1,0,1,0,0,0,0,0,32,26,1397.4395593091333,3.0,1397.4395593091333
846,4.330733340286331,9.139703292376742,7,1993,1993,4.927253685157205,2.0,3.0,0.0,5.0,740,4.0,6.914730892718563,769,7.4821189235521155,2,2.0,7,1,3.0,1.0,2,425,234,72,0,0,0,0,0,0,0,1,1,0,0,0,16,16,1515.9147308927186,3.5,747.4821189235521
847,3.6109179126442243,9.650142492488797,5,1972,1972,0.0,1.0,2.0,2.0,4.0,864,4.0,6.762729506931879,0,6.762729506931879,1,1.0,5,1,2.0,1.0,1,338,0,0,0,0,0,0,1,0,1,0,1,0,0,0,37,37,870.7627295069319,2.0,870.7627295069319
848,4.330733340286331,10.727684925086583,6,1908,1997,0.0,1.0,2.0,0.0,1.0,907,2.0,7.176254532017144,1051,7.765993079407675,3,1.0,10,1,4.0,1.0,2,360,486,40,0,0,0,0,1,0,0,0,0,1,0,0,100,11,1965.176254532017,3.0,914.7659930794076
849,4.394449154672439,9.169622538697624,6,1976,1994,5.8888779583328805,2.0,2.0,0.0,1.0,528,4.0,6.9985096422506015,761,7.526178913346146,2,1.0,7,1,3.0,2.0,2,512,113,100,0,0,0,0,0,0,1,0,1,0,0,0,31,13,1295.9985096422506,2.5,535.5261789133461
850,3.6109179126442243,8.397508348470257,6,2003,2003,5.14166355650266,2.0,3.0,2.0,6.0,848,4.0,6.744059186311348,0,6.744059186311348,1,2.0,3,0,0.0,3.0,2,420,140,0,0,0,1,1,0,0,0,1,1,0,0,0,4,4,854.7440591863113,2.0,854.7440591863113
851,4.248495242049359,8.069968149059841,8,2003,2003,3.713572066704308,2.0,3.0,3.0,1.0,1273,4.0,7.284134806195205,0,7.284134806195205,2,2.0,7,1,3.0,3.0,2,400,143,20,0,0,1,1,0,0,0,1,1,0,0,0,3,3,1280.2841348061952,2.0,1280.2841348061952
852,3.9889840465642745,8.871926251117628,7,1941,1950,0.0,1.0,2.0,0.0,3.0,918,3.0,6.823286122355687,728,7.4067107301776405,2,1.0,7,2,4.0,1.0,1,240,0,0,0,0,0,0,1,0,1,0,0,1,0,0,66,57,1652.8232861223557,2.0,925.4067107301777
853,4.248495242049359,9.400630098419315,6,1964,1964,4.7535901911063645,1.0,2.0,3.0,3.0,1127,2.0,7.27655640271871,0,7.27655640271871,1,1.0,7,1,2.0,2.0,2,645,180,0,0,0,0,0,0,0,1,0,1,0,0,0,45,45,1134.2765564027186,1.5,1134.2765564027186
854,4.634728988229636,9.793728488543389,5,1955,1974,0.0,1.0,2.0,1.0,5.0,1763,2.0,7.484368643286131,0,7.484368643286131,1,1.0,6,1,4.0,1.0,2,454,0,418,0,0,0,0,1,0,1,0,1,0,0,0,51,32,1770.4843686432862,2.5,1770.4843686432862
855,4.248495242049359,8.838986793496787,5,1962,2010,0.0,1.0,2.0,0.0,5.0,1040,4.0,6.947937068614969,0,6.947937068614969,1,1.0,6,0,0.0,1.0,1,260,0,104,0,0,0,0,1,0,1,0,0,1,0,0,48,0,1046.947937068615,2.5,1046.947937068615
856,4.248495242049359,9.30301070681749,6,1978,1978,0.0,1.0,3.0,3.0,6.0,940,2.0,6.934397209928558,0,6.934397209928558,1,1.0,5,0,0.0,1.0,2,576,0,0,0,0,0,0,1,0,1,0,0,1,0,0,30,30,946.9343972099285,2.0,946.9343972099285
857,4.189654742026425,9.002824076547672,6,1994,1995,0.0,1.0,3.0,0.0,1.0,702,3.0,6.555356891810665,779,7.301147805856032,2,1.0,6,1,3.0,3.0,2,343,0,36,0,0,0,0,1,0,0,1,1,0,0,0,15,14,1487.5553568918108,2.5,709.301147805856
858,4.394449154672439,9.249657234353133,7,1976,1976,5.247024072160486,1.0,3.0,0.0,1.0,1090,2.0,7.223295679562314,0,7.223295679562314,2,1.0,6,1,3.0,2.0,2,479,0,0,0,0,0,0,0,0,1,0,1,0,0,0,33,33,1097.2232956795624,2.0,1097.2232956795624
859,4.248495242049359,9.308374112247549,6,1968,1984,5.3981627015177525,1.0,2.0,1.0,4.0,1054,2.0,7.321849713788356,1142,7.884199933676039,2,2.0,9,1,4.0,1.0,2,619,0,65,0,0,0,0,0,0,1,0,1,0,0,0,38,22,2203.3218497137887,3.5,1061.884199933676
860,4.02535169073515,8.941545475242885,7,1918,1998,0.0,2.0,2.0,0.0,1.0,912,3.0,6.816735880594968,514,7.2633296174768365,1,2.0,7,1,4.0,1.0,1,216,0,240,0,0,0,0,1,0,0,0,0,1,0,0,89,9,1432.816735880595,1.5,919.2633296174769
861,4.330733340286331,9.360999248261296,5,1965,1965,0.0,1.0,2.0,1.0,4.0,1039,4.0,6.946975992135418,0,6.946975992135418,1,1.0,6,0,0.0,1.0,2,504,0,0,0,0,0,0,1,0,0,1,1,0,0,0,45,45,1045.9469759921353,2.5,1045.9469759921353
862,4.406719247264253,9.177093778182547,6,1984,1985,0.0,1.0,3.0,0.0,6.0,1040,2.0,7.001245622069476,0,7.001245622069476,2,1.0,6,0,0.0,1.0,2,480,0,0,0,0,0,0,1,0,0,1,1,0,0,0,26,25,1047.0012456220695,2.0,1047.0012456220695
863,4.2626798770413155,8.978660489639687,5,1959,1959,0.0,1.0,2.0,0.0,4.0,1148,2.0,7.046647277848756,0,7.046647277848756,1,1.0,6,0,0.0,1.0,1,672,0,0,0,0,0,0,1,0,1,0,1,0,0,0,50,50,1155.0466472778487,2.0,1155.0466472778487
864,4.290459441148391,9.0642735958414,7,2007,2008,0.0,2.0,4.0,0.0,1.0,1372,4.0,7.224753405767971,0,7.224753405767971,2,2.0,6,0,0.0,3.0,2,529,0,140,0,0,1,1,1,0,0,1,1,0,1,1,1,0,1379.224753405768,2.0,1379.224753405768
865,4.248495242049359,9.076923258535832,5,1970,1970,4.343805421853684,1.0,2.0,0.0,4.0,1002,2.0,6.910750787961936,0,6.910750787961936,1,1.0,5,0,0.0,1.0,2,902,0,0,0,0,0,0,0,0,1,0,0,1,0,0,39,39,1008.9107507879619,2.0,1008.9107507879619
866,4.219507705176107,9.273972232220956,8,2006,2007,5.616771097666572,2.0,3.0,2.0,1.0,1638,4.0,7.4067107301776405,0,7.4067107301776405,2,2.0,6,1,4.0,2.0,3,870,192,80,0,0,1,1,0,1,0,1,1,0,1,1,1,0,1645.4067107301776,2.0,1645.4067107301776
867,4.454347296253507,8.849513965486398,4,1961,1961,0.0,1.0,2.0,0.0,5.0,1040,2.0,7.02197642307216,0,7.02197642307216,1,0.0,5,0,0.0,2.0,2,544,168,0,0,0,1,1,1,0,1,0,1,0,0,0,46,46,1047.0219764230721,2.5,1047.0219764230721
868,4.248495242049359,9.599879329534089,5,1948,1950,0.0,1.0,0.0,0.0,0.0,0,3.0,7.344719054149673,720,7.749753406274437,2,1.0,7,1,3.0,1.0,2,672,120,144,0,0,0,0,1,0,0,0,1,0,0,0,58,56,727.3447190541497,2.0,7.749753406274437
869,4.394449154672439,9.204221690968005,7,1993,1994,5.5093883366279774,2.0,3.0,0.0,6.0,1050,4.0,6.968850378341948,887,7.575584651557793,2,2.0,8,1,3.0,3.0,2,574,156,90,0,0,0,0,0,0,0,1,1,0,0,0,17,16,1943.968850378342,3.5,1057.5755846515578
870,4.110873864173311,8.79497643168877,5,1962,1962,0.0,1.0,2.0,0.0,1.0,894,3.0,6.796823718274855,0,6.796823718274855,1,1.0,5,0,0.0,1.0,1,308,0,0,0,0,0,0,1,0,1,0,0,1,0,0,47,47,900.7968237182748,1.0,900.7968237182748
871,4.2626798770413155,9.076923258535832,6,1998,1998,4.762173934797756,1.0,3.0,0.0,6.0,804,4.0,6.690842277418564,878,7.428333194190806,2,2.0,7,0,0.0,2.0,2,523,0,77,0,0,1,1,0,0,0,1,1,0,0,0,12,12,1688.6908422774186,2.5,811.4283331941908
872,4.31748811353631,9.09301972939964,5,1953,1996,0.0,2.0,2.0,2.0,1.0,105,3.0,6.814542897259958,0,6.814542897259958,1,2.0,5,0,0.0,1.0,2,414,196,0,0,0,0,0,1,0,0,0,1,0,0,0,55,12,111.81454289725995,1.0,111.81454289725995
873,4.110873864173311,9.404672841436273,5,1949,1950,0.0,2.0,2.0,0.0,3.0,832,3.0,6.9440872082295275,0,7.1459844677143876,1,1.0,6,1,4.0,1.0,1,288,0,28,0,0,0,0,1,0,1,0,1,0,0,0,60,59,838.9440872082296,1.0,839.1459844677144
874,3.970291913552122,8.651898894268529,5,1941,1950,0.0,1.0,2.0,0.0,1.0,676,4.0,6.517671272912275,455,7.0317412587631285,1,1.0,5,0,0.0,1.0,1,200,26,0,0,0,0,0,1,0,1,0,0,1,0,0,68,59,1137.5176712729121,1.5,683.0317412587631
875,4.330733340286331,9.105090961257085,8,2007,2007,0.0,2.0,3.0,2.0,6.0,1184,4.0,7.077498053569231,1426,7.8674885686991285,2,3.0,11,1,4.0,3.0,2,550,208,364,0,0,0,0,1,0,0,1,0,0,1,1,0,0,2617.0774980535693,2.5,1191.8674885686992
876,4.553876891600541,10.138045708665592,4,1963,1963,0.0,1.0,2.0,3.0,5.0,1064,3.0,6.947937068614969,0,6.947937068614969,1,1.0,5,0,0.0,1.0,2,648,0,0,0,0,0,0,1,0,0,1,1,0,0,0,44,44,1070.947937068615,2.0,1070.947937068615
877,4.31748811353631,9.086476384753796,9,2004,2005,5.37989735354046,2.0,4.0,0.0,6.0,1462,4.0,7.288244401020124,762,7.707512194600341,2,3.0,10,1,4.0,3.0,3,738,184,0,0,1,1,1,0,1,0,1,1,0,0,0,5,4,2231.28824440102,3.5,1469.7075121946004
878,4.48863636973214,9.37441309371334,5,1961,1995,0.0,1.0,2.0,2.0,5.0,1109,2.0,7.052721049232323,0,7.052721049232323,1,2.0,6,0,0.0,1.0,2,576,192,0,0,0,0,0,1,0,1,0,0,1,0,0,49,15,1116.0527210492323,2.0,1116.0527210492323
879,4.248495242049359,8.853808274977197,5,1978,2005,4.51085950651685,2.0,2.0,0.0,5.0,864,4.0,6.762729506931879,0,6.762729506931879,1,1.0,6,0,0.0,1.0,1,336,0,0,0,0,1,1,0,0,1,0,1,0,0,0,31,4,870.7627295069319,2.0,870.7627295069319
880,4.110873864173311,8.857230494201946,5,2005,2006,0.0,1.0,4.0,0.0,5.0,1090,3.0,6.994849985833071,0,6.994849985833071,1,1.0,5,0,0.0,3.0,2,450,0,49,0,0,1,1,1,0,0,1,1,0,0,0,2,1,1096.994849985833,2.5,1096.994849985833
881,3.8066624897703196,9.529448434427817,7,1990,1991,4.770684624465665,2.0,3.0,1.0,2.0,1156,4.0,7.080026499922591,530,7.4489161025442,2,2.0,7,1,3.0,2.0,2,400,168,36,0,0,0,0,0,0,1,0,1,0,0,0,17,16,1693.0800264999225,2.5,1163.4489161025442
882,4.248495242049359,9.173365135851288,6,1992,1993,0.0,1.0,3.0,0.0,1.0,808,3.0,6.695798917058491,785,7.374001859350161,2,1.0,7,1,3.0,2.0,2,389,342,40,0,0,1,1,1,0,0,1,0,0,0,0,17,16,1599.6957989170585,2.5,815.3740018593502
883,4.110873864173311,8.733110697638708,4,1912,1950,0.0,2.0,2.0,0.0,1.0,795,2.0,6.86171134048073,795,7.7102051944325325,1,1.0,10,0,0.0,1.0,1,440,0,188,0,0,0,0,1,0,0,1,0,1,0,0,94,56,1596.8617113404807,2.0,802.7102051944325
884,4.189654742026425,8.875007486048396,5,1967,1967,4.110873864173311,1.0,2.0,0.0,4.0,892,2.0,6.794586580876499,0,6.794586580876499,1,1.0,5,0,0.0,2.0,1,288,0,0,0,0,0,0,0,0,1,0,1,0,0,0,42,42,898.7945865808765,1.0,898.7945865808765
885,3.9318256327243257,8.540909718033554,9,1999,2000,4.110873864173311,2.0,4.0,2.0,6.0,1698,4.0,7.444248649496705,0,7.444248649496705,2,2.0,5,1,3.0,3.0,2,506,97,65,0,0,0,0,0,0,0,1,1,0,0,0,9,8,1705.4442486494968,3.0,1705.4442486494968
886,4.2626798770413155,9.035272443893536,5,1959,2005,4.812184355372417,1.0,2.0,0.0,2.0,1626,4.0,7.44600149832412,0,7.44600149832412,2,1.0,8,0,0.0,3.0,2,588,272,54,0,0,0,0,0,0,1,0,1,0,0,0,47,1,1633.4460014983242,2.0,1633.4460014983242
887,4.0943445622221,9.709113657218,5,1955,1955,0.0,1.0,2.0,0.0,1.0,816,2.0,6.771935555839602,521,7.2399325913204695,1,1.0,8,0,0.0,1.0,1,300,121,0,0,0,0,0,1,0,0,1,1,0,0,0,53,53,1343.7719355558397,1.5,823.2399325913204
888,4.564348191467836,9.671933733861948,8,1970,1970,0.0,2.0,2.0,3.0,5.0,2217,4.0,7.704361167910313,0,7.704361167910313,2,2.0,8,1,3.0,1.0,2,621,81,207,0,0,0,0,1,0,0,1,1,0,0,0,37,37,2224.7043611679105,3.0,2224.7043611679105
889,4.859812404361672,9.405989388981,6,1953,1953,4.51085950651685,1.0,2.0,0.0,4.0,1505,4.0,7.317212408359839,0,7.317212408359839,1,1.0,6,1,3.0,2.0,2,505,0,0,0,0,0,0,0,0,1,0,1,0,0,0,56,56,1512.3172124083599,2.0,1512.3172124083599
890,4.110873864173311,8.99528899055931,5,1949,2006,0.0,1.0,2.0,1.0,1.0,672,4.0,6.511745329644728,252,6.829793737512425,1,1.0,6,1,1.0,1.0,2,576,0,0,0,0,0,0,1,0,1,0,0,1,0,0,58,1,930.5117453296448,1.0,678.8297937375124
891,4.2626798770413155,9.32232887392423,6,1978,1978,4.532599493153256,1.0,2.0,0.0,2.0,918,3.0,6.823286122355687,765,7.428927194802272,2,1.0,7,1,3.0,2.0,2,440,243,0,0,0,0,0,0,0,1,0,1,0,0,0,31,31,1689.8232861223557,2.5,925.4289271948023
892,4.2626798770413155,9.037771106624906,6,1963,2003,0.0,1.0,2.0,0.0,6.0,1059,2.0,6.974478911025045,0,6.974478911025045,1,1.0,6,0,0.0,2.0,1,264,192,0,0,0,0,0,1,0,1,0,1,0,0,0,43,3,1065.974478911025,1.5,1065.974478911025
893,4.248495242049359,9.494390858193913,5,1954,1954,0.0,1.0,3.0,1.0,4.0,1383,2.0,7.232733136177615,0,7.232733136177615,1,1.0,6,1,4.0,1.0,1,354,511,116,0,0,0,0,1,0,0,1,1,0,0,0,54,54,1390.2327331361776,2.0,1390.2327331361776
894,4.174387269895637,8.856376036730422,5,1979,1979,0.0,1.0,0.0,0.0,0.0,0,2.0,7.336936913707618,0,7.336936913707618,2,1.0,8,0,0.0,1.0,2,400,0,0,0,0,0,0,1,0,0,0,1,0,0,0,30,30,7.336936913707618,2.0,7.336936913707618
895,4.276666119016055,8.86177531100083,6,1963,1963,6.030685260261263,1.0,2.0,0.0,4.0,780,2.0,6.891625897052253,813,7.493873886783559,1,1.0,8,1,3.0,2.0,2,483,0,50,0,0,0,0,0,0,1,0,1,0,0,0,45,45,1599.891625897052,2.5,787.4938738867836
896,3.9318256327243257,9.078635880978755,4,1936,1950,0.0,1.0,2.0,0.0,5.0,951,4.0,6.858565034791365,0,6.858565034791365,1,1.0,6,0,0.0,1.0,1,327,0,28,0,0,0,0,1,0,0,0,0,1,0,0,70,56,957.8585650347914,1.0,957.8585650347914
897,4.174387269895637,8.856376036730422,5,1979,1979,0.0,1.0,0.0,0.0,0.0,0,2.0,7.02197642307216,1120,7.714677473800927,2,1.0,12,0,0.0,1.0,2,528,154,0,0,0,0,0,1,0,0,0,0,1,0,0,30,30,1127.0219764230721,2.0,7.714677473800927
898,4.61512051684126,9.466531777336593,9,2009,2010,6.634633357861686,3.0,4.0,3.0,6.0,2330,4.0,7.768533300926033,0,7.768533300926033,2,3.0,11,2,4.0,3.0,3,820,0,67,0,1,1,1,0,1,0,1,1,0,1,1,1,0,2337.768533300926,3.5,2337.768533300926
899,4.189654742026425,8.852807917623322,5,1961,1994,0.0,1.0,2.0,0.0,4.0,912,2.0,7.1204443723924875,0,7.1204443723924875,1,1.0,6,1,3.0,1.0,1,288,0,0,0,0,0,0,1,0,1,0,1,0,0,0,45,12,919.1204443723925,1.0,919.1204443723925
900,4.248495242049359,8.901230352110781,4,1971,1971,0.0,1.0,2.0,0.0,5.0,858,2.0,6.755768921984255,0,6.755768921984255,1,1.0,4,0,0.0,1.0,1,684,0,0,0,0,0,0,1,0,1,0,0,1,0,0,36,36,864.7557689219842,1.0,864.7557689219842
901,4.174387269895637,9.072571442231286,5,1957,2000,0.0,1.0,2.0,1.0,4.0,992,2.0,7.175489713624222,0,7.175489713624222,1,1.0,5,0,0.0,1.0,1,756,0,0,0,0,0,0,1,0,1,0,0,1,0,0,52,9,999.1754897136242,2.0,999.1754897136242
902,4.1588830833596715,8.971575439759016,7,2003,2003,0.0,2.0,3.0,0.0,1.0,783,4.0,6.694562058521095,702,7.31986492980897,2,2.0,8,1,4.0,3.0,2,393,0,75,0,0,1,1,1,0,0,1,1,0,0,0,3,3,1491.6945620585211,2.5,790.319864929809
903,3.9318256327243257,9.60642831827175,7,2006,2006,3.332204510175204,2.0,3.0,0.0,1.0,1670,4.0,7.421177528595393,0,7.421177528595393,2,2.0,7,1,4.0,2.0,3,690,144,60,0,0,1,1,0,0,0,1,1,0,1,1,0,0,1677.4211775285953,2.0,1677.4211775285953
904,4.248495242049359,8.728102205062104,5,1967,1967,4.330733340286331,1.0,2.0,0.0,6.0,876,2.0,6.805722553416985,0,6.805722553416985,1,1.0,6,0,0.0,1.0,1,288,0,0,0,0,0,0,0,0,1,0,1,0,0,0,40,40,882.805722553417,1.0,882.805722553417
905,4.394449154672439,9.202409001649903,5,1954,1954,4.709530201312334,1.0,2.0,0.0,3.0,1056,2.0,6.96979066990159,0,6.96979066990159,1,1.0,6,0,0.0,2.0,1,280,0,0,0,0,0,0,0,1,1,0,1,0,0,0,56,56,1062.9697906699016,2.0,1062.9697906699016
906,4.762173934797756,9.510593101601815,8,2006,2006,5.342334251964811,2.0,3.0,0.0,6.0,1623,4.0,7.400620577371135,0,7.400620577371135,2,2.0,8,1,4.0,2.0,3,865,0,60,0,0,1,1,0,1,0,1,1,0,0,0,1,1,1630.4006205773712,3.0,1630.4006205773712
907,4.465908118654584,9.350189267092581,7,1936,1987,0.0,2.0,3.0,0.0,3.0,1017,3.0,6.928537818164665,1037,7.629489916393995,1,2.0,6,1,4.0,3.0,1,180,0,0,0,0,0,0,1,0,1,0,1,0,0,0,70,19,2060.928537818165,1.5,1024.629489916394
908,4.248495242049359,9.092232283495854,5,1983,1983,0.0,1.0,3.0,2.0,4.0,864,2.0,6.805722553416985,0,6.805722553416985,1,1.0,5,0,0.0,1.0,2,484,164,0,0,0,0,0,1,0,1,0,1,0,0,0,23,23,870.805722553417,2.0,870.805722553417
909,5.0106352940962555,9.440658127038393,6,2005,2005,0.0,2.0,3.0,0.0,1.0,742,4.0,6.610696044717759,742,7.3031700512368,2,2.0,8,1,4.0,3.0,2,390,36,24,0,0,1,1,1,0,0,1,1,0,0,0,4,4,1490.6106960447178,2.5,749.3031700512367
910,4.394449154672439,9.358846580275406,5,1960,1960,5.8916442118257715,1.0,2.0,0.0,3.0,1105,2.0,7.00850518208228,1169,7.729735331385051,2,1.0,12,0,0.0,1.0,2,480,0,0,0,0,0,0,0,0,1,0,0,1,0,0,50,50,2281.0085051820824,2.0,1112.729735331385
911,4.248495242049359,9.13637085177601,5,1977,1989,0.0,1.0,3.0,2.0,5.0,1268,2.0,7.1459844677143876,0,7.1459844677143876,1,2.0,5,0,0.0,1.0,1,252,173,0,0,0,0,0,1,0,1,0,0,1,0,0,32,20,1275.1459844677145,1.5,1275.1459844677145
912,3.9512437185814275,8.71948076085107,5,1925,1950,0.0,1.0,2.0,0.0,3.0,768,2.0,6.923628628138427,0,6.923628628138427,1,1.0,6,0,0.0,1.0,1,450,0,0,0,0,0,0,1,0,0,0,0,1,0,0,81,56,774.9236286281384,1.0,774.9236286281384
913,4.418840607796598,8.74369111054302,5,1949,1950,0.0,1.0,2.0,0.0,4.0,1001,2.0,6.90975328164481,1001,7.602401335665818,2,1.0,8,0,0.0,1.0,3,871,0,0,0,0,0,0,1,0,1,0,0,0,0,0,58,57,2008.909753281645,2.0,1008.6024013356658
914,3.4339872044851463,8.006700845440367,6,2009,2009,4.343805421853684,2.0,3.0,2.0,6.0,612,4.0,6.418364935936212,612,7.110696122978827,2,2.0,4,0,0.0,2.0,2,528,0,234,0,0,1,1,0,1,0,1,0,1,1,1,0,0,1230.418364935936,2.5,619.1106961229789
915,3.091042453358316,7.601901959875166,4,1970,1970,4.394449154672439,1.0,2.0,0.0,1.0,546,1.0,6.304448802421981,546,6.996681488176539,1,1.0,6,0,0.0,1.0,1,286,0,0,0,0,0,0,0,0,1,0,1,0,0,0,37,37,1098.304448802422,1.5,552.9966814881766
916,3.9318256327243257,9.105090961257085,2,1949,1950,0.0,1.0,2.0,2.0,4.0,480,2.0,6.175867270105761,0,6.175867270105761,0,1.0,4,0,0.0,1.0,1,308,0,0,0,0,0,0,1,0,1,0,0,1,0,0,57,56,486.17586727010575,1.0,486.17586727010575
917,4.248495242049359,9.749228533507058,4,1956,1956,0.0,1.0,2.0,0.0,5.0,1134,4.0,7.114769448366463,0,7.114769448366463,1,1.0,6,0,0.0,2.0,1,284,0,0,0,0,1,1,1,0,1,0,1,0,0,0,53,53,1141.1147694483664,1.0,1141.1147694483664
918,4.6443908991413725,9.482350275033667,7,1991,1991,0.0,2.0,4.0,1.0,4.0,1104,4.0,6.816735880594968,1215,7.662937850461535,2,2.0,8,1,3.0,2.0,3,833,72,192,0,0,0,0,1,0,0,1,1,0,0,0,16,16,2325.816735880595,3.5,1111.6629378504615
919,4.477336814478207,9.308374112247549,6,1958,2002,0.0,3.0,3.0,0.0,5.0,1184,4.0,7.254884810077338,0,7.254884810077338,1,1.0,6,1,3.0,1.0,2,601,0,51,0,0,0,0,1,0,1,0,1,0,0,0,50,6,1191.2548848100773,2.0,1191.2548848100773
920,4.2626798770413155,9.043458999670106,6,1994,1994,4.663439094112067,2.0,3.0,0.0,6.0,928,4.0,6.842683282238422,785,7.451241684987676,2,2.0,7,0,0.0,2.0,2,471,300,87,0,0,0,0,0,0,0,1,1,0,0,0,13,13,1719.8426832822383,3.0,935.4512416849876
921,4.219507705176107,9.080003870248179,5,1900,2003,0.0,1.0,2.0,0.0,5.0,1272,3.0,7.149131598557407,928,7.696667081526462,2,1.0,9,0,0.0,0.0,0,0,0,70,0,0,0,0,1,0,1,0,0,0,0,0,108,5,2207.1491315985577,5.0,1279.6966670815264
922,4.189654742026425,9.233861567017529,6,2005,2006,0.0,2.0,3.0,0.0,6.0,1316,4.0,7.183111701743281,0,7.183111701743281,2,2.0,6,1,4.0,3.0,2,397,100,0,0,0,1,1,1,0,0,1,1,0,1,1,1,0,1323.1831117017432,2.0,1323.1831117017432
923,3.9318256327243257,8.98882050177807,6,1993,1994,0.0,2.0,3.0,0.0,2.0,1604,4.0,7.388946097618437,0,7.388946097618437,2,2.0,5,1,2.0,2.0,2,533,0,69,0,0,0,0,1,0,0,1,1,0,0,0,15,14,1611.3889460976184,3.0,1611.3889460976184
924,4.382026634673881,9.234154550075438,6,1980,1980,5.062595033026967,1.0,3.0,0.0,4.0,1686,2.0,7.430707082545968,0,7.430707082545968,2,1.0,7,1,3.0,1.0,2,612,384,131,0,0,0,0,0,0,1,0,1,0,0,0,26,26,1693.430707082546,3.0,1693.430707082546
925,4.248495242049359,9.655795128300506,5,1977,1977,0.0,1.0,3.0,2.0,5.0,1126,2.0,7.027314514039777,0,7.027314514039777,2,3.0,6,0,0.0,2.0,2,540,180,0,0,0,1,1,1,0,0,1,1,0,0,0,31,31,1133.0273145140397,2.5,1133.0273145140397
926,4.543294782270004,9.392661928770137,8,2003,2004,5.831882477283517,2.0,3.0,0.0,1.0,1181,4.0,7.118826249062078,1140,7.772752716468742,2,3.0,10,1,4.0,3.0,3,656,104,100,0,1,1,1,0,0,0,1,0,0,0,0,4,3,2328.1188262490623,2.5,1188.7727527164686
927,4.248495242049359,9.200391041122515,7,1968,1968,5.8377304471659395,1.0,2.0,0.0,4.0,832,3.0,7.002155954403621,880,7.590346945602565,2,1.0,9,1,4.0,2.0,2,486,0,43,0,0,0,0,0,0,1,0,1,0,0,0,40,40,1719.0021559544036,2.5,839.5903469456026
928,4.248495242049359,9.379154445411636,8,2001,2001,0.0,2.0,3.0,2.0,1.0,1753,4.0,7.489412083508719,0,7.489412083508719,2,3.0,7,1,3.0,2.0,2,522,202,151,0,0,1,1,1,0,0,1,1,0,0,0,8,8,1760.4894120835088,2.0,1760.4894120835088
929,4.248495242049359,9.47324295306374,7,1997,1997,5.655991810819852,1.0,3.0,0.0,1.0,964,3.0,6.901737206656574,1243,7.71289096149013,2,2.0,8,1,3.0,3.0,2,642,0,0,0,0,0,0,0,0,0,1,0,0,0,0,9,9,2213.9017372066564,2.5,971.7128909614901
930,4.30406509320417,9.096723645189215,8,2007,2007,0.0,2.0,3.0,2.0,6.0,1466,4.0,7.2909747781429814,0,7.2909747781429814,2,2.0,7,0,0.0,3.0,3,610,100,18,0,0,1,1,1,0,0,1,1,0,0,0,2,2,1473.290974778143,2.0,1473.290974778143
931,4.2626798770413155,9.116139576577355,5,1965,1965,0.0,1.0,2.0,0.0,4.0,925,4.0,6.8308742346461795,0,6.8308742346461795,1,1.0,5,0,0.0,1.0,1,429,0,0,0,0,1,1,1,0,1,0,0,1,0,0,44,44,931.8308742346462,1.5,931.8308742346462
932,4.442651256490317,9.364862411412354,9,2006,2006,5.713732805509369,3.0,4.0,0.0,1.0,1905,4.0,7.552762084214147,0,7.552762084214147,2,3.0,8,1,4.0,3.0,3,788,0,191,0,0,1,0,0,1,0,1,1,0,0,0,1,1,1912.5527620842142,2.0,1912.5527620842142
933,4.1588830833596715,9.046408680293819,7,2004,2004,5.351858133476067,2.0,3.0,2.0,6.0,1500,4.0,7.313886831633462,0,7.313886831633462,2,2.0,6,0,0.0,2.0,2,570,192,36,0,0,1,1,0,0,0,1,1,0,0,0,5,5,1507.3138868316335,2.0,1507.3138868316335
934,5.749392985908253,10.227417172661774,7,1960,2007,0.0,1.0,3.0,3.0,6.0,585,4.0,7.635303886259415,0,7.635303886259415,2,2.0,9,1,4.0,2.0,2,505,0,0,0,0,0,0,1,0,1,0,1,0,0,0,48,1,592.6353038862594,3.0,592.6353038862594
935,3.970291913552122,8.67008593751938,4,1926,1953,4.6913478822291435,1.0,1.0,1.0,1.0,600,3.0,6.617402977974478,0,6.617402977974478,1,1.0,5,0,0.0,1.0,2,528,0,0,0,0,0,0,0,0,0,1,0,1,0,0,80,53,606.6174029779745,1.0,606.6174029779745
936,4.219507705176107,9.218705288307811,7,2003,2003,0.0,2.0,3.0,0.0,6.0,1176,4.0,7.0909098220799835,0,7.0909098220799835,2,2.0,5,0,0.0,2.0,2,555,0,41,0,0,1,1,1,0,0,1,1,0,0,0,6,6,1183.09090982208,3.0,1183.09090982208
937,4.330733340286331,9.177403871729918,7,2005,2005,0.0,2.0,3.0,1.0,6.0,1113,4.0,7.01571242048723,858,7.586803535162581,2,2.0,8,1,4.0,2.0,2,689,0,48,0,0,1,1,1,0,0,1,1,0,0,0,4,4,1978.0157124204873,2.5,1120.5868035351625
938,4.30406509320417,9.078065332666364,7,2006,2006,0.0,2.0,3.0,1.0,6.0,1391,4.0,7.238496840894365,571,7.5822291942764615,2,2.0,7,0,0.0,2.0,3,868,0,90,0,0,1,1,1,0,0,1,1,0,1,1,0,0,1969.2384968408944,2.5,1398.5822291942764
939,4.248495242049359,10.089593605747774,7,1940,1950,0.0,1.0,2.0,1.0,1.0,1032,4.0,7.0967213784947605,1196,7.784889295655098,2,1.0,10,2,3.0,1.0,1,349,56,0,0,0,0,0,1,0,1,0,1,0,0,0,70,60,2235.0967213784947,2.0,1039.7848892956551
940,4.02535169073515,9.444700778495557,6,1976,1976,0.0,1.0,2.0,3.0,3.0,1728,2.0,7.455298485683291,0,7.455298485683291,2,1.0,8,0,0.0,1.0,2,574,40,0,0,0,0,0,1,0,1,0,1,0,0,0,30,30,1735.4552984856832,2.0,1735.4552984856832
941,4.248495242049359,9.077494458642754,7,1999,1999,5.700443573390687,2.0,3.0,0.0,5.0,992,4.0,6.930494765951626,1038,7.630946580890459,2,2.0,8,1,3.0,2.0,2,390,0,0,0,0,1,1,0,0,0,1,0,0,0,0,10,10,2036.9304947659516,3.5,999.6309465808905
942,3.7612001156935624,8.950532836290382,4,1977,1977,0.0,1.0,3.0,3.0,6.0,1440,2.0,7.273092595999522,0,7.273092595999522,2,1.0,8,0,0.0,0.0,0,0,321,0,0,0,0,0,1,0,0,1,0,0,0,0,30,30,1447.2730925959995,4.0,1447.2730925959995
943,4.61512051684126,10.12667110305036,5,1967,1967,0.0,1.0,2.0,2.0,1.0,1632,2.0,7.398174092970465,0,7.398174092970465,2,1.0,8,0,0.0,1.0,2,576,0,0,0,0,0,0,1,0,1,0,1,0,0,0,40,40,1639.3981740929705,2.0,1639.3981740929705
944,4.248495242049359,9.573315428463395,6,1958,1958,6.295266001439646,1.0,2.0,0.0,6.0,819,3.0,7.20414929203594,0,7.20414929203594,1,2.0,7,1,4.0,2.0,2,525,0,118,0,0,0,0,0,0,1,0,0,0,0,0,51,51,826.2041492920359,1.5,826.2041492920359
945,4.59511985013459,9.084890521258767,5,1890,1996,0.0,1.0,2.0,0.0,2.0,1088,2.0,7.080867896690782,561,7.533693709848633,1,1.0,7,0,0.0,1.0,2,456,48,0,0,0,1,1,1,0,0,0,0,1,0,0,119,13,1656.0808678966907,1.0,1095.5336937098486
946,4.2626798770413155,9.007489523929735,5,1959,1959,4.859812404361672,1.0,2.0,2.0,5.0,1144,2.0,7.0431599159883405,0,7.0431599159883405,1,1.0,6,1,3.0,2.0,1,796,86,0,0,0,0,0,0,0,1,0,1,0,0,0,47,47,1151.0431599159883,2.0,1151.0431599159883
947,4.454347296253507,9.584452402426324,8,2002,2003,5.4680601411351315,2.0,3.0,2.0,6.0,1616,4.0,7.396335293800808,0,7.396335293800808,2,2.0,9,1,4.0,3.0,3,808,0,252,0,0,1,1,0,0,0,1,1,0,0,0,5,4,1623.3963352938008,3.0,1623.3963352938008
948,4.189654742026425,9.547312483639047,7,2002,2002,4.976733742420574,2.0,3.0,0.0,1.0,936,4.0,6.842683282238422,840,7.482681828154651,2,2.0,7,1,3.0,2.0,2,474,144,96,0,0,1,1,0,0,0,1,1,0,0,0,4,4,1782.8426832822383,2.5,943.4826818281547
949,4.3694478524670215,9.144307401371744,6,1972,2006,0.0,1.0,2.0,0.0,5.0,1161,2.0,7.231287004327616,0,7.231287004327616,1,2.0,5,1,3.0,2.0,2,676,0,0,0,0,0,0,1,0,1,0,1,0,0,0,38,4,1168.2312870043277,2.5,1168.2312870043277
950,4.110873864173311,8.881975184248867,5,1950,2002,0.0,1.0,2.0,0.0,5.0,864,3.0,6.762729506931879,0,6.762729506931879,1,2.0,5,0,0.0,2.0,2,720,194,0,0,0,1,1,1,0,1,0,0,1,0,0,57,5,870.7627295069319,2.0,870.7627295069319
951,4.110873864173311,8.962007209588313,5,1965,1965,0.0,1.0,2.0,0.0,4.0,828,3.0,6.873163834212518,0,6.873163834212518,1,1.0,6,0,0.0,1.0,1,300,421,0,0,0,1,1,1,0,1,0,0,1,0,0,41,41,834.8731638342125,2.0,834.8731638342125
952,4.110873864173311,8.881975184248867,5,1972,2003,0.0,1.0,3.0,2.0,6.0,768,3.0,6.645090969505644,0,6.645090969505644,1,1.0,5,0,0.0,3.0,1,396,192,0,0,0,0,0,1,0,1,0,0,1,0,0,37,6,774.6450909695056,1.5,774.6450909695056
953,4.248495242049359,9.312535884290853,5,1969,1969,5.4510384535657,1.0,2.0,2.0,5.0,784,4.0,7.063903961472068,800,7.585281078639126,2,1.0,7,1,1.0,2.0,2,530,305,189,0,0,0,0,0,0,1,0,1,0,0,0,39,39,1591.063903961472,3.0,791.5852810786391
954,3.58351893845611,9.148571345578551,6,1975,1975,5.5254529391317835,1.0,3.0,3.0,6.0,945,2.0,6.8885724595653635,0,6.8885724595653635,2,1.0,4,0,0.0,0.0,0,0,0,0,0,0,0,0,0,0,1,0,0,0,0,0,31,31,951.8885724595654,3.0,951.8885724595654
955,4.418840607796598,8.873047798971067,6,1946,1950,6.049733455231958,1.0,3.0,0.0,3.0,979,2.0,6.887552571664617,979,7.580189417944541,2,1.0,8,0,0.0,1.0,2,492,0,0,0,0,0,0,0,0,1,0,1,0,0,0,61,57,1964.8875525716646,2.0,986.5801894179446
956,3.2188758248682006,7.170888478512505,6,1980,1980,0.0,1.0,3.0,0.0,5.0,561,2.0,6.331501849893691,668,7.114769448366463,1,1.0,5,1,3.0,3.0,2,462,150,0,0,0,0,0,1,0,1,0,1,0,0,0,29,29,1235.3315018498938,1.5,568.1147694483665
957,4.2626798770413155,8.912069097970134,5,1962,1962,0.0,1.0,2.0,0.0,3.0,1057,2.0,6.964135612418245,0,6.964135612418245,1,1.0,6,0,0.0,3.0,2,576,0,0,0,0,0,0,1,0,1,0,0,1,0,0,45,45,1063.9641356124182,1.0,1063.9641356124182
958,4.189654742026425,9.042040056544483,7,2003,2003,0.0,2.0,3.0,1.0,6.0,1337,4.0,7.198931240688173,0,7.198931240688173,2,2.0,6,0,0.0,2.0,2,531,0,39,0,0,1,1,1,0,0,1,1,0,0,0,4,4,1344.1989312406881,3.0,1344.1989312406881
959,3.2188758248682006,7.8528278122817445,7,1999,1999,0.0,2.0,3.0,0.0,5.0,696,4.0,6.546785410760524,720,7.256297239690681,2,2.0,6,0,0.0,1.0,2,484,0,44,0,0,0,0,1,0,0,1,0,1,0,0,11,11,1422.5467854107605,3.5,703.2562972396906
960,3.9318256327243257,8.882946799288174,5,1958,2008,0.0,1.0,2.0,3.0,4.0,858,3.0,6.755768921984255,0,6.755768921984255,1,1.0,4,0,0.0,0.0,0,0,117,0,0,0,0,0,1,0,1,0,0,0,0,0,52,2,864.7557689219842,2.0,864.7557689219842
961,4.248495242049359,9.411483683010726,6,1977,1995,6.052089168924417,1.0,3.0,0.0,5.0,1330,2.0,7.341483852363161,1330,7.96311205897929,2,1.0,11,1,3.0,3.0,2,619,550,282,0,0,0,0,0,0,1,0,1,0,0,0,31,13,2667.341483852363,3.5,1337.9631120589793
962,3.2188758248682006,7.744569809354496,6,1976,1976,0.0,1.0,3.0,0.0,5.0,804,2.0,6.690842277418564,744,7.3453648404168685,2,2.0,7,1,3.0,1.0,2,440,48,0,0,0,0,0,1,0,1,0,0,1,0,0,31,31,1554.6908422774186,3.5,811.3453648404169
963,4.812184355372417,9.386308454797962,9,2007,2007,0.0,2.0,4.0,0.0,1.0,1800,4.0,7.496097345175956,0,7.496097345175956,2,3.0,7,0,0.0,3.0,2,702,288,136,0,0,1,1,1,0,0,1,1,0,0,0,2,2,1807.496097345176,2.0,1807.496097345176
964,4.394449154672439,9.334061298965942,7,2002,2003,3.8066624897703196,2.0,3.0,0.0,6.0,817,4.0,6.715383386334681,1070,7.546974117516527,2,2.0,8,1,4.0,3.0,2,510,0,40,0,0,1,1,0,0,0,1,0,0,0,0,8,7,1893.7153833863347,3.5,824.5469741175166
965,4.189654742026425,9.233861567017529,6,2005,2007,0.0,2.0,3.0,0.0,1.0,783,4.0,6.664409020350408,701,7.3031700512368,2,2.0,8,1,4.0,3.0,2,393,0,72,0,0,1,1,1,0,0,1,1,0,1,1,2,0,1490.6644090203504,2.5,790.3031700512367
966,4.875197323201151,9.169622538697624,5,1940,1950,0.0,2.0,2.0,0.0,3.0,728,4.0,6.884486652042782,332,7.1770187659099,1,1.0,7,2,3.0,1.0,1,256,0,70,0,0,0,0,1,0,0,0,0,1,0,0,69,59,1066.8844866520428,2.5,735.1770187659099
967,4.248495242049359,8.908018322784887,5,1955,1955,5.0238805208462765,1.0,2.0,0.0,5.0,1098,2.0,7.002155954403621,0,7.002155954403621,1,1.0,6,0,0.0,1.0,1,260,0,0,0,0,0,0,0,0,1,0,1,0,0,0,53,53,1105.0021559544036,2.0,1105.0021559544036
968,3.9318256327243257,8.68710472813351,3,1910,1950,0.0,1.0,2.0,0.0,1.0,600,1.0,6.398594934535208,368,6.876264611890766,1,1.0,6,0,0.0,0.0,0,0,0,0,0,0,1,1,1,0,0,0,0,0,0,0,99,59,974.3985949345353,1.0,606.8762646118907
969,4.330733340286331,9.247925132303454,6,1958,1958,4.663439094112067,1.0,2.0,3.0,5.0,588,2.0,6.999422467507961,0,6.999422467507961,1,1.0,6,0,0.0,2.0,1,264,0,0,0,0,0,0,0,0,1,0,1,0,0,0,48,48,594.999422467508,2.0,594.999422467508
970,4.110873864173311,9.287394001418473,4,1949,1950,0.0,1.0,2.0,0.0,1.0,720,2.0,6.580639137284949,472,7.084226422097916,1,1.0,6,0,0.0,0.0,0,0,0,0,0,0,0,0,1,0,1,0,0,0,0,0,57,56,1198.5806391372848,1.5,727.0842264220979
971,3.6109179126442243,7.727094484779841,7,2003,2004,4.672828834461906,2.0,3.0,0.0,6.0,764,4.0,6.639875833826536,862,7.394493107219038,2,2.0,6,0,0.0,2.0,2,474,0,27,0,1,1,0,0,1,0,1,0,0,0,0,6,5,1632.6398758338264,2.0,771.3944931072191
972,4.02535169073515,8.973731569708402,6,1979,1979,0.0,1.0,3.0,0.0,1.0,918,2.0,6.823286122355687,0,6.823286122355687,2,1.0,5,1,3.0,1.0,1,264,28,0,0,0,0,0,1,0,1,0,1,0,0,0,31,31,924.8232861223557,2.0,924.8232861223557
973,4.564348191467836,9.36220272128543,7,2007,2008,0.0,2.0,3.0,0.0,1.0,1428,4.0,7.264730177929867,0,7.264730177929867,2,2.0,6,0,0.0,3.0,2,480,0,120,0,0,0,0,1,0,0,1,1,0,1,1,1,0,1435.2647301779298,2.0,1435.2647301779298
974,4.110873864173311,9.342683558963897,7,1910,1993,0.0,1.0,3.0,0.0,1.0,728,2.0,7.036148493750536,883,7.61085279039525,1,2.0,8,0,0.0,1.0,2,532,509,135,0,0,0,0,1,0,0,0,0,1,0,0,99,16,1618.0361484937505,1.0,735.6108527903953
975,4.248495242049359,7.883069351305753,7,2000,2000,0.0,2.0,3.0,0.0,6.0,673,4.0,6.513230110912307,709,7.232010331664759,2,2.0,6,0,0.0,1.0,2,490,153,50,0,0,0,0,1,0,0,1,0,1,0,0,6,6,1388.5132301109124,3.5,680.2320103316648
976,3.9512437185814275,8.682877107057168,4,1923,1958,0.0,1.0,3.0,0.0,1.0,440,2.0,6.76849321164863,0,6.76849321164863,1,0.0,4,0,0.0,0.0,0,0,0,0,0,0,0,0,1,0,0,1,0,0,0,0,83,48,446.7684932116486,1.0,446.7684932116486
977,3.58351893845611,8.360539381370861,7,2006,2007,0.0,2.0,3.0,0.0,6.0,1241,4.0,7.124478262493424,0,7.124478262493424,1,2.0,4,0,0.0,3.0,2,569,0,116,0,0,1,1,1,0,0,1,1,0,1,1,1,0,1248.1244782624933,2.5,1248.1244782624933
978,4.23410650459726,9.153875834995056,4,1954,1954,0.0,1.0,2.0,0.0,2.0,894,4.0,6.796823718274855,0,6.796823718274855,1,1.0,5,0,0.0,1.0,2,400,0,0,0,0,0,0,1,0,1,0,0,1,0,0,53,53,900.7968237182748,1.0,900.7968237182748
979,4.394449154672439,9.084436955087027,5,1963,1963,0.0,1.0,2.0,0.0,3.0,1121,2.0,7.022868086082641,0,7.022868086082641,1,1.0,5,0,0.0,1.0,2,480,0,80,0,0,1,1,1,0,0,1,0,1,0,0,46,46,1128.0228680860826,2.0,1128.0228680860826
980,4.248495242049359,9.402859753746583,7,1961,2007,5.351858133476067,3.0,2.0,2.0,5.0,944,3.0,6.907755278982137,0,6.907755278982137,1,3.0,6,0,0.0,2.0,2,588,144,76,0,0,0,0,0,1,1,0,1,0,0,0,47,1,950.9077552789821,2.0,950.9077552789821
981,4.59511985013459,9.40951904583656,8,1998,1999,6.883462586413092,2.0,3.0,0.0,6.0,1225,4.0,7.152268856032539,1336,7.868254265520613,2,2.0,8,1,3.0,3.0,3,676,250,0,1,0,1,1,0,0,0,1,1,0,0,0,11,10,2568.1522688560326,3.5,1232.8682542655206
982,3.784189633918261,8.065579427282092,7,2007,2007,2.833213344056216,2.0,3.0,2.0,1.0,1266,4.0,7.144407180321139,0,7.144407180321139,2,2.0,6,1,4.0,3.0,2,388,100,16,0,0,1,1,0,0,0,1,1,0,0,0,1,1,1273.1444071803212,2.0,1273.1444071803212
983,4.248495242049359,9.328212292571072,8,2002,2002,0.0,2.0,3.0,1.0,1.0,1128,4.0,7.047517221357296,1141,7.736743682453495,2,2.0,9,1,4.0,1.0,2,779,0,0,0,0,0,0,1,0,0,1,1,0,0,0,6,6,2276.0475172213573,2.5,1135.7367436824536
984,4.330733340286331,9.222861652529854,5,1977,1977,0.0,1.0,0.0,0.0,0.0,0,2.0,7.172424577124845,432,7.45876269238096,2,2.0,8,0,0.0,1.0,2,539,0,0,0,0,0,0,1,0,1,0,1,0,0,0,32,32,439.17242457712484,2.0,7.45876269238096
985,4.23410650459726,9.294773427951013,5,1950,1950,0.0,1.0,2.0,0.0,5.0,1164,2.0,7.060476365999801,0,7.060476365999801,1,1.0,5,0,0.0,1.0,1,240,0,48,0,0,0,0,1,0,1,0,0,1,0,0,58,58,1171.0604763659999,2.0,1171.0604763659999
986,4.0943445622221,8.577535420422398,6,1910,2003,0.0,1.0,2.0,0.0,1.0,485,3.0,6.90975328164481,634,7.400009517162692,1,2.0,5,0,0.0,1.0,1,255,394,0,0,0,1,1,1,0,1,0,1,0,0,0,96,3,1125.9097532816447,1.0,492.4000095171627
987,4.430816798843313,9.226213721132472,9,2009,2010,6.111467339502679,3.0,4.0,2.0,6.0,1930,4.0,7.57095858316901,0,7.57095858316901,2,3.0,8,1,4.0,3.0,3,606,168,95,0,1,1,1,0,1,0,1,1,0,1,1,1,0,1937.570958583169,3.5,1937.570958583169
988,4.248495242049359,9.396570945266852,6,1976,1976,5.700443573390687,1.0,2.0,0.0,2.0,848,2.0,7.020190708311925,912,7.616283561580385,2,2.0,8,1,3.0,3.0,2,551,0,224,0,0,0,0,0,0,1,0,1,0,0,0,31,31,1767.020190708312,2.5,855.6162835615804
989,4.189654742026425,9.002824076547672,7,2006,2006,0.0,2.0,3.0,0.0,1.0,770,4.0,6.658011045870748,798,7.3632795869630385,2,2.0,6,0,0.0,2.0,2,614,0,50,0,0,1,1,1,0,0,1,1,0,1,1,0,0,1574.6580110458708,2.5,777.363279586963
990,4.418840607796598,9.154087430425385,8,1997,1998,6.049733455231958,2.0,3.0,0.0,6.0,1396,4.0,7.249925536717988,985,7.780303087908373,2,2.0,7,1,3.0,3.0,3,870,0,70,1,0,1,1,0,0,0,1,1,0,0,0,9,8,2388.249925536718,3.5,1403.7803030879084
991,4.804021044733257,9.779736745099953,8,1882,1986,0.0,2.0,2.0,0.0,4.0,916,3.0,6.821107472256465,826,7.463363045520021,1,2.0,8,1,4.0,1.0,2,424,0,169,0,0,0,0,1,0,0,0,1,0,0,0,127,23,1748.8211074722565,1.5,923.46336304552
992,4.394449154672439,9.186150133174966,6,1964,1993,5.831882477283517,1.0,2.0,3.0,4.0,822,3.0,6.928537818164665,831,7.524021415206125,2,2.0,7,1,2.0,2.0,2,440,239,42,0,0,0,0,0,0,1,0,1,0,0,0,43,14,1659.9285378181646,2.5,829.5240214152061
993,4.23410650459726,9.087833697483386,6,2005,2006,0.0,1.0,3.0,0.0,1.0,750,4.0,6.621405651764134,750,7.313886831633462,2,2.0,6,0,0.0,2.0,2,564,0,35,0,0,1,1,1,0,0,1,1,0,1,1,1,0,1506.6214056517642,2.5,757.3138868316335
994,4.574710978503383,9.430037992886092,10,2006,2007,5.442417710521793,3.0,4.0,3.0,6.0,1700,4.0,7.449498005382849,0,7.449498005382849,2,3.0,7,1,4.0,3.0,3,786,216,48,0,1,0,0,0,1,0,1,1,0,0,0,3,2,1707.4494980053828,3.0,1707.4494980053828
995,3.9512437185814275,8.45807992692373,4,1946,1950,0.0,1.0,2.0,0.0,5.0,747,2.0,6.652863029353347,456,7.115582126184454,1,1.0,5,0,0.0,1.0,1,305,0,57,0,0,0,0,1,0,1,0,0,1,0,0,60,56,1209.6528630293533,2.5,754.1155821261844
996,4.248495242049359,9.274253697719836,5,1961,1961,0.0,1.0,2.0,0.0,3.0,1050,2.0,6.957497370876951,0,6.957497370876951,1,1.0,6,0,0.0,1.0,1,368,0,319,0,0,0,0,1,0,1,0,1,0,0,0,45,45,1056.957497370877,2.0,1056.957497370877
997,4.248495242049359,9.368881400104733,6,1970,1970,6.349138991379798,1.0,2.0,0.0,1.0,1442,2.0,7.274479558773871,0,7.274479558773871,2,1.0,6,1,3.0,2.0,2,615,371,0,0,0,0,0,0,0,1,0,1,0,0,0,39,39,1449.274479558774,2.0,1449.274479558774
998,4.110873864173311,9.18881025342582,3,1922,1950,0.0,1.0,2.0,0.0,1.0,1007,1.0,6.982862751468942,0,6.982862751468942,1,1.0,6,1,4.0,1.0,1,210,0,100,0,0,0,0,1,0,0,0,0,1,0,0,84,56,1013.9828627514689,1.0,1013.9828627514689
999,4.174387269895637,8.81922185757494,7,2006,2006,3.2188758248682006,2.0,3.0,2.0,6.0,1187,4.0,7.097548850614793,0,7.097548850614793,2,2.0,6,0,0.0,2.0,2,632,105,61,0,0,1,1,0,1,0,1,1,0,0,0,4,4,1194.0975488506149,3.0,1194.0975488506149
1000,4.31748811353631,9.230829038403499,3,1952,1952,0.0,1.0,0.0,0.0,0.0,0,1.0,6.851184927493743,0,6.851184927493743,1,0.0,4,0,0.0,1.0,2,528,0,0,0,0,0,0,1,0,0,0,0,1,0,0,57,57,6.851184927493743,1.0,6.851184927493743
1001,4.110873864173311,8.594339400592892,5,1920,1950,0.0,1.0,1.0,0.0,1.0,691,4.0,6.539585955617669,0,6.539585955617669,1,3.0,4,0,0.0,1.0,1,216,0,20,0,0,0,0,1,0,0,0,0,1,0,0,87,57,697.5395859556177,1.0,697.5395859556177
1002,4.330733340286331,9.38915578944085,8,2006,2006,3.9889840465642745,2.0,3.0,0.0,6.0,1574,4.0,7.362010551259734,0,7.362010551259734,2,2.0,7,1,4.0,2.0,3,824,144,104,0,0,1,1,0,0,0,1,1,0,0,0,2,2,1581.3620105512598,2.0,1581.3620105512598
1003,4.248495242049359,9.350189267092581,5,1976,1976,5.10594547390058,1.0,2.0,0.0,1.0,1680,1.0,7.427144133408616,0,7.427144133408616,2,1.0,8,0,0.0,1.0,2,528,0,0,0,0,1,1,0,0,1,0,0,1,0,0,31,31,1687.4271441334085,2.0,1687.4271441334085
1004,3.784189633918261,8.065579427282092,7,2005,2006,2.833213344056216,2.0,3.0,0.0,6.0,1346,4.0,7.316548177182976,0,7.316548177182976,2,2.0,7,1,4.0,3.0,2,457,156,0,0,0,1,1,0,0,0,1,1,0,0,0,4,3,1353.316548177183,2.0,1353.316548177183
1005,4.189654742026425,9.034318927730707,5,1977,1977,5.3981627015177525,2.0,3.0,2.0,6.0,985,2.0,6.893656354602635,0,6.893656354602635,2,1.0,6,0,0.0,1.0,1,328,210,0,0,0,0,0,0,0,1,0,1,0,0,0,31,31,991.8936563546026,2.0,991.8936563546026
1006,4.248495242049359,9.405578154036684,6,1970,1970,0.0,1.0,3.0,0.0,2.0,1657,3.0,7.4133673356952405,0,7.4133673356952405,2,1.0,7,1,3.0,1.0,2,484,0,0,0,0,0,0,1,0,1,0,1,0,0,0,37,37,1664.4133673356953,2.5,1664.4133673356953
1007,3.091042453358316,7.704361167910313,4,1970,1970,0.0,1.0,2.0,0.0,4.0,546,2.0,6.304448802421981,546,6.996681488176539,1,1.0,6,0,0.0,2.0,1,286,238,0,0,0,0,0,1,0,1,0,1,0,0,0,39,39,1098.304448802422,1.5,552.9966814881766
1008,3.784189633918261,9.402529747968487,7,2004,2005,4.6913478822291435,2.0,4.0,1.0,1.0,1710,4.0,7.444833273892193,0,7.444833273892193,2,2.0,7,1,4.0,3.0,2,550,100,48,0,0,1,1,0,1,0,1,1,0,0,0,5,4,1717.4448332738923,2.0,1717.4448332738923
1009,4.110873864173311,8.699681400989514,5,1926,1950,0.0,1.0,2.0,0.0,1.0,1008,4.0,6.9167150203536085,0,7.328437352895162,2,1.0,7,0,0.0,0.0,0,0,0,0,0,0,0,0,1,0,0,0,0,0,0,0,80,56,1014.9167150203536,2.0,1015.3284373528952
1010,4.7535901911063645,9.965851836732678,5,1948,1950,0.0,1.0,2.0,0.0,1.0,720,2.0,6.580639137284949,551,7.148345743900068,2,1.0,7,1,4.0,1.0,1,312,0,0,0,0,0,0,1,0,1,0,1,0,0,0,60,58,1277.5806391372848,2.0,727.1483457439001
1011,4.330733340286331,9.192787212728593,5,1965,1965,0.0,1.0,0.0,0.0,0.0,0,2.0,7.417580402414544,0,7.417580402414544,2,1.0,8,0,0.0,0.0,0,0,0,0,0,0,0,0,1,0,1,0,0,0,0,0,45,45,7.417580402414544,2.0,7.417580402414544
1012,4.02535169073515,9.267948684596496,6,1923,1996,0.0,1.0,2.0,0.0,1.0,602,2.0,6.803505257608338,602,7.315218389752975,1,2.0,7,2,3.0,1.0,1,180,96,0,0,0,0,0,1,0,0,1,0,1,0,0,84,11,1210.8035052576083,1.5,609.315218389753
1013,4.110873864173311,8.881975184248867,5,1910,2006,0.0,1.0,2.0,0.0,5.0,1022,2.0,6.930494765951626,0,6.930494765951626,1,1.0,4,0,0.0,1.0,1,280,0,30,0,0,0,0,1,0,0,0,0,1,0,0,99,3,1028.9304947659516,2.0,1028.9304947659516
1014,4.110873864173311,9.36434818445553,6,1948,1950,5.332718793265369,1.0,2.0,0.0,4.0,1082,2.0,6.9874902470009905,0,6.9874902470009905,1,1.0,5,1,4.0,1.0,1,240,0,130,0,0,0,0,0,0,1,0,0,1,0,0,59,57,1088.987490247001,1.0,1088.987490247001
1015,4.2626798770413155,9.036106025364846,8,2001,2001,0.0,2.0,3.0,0.0,6.0,810,4.0,6.698268054115413,855,7.418180822726788,2,2.0,6,0,0.0,3.0,2,528,0,45,0,0,1,1,1,0,0,1,1,0,0,0,8,8,1671.6982680541155,3.5,817.4181808227268
1016,4.30406509320417,9.382948236582498,7,1996,1996,5.2832037287379885,2.0,3.0,3.0,6.0,1504,4.0,7.316548177182976,0,7.316548177182976,2,2.0,6,1,3.0,3.0,2,478,115,66,0,0,1,1,0,0,0,1,1,0,0,0,13,13,1511.316548177183,3.0,1511.316548177183
1017,4.248495242049359,8.668196064952765,8,1984,1984,0.0,2.0,3.0,2.0,6.0,1220,3.0,7.215975002651466,0,7.215975002651466,1,2.0,4,1,5.0,2.0,2,565,63,0,0,0,0,0,1,0,1,0,1,0,0,0,25,25,1227.2159750026515,2.0,1227.2159750026515
1018,4.248495242049359,9.285911558823257,7,1991,1992,4.343805421853684,2.0,3.0,0.0,1.0,384,3.0,6.688354713946762,670,7.29505641646263,2,2.0,7,1,3.0,2.0,2,402,164,0,0,0,0,0,0,0,0,1,1,0,0,0,16,15,1060.6883547139469,2.5,391.2950564164626
1019,3.784189633918261,8.01102337918644,7,2005,2005,4.983606621708336,2.0,3.0,3.0,6.0,1362,4.0,7.317876198626496,0,7.317876198626496,2,2.0,6,1,4.0,3.0,2,440,142,20,0,0,1,1,0,0,0,1,1,0,0,0,1,1,1369.3178761986264,2.0,1369.3178761986264
1020,4.110873864173311,8.857230494201946,4,2005,2005,0.0,1.0,3.0,0.0,6.0,1132,4.0,7.0326242610280065,0,7.0326242610280065,1,2.0,5,0,0.0,3.0,2,451,252,64,0,0,1,1,1,0,0,1,1,0,0,0,3,3,1139.032624261028,2.5,1139.032624261028
1021,4.174387269895637,8.91018077801329,7,2006,2006,4.442651256490317,2.0,3.0,2.0,6.0,1199,4.0,7.107425474110705,0,7.107425474110705,2,2.0,6,0,0.0,2.0,2,632,105,54,0,0,1,1,0,1,0,1,1,0,1,1,0,0,1206.1074254741106,3.0,1206.1074254741106
1022,3.970291913552122,9.152711259139547,5,1930,1950,0.0,1.0,2.0,0.0,2.0,912,3.0,6.816735880594968,336,7.130098510125578,1,1.0,6,0,0.0,1.0,1,160,0,0,0,0,0,0,1,0,1,0,0,1,0,0,77,57,1254.816735880595,1.0,919.1300985101255
1023,3.784189633918261,8.065579427282092,7,2005,2006,2.70805020110221,2.0,3.0,0.0,6.0,1346,4.0,7.316548177182976,0,7.316548177182976,2,2.0,7,1,4.0,3.0,2,437,156,20,0,0,1,1,0,0,0,1,1,0,0,0,3,2,1353.316548177183,2.0,1353.316548177183
1024,4.248495242049359,9.648530784697051,8,1976,1976,0.0,2.0,3.0,2.0,5.0,1565,2.0,7.972121128921655,0,7.972121128921655,2,2.0,10,1,4.0,3.0,2,665,0,72,0,0,0,0,1,0,1,0,1,0,0,0,32,32,1572.9721211289216,3.0,1572.9721211289216
1025,4.2626798770413155,8.94910546953925,5,1972,1972,0.0,1.0,2.0,0.0,2.0,882,2.0,6.78332520060396,0,6.78332520060396,1,1.0,5,0,0.0,1.0,2,461,96,0,0,0,1,1,1,0,1,0,0,1,0,0,35,35,888.7833252006039,2.0,888.7833252006039
1026,4.30406509320417,9.137877200242468,5,1960,1960,5.783825182329737,1.0,2.0,0.0,3.0,1268,2.0,7.142827401161621,0,7.142827401161621,1,1.0,6,2,4.0,1.0,2,461,0,0,0,0,0,0,0,0,1,0,1,0,0,0,50,50,1275.1428274011616,2.0,1275.1428274011616
1027,4.276666119016055,9.161255164285691,8,2007,2008,5.82600010738045,2.0,3.0,3.0,6.0,1638,4.0,7.4067107301776405,0,7.4067107301776405,2,2.0,7,1,4.0,2.0,3,800,192,44,0,0,1,1,0,1,0,1,1,0,1,1,1,0,1645.4067107301776,3.0,1645.4067107301776
1028,4.382026634673881,9.158309963881798,5,1941,1950,0.0,1.0,2.0,0.0,3.0,768,2.0,6.876264611890766,408,7.227662498728654,1,1.0,6,1,4.0,1.0,1,240,0,0,0,0,0,0,1,0,1,0,1,0,0,0,66,57,1182.8762646118907,2.0,775.2276624987287
1029,3.091042453358316,7.427144133408616,6,1972,1972,5.641907070938114,1.0,2.0,0.0,4.0,672,3.0,6.511745329644728,546,7.105786129481271,1,1.0,7,0,0.0,1.0,1,264,0,28,0,0,0,0,0,0,1,0,0,1,0,0,34,34,1224.5117453296448,2.0,679.1057861294813
1030,4.248495242049359,8.865452825753623,5,1916,1995,0.0,1.0,2.0,1.0,1.0,686,3.0,6.855408798609928,980,7.564757012905729,2,1.0,10,0,0.0,0.0,0,0,0,0,0,0,1,1,1,0,0,1,0,0,0,0,90,11,1672.85540879861,2.0,693.5647570129057
1031,4.634728988229636,9.671807670199632,7,1920,1970,0.0,1.0,2.0,0.0,6.0,824,4.0,7.431299675155903,998,8.03365842788615,2,1.0,12,2,3.0,3.0,2,672,136,63,0,0,0,0,1,0,0,0,0,0,0,0,89,39,1829.431299675156,3.5,832.0336584278862
1032,4.248495242049359,9.584796293210003,8,1993,1993,0.0,2.0,3.0,0.0,6.0,1338,4.0,7.210079628170788,1168,7.83241092718792,2,2.0,10,1,3.0,2.0,3,796,209,55,1,0,0,0,1,0,0,1,1,0,0,0,13,13,2513.210079628171,3.5,1345.832410927188
1033,4.248495242049359,9.002824076547672,7,2002,2002,5.69035945432406,2.0,3.0,0.0,6.0,1654,4.0,7.411556287811163,0,7.411556287811163,2,2.0,6,0,0.0,1.0,3,900,0,136,0,0,1,1,0,1,0,1,1,0,0,0,4,4,1661.4115562878112,3.0,1661.4115562878112
1034,3.9318256327243257,8.749256840105007,5,1938,1950,0.0,1.0,1.0,0.0,1.0,920,4.0,6.86171134048073,0,6.86171134048073,1,0.0,5,1,4.0,1.0,1,240,0,0,0,0,0,0,1,0,0,1,0,0,0,0,69,57,926.8617113404807,1.0,926.8617113404807
1035,4.248495242049359,9.350189267092581,4,1957,1957,0.0,1.0,0.0,0.0,0.0,0,4.0,6.740519359606223,0,6.740519359606223,1,1.0,5,0,0.0,1.0,1,290,186,0,0,0,0,0,1,0,0,0,0,1,0,0,52,52,6.740519359606223,1.0,6.740519359606223
1036,4.499809670330265,9.464905067965136,9,2007,2008,4.2626798770413155,2.0,4.0,3.0,6.0,1620,4.0,7.390798521735676,0,7.390798521735676,2,3.0,6,1,5.0,3.0,3,912,228,0,0,0,1,1,0,1,0,1,1,0,0,0,2,1,1627.3907985217356,3.0,1627.3907985217356
1037,4.248495242049359,9.13140538388804,8,2001,2002,5.983936280687191,2.0,3.0,0.0,1.0,1055,4.0,6.962243464266207,1208,7.724888439323074,2,2.0,7,1,3.0,3.0,2,905,0,45,0,0,1,1,0,0,0,1,0,0,0,0,7,6,2269.962243464266,2.5,1062.724888439323
1038,3.091042453358316,7.335633981927201,4,1970,2008,0.0,1.0,2.0,0.0,1.0,546,2.0,6.683360945766275,546,7.20414929203594,1,1.0,6,1,3.0,0.0,0,0,0,0,0,0,0,0,1,0,1,0,0,0,0,0,39,1,1098.6833609457663,1.5,553.2041492920359
1039,3.091042453358316,7.298445101508147,4,1970,1970,0.0,1.0,3.0,2.0,6.0,630,2.0,6.447305862541213,0,6.447305862541213,1,1.0,3,0,0.0,1.0,1,286,0,0,0,0,0,0,1,0,1,0,1,0,0,0,39,39,636.4473058625412,2.0,636.4473058625412
1040,4.48863636973214,9.482350275033667,5,1957,2000,4.219507705176107,1.0,2.0,0.0,3.0,1134,4.0,7.4977617006225685,0,7.4977617006225685,2,1.0,8,1,3.0,2.0,2,484,0,0,0,0,0,0,0,0,1,0,1,0,0,0,49,6,1141.4977617006225,3.0,1141.4977617006225
1041,4.248495242049359,9.11943049661634,6,1966,2000,5.53338948872752,1.0,2.0,0.0,6.0,800,3.0,6.68586094706836,832,7.398174092970465,1,2.0,7,0,0.0,1.0,2,484,0,40,0,0,0,0,0,0,1,0,1,0,0,0,42,8,1638.6858609470682,2.0,807.3981740929705
1042,3.5553480614894135,8.590815331286851,6,2005,2005,4.912654885736052,2.0,3.0,2.0,5.0,1306,4.0,7.175489713624222,0,7.175489713624222,2,2.0,5,1,4.0,2.0,2,624,170,63,0,1,1,1,0,1,0,1,1,0,0,0,4,4,1313.1754897136243,3.0,1313.1754897136243
1043,4.465908118654584,9.379238908437996,7,1990,1990,4.605170185988092,1.0,3.0,0.0,6.0,1475,4.0,7.334981878871814,797,7.753623546559746,2,2.0,10,1,5.0,1.0,2,514,192,121,0,0,0,0,0,0,0,1,1,0,0,0,18,18,2279.334981878872,3.5,1482.7536235465598
1044,4.394449154672439,9.169622538697624,8,1981,1981,0.0,2.0,3.0,0.0,5.0,2524,2.0,7.83399634170946,0,7.83399634170946,2,2.0,9,1,4.0,3.0,2,542,474,120,0,0,0,0,1,0,0,1,1,0,0,0,28,28,2531.8339963417093,3.5,2531.8339963417093
1045,4.248495242049359,9.523763287920113,3,1955,1955,0.0,1.0,0.0,0.0,0.0,0,4.0,7.458186157340487,0,7.458186157340487,2,1.0,8,1,4.0,1.0,2,452,0,0,0,0,0,0,1,0,0,0,1,0,0,0,54,54,7.458186157340487,2.0,7.458186157340487
1046,4.454347296253507,9.683900170549684,9,2005,2006,5.342334251964811,2.0,4.0,2.0,6.0,1992,4.0,7.597396320212795,876,7.9617188159813645,3,3.0,11,1,4.0,3.0,3,716,214,108,0,0,0,0,0,1,0,1,0,0,1,1,1,0,2875.5973963202127,3.5,1999.9617188159814
1047,4.060443010546419,9.13194630454817,5,1994,1995,0.0,1.0,3.0,0.0,6.0,990,4.0,6.898714534329988,0,6.898714534329988,1,1.0,5,0,0.0,1.0,2,672,0,0,0,0,1,1,1,0,0,1,0,1,0,0,14,13,996.89871453433,1.5,996.89871453433
1048,4.61512051684126,9.987415012471414,5,1960,2006,4.330733340286331,1.0,0.0,0.0,0.0,0,2.0,7.4798641311650265,0,7.4798641311650265,1,1.0,9,1,3.0,1.0,2,336,0,0,0,0,0,0,0,0,0,0,1,0,0,0,49,3,7.4798641311650265,1.0,7.4798641311650265
1049,4.110873864173311,9.314790473332646,4,1946,2006,0.0,1.0,0.0,0.0,0.0,0,4.0,6.836259277277067,0,6.836259277277067,1,2.0,6,0,0.0,1.0,1,308,0,0,0,0,0,0,1,0,1,0,0,1,0,0,64,4,6.836259277277067,1.0,6.836259277277067
1050,4.30406509320417,9.104312967330653,7,2007,2007,0.0,2.0,3.0,2.0,1.0,1302,4.0,7.172424577124845,0,7.172424577124845,2,2.0,6,0,0.0,3.0,2,436,0,22,0,0,1,1,1,0,0,1,1,0,1,1,0,0,1309.172424577125,2.0,1309.172424577125
1051,4.6443908991413725,9.321523900936798,7,2007,2007,0.0,2.0,3.0,2.0,1.0,1316,4.0,7.183111701743281,0,7.183111701743281,2,2.0,6,1,4.0,3.0,2,440,0,20,0,0,1,1,1,0,0,1,1,0,1,1,0,0,1323.1831117017432,2.0,1323.1831117017432
1052,4.61512051684126,9.15915233520675,6,1964,1978,5.60947179518496,1.0,2.0,0.0,3.0,816,2.0,7.028201432058005,850,7.589841512182657,1,1.0,9,1,3.0,2.0,2,540,0,52,0,0,1,1,0,0,1,0,1,0,0,0,43,29,1673.028201432058,2.0,823.5898415121826
1053,4.23410650459726,9.055205875026193,5,1957,2002,4.983606621708336,1.0,2.0,2.0,3.0,1216,4.0,7.3310603052186325,0,7.3310603052186325,1,1.0,7,1,4.0,1.0,1,364,116,78,0,0,0,0,0,1,1,0,0,0,0,0,53,8,1223.3310603052187,1.0,1223.3310603052187
1054,4.51085950651685,9.338557669776936,8,2002,2002,5.351858133476067,2.0,3.0,1.0,6.0,1065,4.0,6.9957661563048505,898,7.595889917718538,2,2.0,7,1,4.0,3.0,2,586,199,60,0,0,1,1,0,0,0,1,1,0,0,0,4,4,1969.9957661563049,3.5,1072.5958899177185
1055,4.653960350157523,9.338029733117072,6,1976,1976,5.081404364984463,1.0,3.0,0.0,5.0,1193,2.0,7.329093736246592,0,7.329093736246592,2,1.0,7,1,3.0,3.0,2,478,0,0,0,0,0,0,0,0,1,0,1,0,0,0,32,32,1200.3290937362467,2.5,1200.3290937362467
1056,3.784189633918261,8.86120833720818,7,2005,2005,5.484796933490655,2.0,3.0,2.0,6.0,1364,4.0,7.21890970761906,0,7.21890970761906,2,2.0,6,1,4.0,2.0,2,484,192,36,0,1,1,1,0,1,0,1,1,0,0,0,1,1,1371.218909707619,3.0,1371.218909707619
1057,4.248495242049359,10.307618437631156,7,1994,1994,0.0,2.0,3.0,0.0,6.0,973,4.0,6.887552571664617,871,7.523481312573497,2,2.0,7,1,4.0,3.0,2,467,168,98,1,0,0,0,1,0,0,1,0,0,0,0,15,15,1850.8875525716646,2.5,980.5234813125735
1058,4.574710978503383,9.333354147871328,9,2008,2008,5.043425116919247,3.0,4.0,2.0,6.0,1104,4.0,7.030857476116121,1054,7.68937110752969,2,3.0,10,1,4.0,3.0,3,836,0,102,0,1,1,1,0,1,0,1,1,0,0,0,1,1,2165.030857476116,3.5,1111.6893711075297
1059,4.248495242049359,9.330431852234003,6,1932,1950,6.175867270105761,1.0,2.0,1.0,3.0,854,2.0,7.00033446027523,895,7.596894438144544,1,1.0,7,1,4.0,1.0,2,432,0,0,0,0,0,0,0,0,1,0,0,1,0,0,75,57,1756.000334460275,1.5,861.5968944381445
1060,3.7376696182833684,8.501267040865978,8,2001,2001,0.0,2.0,3.0,1.0,6.0,1338,4.0,7.199678345691172,0,7.199678345691172,2,2.0,6,0,0.0,3.0,2,582,0,0,0,0,0,0,1,0,0,1,1,0,0,0,9,9,1345.1996783456912,3.0,1345.1996783456912
1061,4.795790545596741,9.798182590890704,3,1935,1950,0.0,0.0,2.0,0.0,1.0,894,2.0,6.796823718274855,0,6.796823718274855,1,1.0,6,0,0.0,2.0,3,1248,0,20,0,0,0,0,1,0,1,0,0,1,0,0,73,58,900.7968237182748,1.0,900.7968237182748
1062,4.454347296253507,9.517898598432753,5,1900,1950,0.0,1.0,2.0,0.0,1.0,662,2.0,7.260522598089852,915,7.757051142032013,2,1.0,10,0,0.0,1.0,2,560,0,57,0,0,0,0,1,0,0,0,0,1,0,0,107,57,1584.26052259809,2.0,669.757051142032
1063,3.9318256327243257,8.699681400989514,6,1925,1980,0.0,1.0,2.0,0.0,4.0,1103,3.0,7.00669522683704,0,7.00669522683704,1,2.0,5,1,4.0,1.0,2,440,166,120,0,0,0,0,1,0,0,0,0,1,0,0,81,26,1110.006695226837,1.0,1110.006695226837
1064,4.248495242049359,9.305741456739435,5,1966,1966,5.303304908059076,1.0,2.0,1.0,4.0,1154,4.0,7.051855622955894,0,7.051855622955894,1,1.0,6,1,1.0,2.0,2,480,0,58,0,0,0,0,0,0,1,0,1,0,0,0,43,43,1161.0518556229558,1.5,1161.0518556229558
1065,4.394449154672439,9.546884034617925,7,1996,1997,0.0,2.0,4.0,3.0,6.0,1306,4.0,7.175489713624222,954,7.72356247227797,2,2.0,7,0,0.0,2.0,2,533,296,44,0,0,0,0,1,0,0,1,1,0,0,0,14,13,2267.1754897136243,3.5,1313.723562472278
1066,4.0943445622221,8.966738978759576,6,1993,1994,0.0,2.0,3.0,0.0,1.0,799,3.0,6.684611727667927,772,7.360103972989152,2,1.0,7,1,3.0,2.0,2,380,0,40,0,0,1,1,1,0,0,1,1,0,0,0,16,15,1577.684611727668,2.5,806.3601039729891
1067,4.394449154672439,9.186150133174966,6,1964,1964,5.8888779583328805,1.0,2.0,3.0,6.0,780,2.0,6.683360945766275,813,7.385230923066573,1,1.0,7,0,0.0,2.0,2,442,328,128,0,0,0,0,0,0,1,0,1,0,0,0,44,44,1599.6833609457663,2.5,787.3852309230666
1068,3.7612001156935624,8.285261134068948,6,1973,1973,0.0,1.0,3.0,0.0,5.0,942,3.0,7.163946684342547,1230,7.8328075165248645,2,1.0,10,1,4.0,3.0,2,576,728,20,0,0,0,0,1,0,1,0,1,0,0,0,33,33,2179.1639466843426,3.5,949.8328075165249
1069,4.110873864173311,9.169622538697624,5,1949,2003,0.0,1.0,2.0,0.0,5.0,845,2.0,6.795705775173514,0,6.795705775173514,1,2.0,4,0,0.0,1.0,2,576,0,0,0,0,0,0,1,0,1,0,0,1,0,0,58,4,851.7957057751735,1.5,851.7957057751735
1070,4.290459441148391,9.225524507301223,5,1956,1956,4.795790545596741,1.0,2.0,0.0,4.0,1048,2.0,6.955592608396297,0,6.955592608396297,1,1.0,6,0,0.0,1.0,1,286,0,20,0,0,0,0,0,0,1,0,1,0,0,0,51,51,1054.9555926083963,2.0,1054.9555926083963
1071,4.3694478524670215,9.367429587218957,6,1968,1968,0.0,1.0,2.0,0.0,3.0,727,4.0,6.721425700790643,727,7.350516171833998,1,1.0,8,0,0.0,1.0,2,441,0,0,0,0,0,0,1,0,1,0,1,0,0,0,41,41,1460.7214257007906,1.5,734.350516171834
1072,3.9318256327243257,8.934059722248843,5,1948,1950,0.0,1.0,1.0,1.0,1.0,810,1.0,6.910750787961936,454,7.284134806195205,1,1.0,7,1,3.0,1.0,1,280,0,0,0,0,0,0,1,0,1,0,0,1,0,0,58,56,1270.910750787962,2.5,817.2841348061952
1073,4.330733340286331,8.981052985901483,6,1977,1977,4.948759890378168,1.0,2.0,0.0,4.0,690,2.0,6.54965074223381,728,7.2633296174768365,1,1.0,6,0,0.0,3.0,2,440,252,0,0,0,0,0,0,0,1,0,1,0,0,0,32,32,1424.5496507422338,1.5,697.2633296174769
1074,4.31748811353631,9.054504940418054,7,2006,2006,0.0,2.0,3.0,2.0,1.0,1240,4.0,7.123672785204607,0,7.123672785204607,2,2.0,5,0,0.0,2.0,3,826,140,93,0,0,1,1,1,0,0,1,1,0,0,0,1,1,1247.1236727852047,2.0,1247.1236727852047
1075,4.330733340286331,9.482350275033667,7,1940,1984,0.0,1.0,2.0,0.0,4.0,800,2.0,6.8679744089702925,780,7.462214939768189,1,1.0,6,2,4.0,1.0,1,240,0,0,0,0,0,0,1,0,1,0,1,0,0,0,67,23,1586.8679744089704,1.5,807.4622149397682
1076,4.110873864173311,9.287394001418473,5,1936,1989,0.0,1.0,1.0,0.0,5.0,796,3.0,7.00033446027523,370,7.2909747781429814,2,2.0,7,1,3.0,1.0,2,566,436,21,0,0,0,0,1,0,1,0,1,0,0,0,70,17,1173.000334460275,2.5,803.290974778143
1077,4.248495242049359,9.672248823507559,5,1969,1969,0.0,1.0,2.0,1.0,4.0,1096,4.0,7.00033446027523,0,7.00033446027523,1,1.0,6,0,0.0,3.0,1,299,240,32,0,0,1,0,1,0,1,0,1,0,0,0,37,37,1103.0003344602753,2.0,1103.0003344602753
1078,3.6375861597263857,8.397508348470257,6,2004,2004,5.135798437050262,2.0,3.0,1.0,6.0,848,4.0,6.744059186311348,0,6.744059186311348,1,2.0,3,1,4.0,2.0,2,420,140,0,0,0,1,1,0,0,0,1,1,0,0,0,2,2,854.7440591863113,2.0,854.7440591863113
1079,4.189654742026425,9.079776001955066,5,1994,1994,0.0,1.0,3.0,0.0,6.0,990,3.0,6.898714534329988,0,6.898714534329988,1,1.0,5,0,0.0,1.0,1,299,0,64,0,0,1,1,1,0,0,1,1,0,0,0,13,13,996.89871453433,1.0,996.89871453433
1080,4.394449154672439,9.309370895439137,6,1971,2004,4.976733742420574,2.0,2.0,0.0,5.0,1258,4.0,7.138073034044347,0,7.138073034044347,2,2.0,5,0,0.0,2.0,2,528,55,0,0,0,1,1,0,0,1,0,1,0,0,0,37,4,1265.1380730340443,2.5,1265.1380730340443
1081,4.330733340286331,8.922791623969637,5,1963,1963,0.0,1.0,2.0,0.0,5.0,1040,1.0,6.947937068614969,0,6.947937068614969,1,1.0,5,0,0.0,3.0,1,308,0,0,0,0,0,0,1,0,1,0,1,0,0,0,47,47,1046.947937068615,2.5,1046.947937068615
1082,4.2626798770413155,9.07680897935166,7,2002,2002,4.61512051684126,2.0,3.0,0.0,1.0,1459,4.0,7.286191714702382,0,7.286191714702382,2,2.0,6,1,4.0,2.0,2,527,192,39,0,0,1,1,0,0,0,1,1,0,0,0,5,5,1466.2861917147025,2.0,1466.2861917147025
1083,4.394449154672439,9.082620630373812,6,1964,1964,6.054439346269371,1.0,2.0,0.0,4.0,1251,2.0,7.132497551660044,0,7.132497551660044,1,1.0,6,2,4.0,2.0,1,461,0,116,0,0,0,0,0,0,1,0,1,0,0,0,42,42,1258.13249755166,2.0,1258.13249755166
1084,4.248495242049359,9.475163150281881,6,1995,1996,0.0,1.0,3.0,0.0,5.0,691,3.0,6.539585955617669,807,7.312553498102598,2,1.0,6,1,3.0,3.0,2,409,315,44,0,0,0,0,1,0,0,1,1,0,0,0,11,10,1504.5395859556177,2.5,698.3125534981026
1085,4.30406509320417,9.112727543109182,6,1992,1992,0.0,1.0,3.0,2.0,6.0,936,4.0,6.904750769961838,0,6.904750769961838,1,2.0,5,0,0.0,1.0,2,564,120,0,0,0,0,0,1,0,0,1,1,0,0,0,18,18,942.9047507699619,2.0,942.9047507699619
1086,4.248495242049359,7.5883236773352225,4,1973,1973,0.0,1.0,2.0,0.0,4.0,546,2.0,6.304448802421981,546,6.996681488176539,1,1.0,6,0,0.0,2.0,1,286,120,96,0,0,0,0,1,0,1,0,1,0,0,0,37,37,1098.304448802422,1.5,552.9966814881766
1087,4.454347296253507,9.266248003914479,8,2005,2006,0.0,2.0,3.0,1.0,1.0,1082,4.0,6.9874902470009905,871,7.577633832602728,2,2.0,9,1,4.0,2.0,3,1043,160,50,0,0,1,1,1,0,0,1,1,0,0,0,4,3,1959.987490247001,2.5,1089.5776338326027
1088,3.2188758248682006,7.833203948641057,7,2004,2004,3.9318256327243257,2.0,3.0,0.0,1.0,970,4.0,6.878326468291325,739,7.444248649496705,2,2.0,7,0,0.0,1.0,2,380,0,40,0,0,1,1,0,1,0,1,0,1,0,0,2,2,1715.8783264682913,2.0,977.4442486494967
1089,3.6375861597263857,8.106816038947052,8,2005,2005,0.0,2.0,3.0,0.0,6.0,1247,4.0,7.129297548929373,0,7.129297548929373,1,2.0,4,1,4.0,3.0,2,550,0,84,0,0,0,0,1,0,0,1,1,0,0,0,1,1,1254.1292975489293,2.5,1254.1292975489293
1090,4.110873864173311,9.053101595549691,3,1950,1950,0.0,1.0,0.0,0.0,0.0,0,1.0,6.947937068614969,0,6.947937068614969,2,1.0,6,0,0.0,1.0,2,400,0,0,0,0,0,0,1,0,0,0,0,1,0,0,59,59,6.947937068614969,2.0,6.947937068614969
1091,3.2188758248682006,7.6783263565068856,7,1999,2000,5.3612921657094255,2.0,3.0,0.0,4.0,600,4.0,6.437751649736401,628,7.133295954896068,2,2.0,4,0,0.0,1.0,2,462,0,48,0,0,0,0,0,0,0,1,0,1,0,0,9,8,1234.4377516497364,3.5,607.1332959548961
1092,4.110873864173311,9.036106025364846,6,1925,1950,0.0,1.0,2.0,0.0,3.0,1181,1.0,7.237778191923443,304,7.43543801981455,2,1.0,7,1,4.0,1.0,2,576,342,0,0,0,0,0,1,0,0,1,0,1,0,0,83,58,1492.2377781919236,2.0,1188.4354380198145
1093,4.276666119016055,9.130322663990151,5,1965,1998,5.117993812416755,1.0,2.0,1.0,6.0,864,3.0,7.0909098220799835,0,7.0909098220799835,1,2.0,6,0,0.0,1.0,2,884,0,64,0,0,0,0,0,0,1,0,0,1,0,0,41,8,871.09090982208,2.5,871.09090982208
1094,4.31748811353631,8.677439540558334,5,1956,2000,0.0,1.0,2.0,0.0,4.0,936,4.0,6.842683282238422,0,6.842683282238422,1,1.0,4,0,0.0,3.0,1,308,0,0,0,0,0,0,1,0,1,0,1,0,0,0,54,10,942.8426832822385,2.0,942.8426832822385
1095,4.3694478524670215,9.139703292376742,6,2006,2006,0.0,2.0,3.0,0.0,6.0,1314,3.0,7.181591944611865,0,7.181591944611865,2,2.0,6,1,4.0,2.0,2,440,0,22,0,0,1,1,1,0,0,1,1,0,0,0,1,1,1321.181591944612,2.0,1321.181591944612
1096,4.110873864173311,8.836809882398365,6,1914,2006,0.0,1.0,2.0,0.0,1.0,684,2.0,6.651571873589727,582,7.212294468500341,1,2.0,7,0,0.0,0.0,0,0,136,0,0,0,0,0,1,0,0,1,0,0,0,0,93,1,1272.6515718735898,1.5,691.2122944685003
1097,4.248495242049359,8.215276958936633,8,1986,1986,0.0,2.0,3.0,0.0,1.0,1074,4.0,6.9930151229329605,0,6.9930151229329605,1,2.0,5,0,0.0,2.0,2,461,0,74,0,0,0,0,1,0,1,0,1,0,0,0,21,21,1080.993015122933,1.5,1080.993015122933
1098,3.9318256327243257,8.699681400989514,4,1936,1950,0.0,1.0,2.0,0.0,4.0,672,2.0,6.630683385642372,567,7.1891677384203225,1,1.0,6,0,0.0,1.0,1,240,0,0,0,0,0,0,1,0,0,0,0,1,0,0,73,59,1245.6306833856424,1.0,679.1891677384203
1099,4.418840607796598,9.382695764458287,7,1978,1978,5.332718793265369,1.0,3.0,0.0,5.0,1271,2.0,7.379008127628304,0,7.379008127628304,2,1.0,7,1,3.0,2.0,2,478,0,0,0,0,0,0,0,0,1,0,1,0,0,0,31,31,1278.3790081276284,2.0,1278.3790081276284
1100,4.110873864173311,9.036106025364846,2,1920,1950,0.0,1.0,2.0,0.0,3.0,290,2.0,6.0844994130751715,0,6.0844994130751715,1,0.0,3,0,0.0,1.0,1,246,0,0,0,0,0,0,1,0,1,0,0,1,0,0,89,59,296.08449941307515,1.0,296.08449941307515
1101,4.127134385045092,9.18594521514146,5,1971,1971,0.0,1.0,2.0,0.0,4.0,950,2.0,6.85751406254539,0,6.85751406254539,1,1.0,5,0,0.0,1.0,1,280,0,0,0,0,0,0,1,0,1,0,0,1,0,0,36,36,956.8575140625454,1.0,956.8575140625454
1102,4.2626798770413155,8.853808274977197,5,1960,2002,3.828641396489095,1.0,2.0,0.0,3.0,1010,4.0,7.034387929915503,0,7.034387929915503,1,1.0,6,0,0.0,2.0,1,254,0,16,0,0,0,0,0,0,1,0,1,0,0,0,47,5,1017.0343879299155,1.0,1017.0343879299155
1103,4.382026634673881,9.09504174761272,6,1959,1959,0.0,1.0,2.0,1.0,5.0,655,4.0,7.085901464365611,0,7.085901464365611,1,1.0,6,1,2.0,3.0,2,539,0,0,0,0,0,0,1,0,1,0,0,0,0,0,47,47,662.0859014643656,1.5,662.0859014643656
1104,3.2188758248682006,7.6093665379542115,5,1970,1970,5.720311776607412,1.0,2.0,0.0,1.0,630,2.0,6.447305862541213,672,7.172424577124845,2,1.0,6,0,0.0,1.0,2,440,0,0,0,0,0,0,0,0,1,0,0,1,0,0,37,37,1308.4473058625413,2.5,637.1724245771248
1105,4.59511985013459,9.413852481341165,8,1994,1995,5.8944028342648505,2.0,4.0,2.0,6.0,1463,4.0,7.313886831633462,1122,7.872073979866873,2,2.0,9,2,3.0,2.0,2,712,186,32,1,0,0,0,0,0,0,1,1,0,0,0,16,15,2592.3138868316337,3.5,1470.8720739798669
1106,4.74493212836325,9.245514446983837,7,1990,1991,0.0,2.0,3.0,1.0,6.0,910,3.0,7.274479558773871,0,7.274479558773871,2,2.0,6,1,3.0,3.0,2,719,0,244,0,0,0,0,1,0,0,1,1,0,0,0,17,16,917.2744795587739,3.0,917.2744795587739
1107,5.1298987149230735,10.05440443785299,7,2006,2006,0.0,2.0,4.0,0.0,1.0,868,4.0,6.78897174299217,1134,7.611842399580417,2,2.0,9,1,4.0,2.0,2,422,0,100,0,0,1,1,1,0,0,1,0,0,1,1,0,0,2008.788971742992,2.5,875.6118423995804
1108,4.248495242049359,8.99516499031115,6,2000,2000,0.0,1.0,3.0,0.0,1.0,924,4.0,6.855408798609928,742,7.43307534889858,2,1.0,7,1,3.0,2.0,2,463,100,48,0,0,1,1,1,0,0,1,1,0,0,0,7,7,1672.85540879861,2.5,931.4330753488986
1109,4.68213122712422,9.338117741918008,8,2004,2005,3.7612001156935624,2.0,4.0,1.0,6.0,1836,4.0,7.515889085215125,0,7.515889085215125,2,2.0,7,1,4.0,3.0,3,862,125,185,0,1,0,0,0,1,0,1,1,0,0,0,5,4,1843.5158890852151,3.0,1843.5158890852151
1110,4.248495242049359,8.987321812850125,6,1995,1996,0.0,1.0,3.0,0.0,6.0,773,3.0,6.651571873589727,885,7.413970290190444,2,1.0,8,1,3.0,3.0,2,431,224,84,0,0,0,0,1,0,0,1,1,0,0,0,13,12,1664.6515718735898,3.5,780.4139702901905
1111,4.394449154672439,9.257319373170178,7,1976,1976,6.493753839851686,1.0,2.0,0.0,5.0,803,2.0,7.002155954403621,866,7.583247524303362,2,1.0,8,1,4.0,2.0,2,483,0,69,0,0,0,0,0,0,1,0,1,0,0,0,32,32,1676.0021559544036,2.5,810.5832475243034
1112,4.30406509320417,8.867990898182093,5,1957,1957,0.0,1.0,2.0,0.0,6.0,816,2.0,6.705639094860003,0,6.705639094860003,1,1.0,5,0,0.0,1.0,1,308,0,0,0,0,0,0,1,0,1,0,0,1,0,0,49,49,822.70563909486,2.0,822.70563909486
1113,4.204692619390966,9.096499555552423,5,1953,2006,0.0,1.0,2.0,0.0,4.0,1008,3.0,6.9167150203536085,0,6.9167150203536085,1,2.0,6,0,0.0,1.0,1,240,0,18,0,0,0,0,1,0,1,0,1,0,0,0,54,1,1014.9167150203536,2.0,1014.9167150203536
1114,4.51085950651685,8.594339400592892,5,1954,2000,0.0,1.0,2.0,0.0,3.0,833,4.0,6.726233402358747,0,6.726233402358747,1,2.0,4,0,0.0,1.0,1,326,0,0,0,0,0,0,1,0,1,0,0,1,0,0,52,6,839.7262334023587,1.0,839.7262334023587
1115,4.543294782270004,9.399803036921504,8,2007,2007,5.796057750765372,2.0,4.0,0.0,6.0,1734,4.0,7.45876269238096,0,7.45876269238096,2,3.0,7,1,4.0,2.0,3,928,0,0,0,1,1,1,0,1,0,1,1,0,1,1,0,0,1741.458762692381,3.0,1741.458762692381
1116,4.248495242049359,8.955577146281511,8,2002,2002,0.0,2.0,3.0,0.0,6.0,408,4.0,6.659293919683638,640,7.258412150595307,2,2.0,7,1,3.0,3.0,2,527,120,0,0,0,1,1,1,0,0,1,0,0,0,0,7,7,1054.6592939196837,3.5,415.2584121505953
1117,4.060443010546419,9.186559843310778,5,1967,2003,0.0,1.0,2.0,0.0,4.0,894,4.0,6.796823718274855,0,6.796823718274855,1,2.0,5,0,0.0,2.0,2,450,0,0,0,0,1,1,1,0,1,0,1,0,0,0,41,5,900.7968237182748,2.0,900.7968237182748
1118,4.454347296253507,9.53430615650521,5,1958,1987,0.0,1.0,2.0,0.0,1.0,533,2.0,6.92951677076365,580,7.379008127628304,1,1.0,6,0,0.0,2.0,1,300,280,34,0,0,0,0,1,0,1,0,0,0,0,0,50,21,1119.9295167707637,1.5,540.3790081276283
1119,4.2626798770413155,8.93075873555827,5,1959,1959,0.0,1.0,2.0,0.0,2.0,1040,2.0,6.947937068614969,0,6.947937068614969,1,1.0,6,0,0.0,2.0,1,286,140,0,0,0,0,0,1,0,1,0,1,0,0,0,47,47,1046.947937068615,1.0,1046.947937068615
1120,4.0943445622221,9.019664010799474,6,1920,1950,0.0,1.0,2.0,0.0,1.0,1012,2.0,6.920671504248683,0,6.920671504248683,1,1.0,6,1,4.0,1.0,1,308,0,22,0,0,0,0,1,0,0,0,0,1,0,0,87,57,1018.9206715042487,1.0,1018.9206715042487
1121,4.442651256490317,9.218804450388312,7,2005,2006,5.2832037287379885,2.0,3.0,2.0,6.0,1552,4.0,7.347943823148687,0,7.347943823148687,2,2.0,7,0,0.0,2.0,3,782,144,20,0,0,1,1,0,0,0,1,1,0,1,1,1,0,1559.3479438231486,2.0,1559.3479438231486
1122,4.248495242049359,9.096835671179361,4,1956,1956,0.0,1.0,2.0,0.0,1.0,672,4.0,6.8679744089702925,0,6.8679744089702925,1,1.0,5,0,0.0,1.0,1,288,64,0,0,0,0,0,1,0,1,0,0,0,0,0,53,53,678.8679744089703,1.0,678.8679744089703
1123,3.9318256327243257,9.149103062504993,5,1947,2008,0.0,1.0,2.0,0.0,1.0,698,4.0,6.54965074223381,0,6.54965074223381,1,1.0,4,0,0.0,0.0,0,0,0,200,0,0,1,1,1,0,1,0,0,0,0,0,62,1,704.5496507422338,1.5,704.5496507422338
1124,4.248495242049359,9.118882761487347,7,1992,1992,5.14166355650266,1.0,3.0,0.0,1.0,384,3.0,6.70073110954781,670,7.301822342137932,2,2.0,7,1,3.0,3.0,2,392,100,25,0,0,0,0,0,0,0,1,1,0,0,0,15,15,1060.7007311095479,2.5,391.30182234213794
1125,4.110873864173311,9.252920819511301,4,1955,1955,0.0,1.0,2.0,0.0,1.0,1005,2.0,6.913737350659685,0,6.913737350659685,1,0.0,5,1,3.0,1.0,2,672,0,0,0,0,0,0,1,0,1,0,0,1,0,0,54,54,1011.9137373506596,1.0,1011.9137373506596
1126,3.9889840465642745,8.212025804623437,7,2007,2007,4.875197323201151,2.0,3.0,0.0,1.0,1373,4.0,7.349873704738337,0,7.349873704738337,2,2.0,7,1,3.0,3.0,3,660,143,20,0,0,1,1,0,0,0,1,1,0,0,0,2,2,1380.3498737047382,2.0,1380.3498737047382
1127,5.209486152841421,9.586925780533697,7,2004,2004,0.0,2.0,3.0,2.0,6.0,1530,4.0,7.333676395657684,0,7.333676395657684,2,2.0,7,1,4.0,3.0,3,630,144,36,0,0,1,1,1,0,0,1,1,0,0,0,3,3,1537.3336763956577,3.0,1537.3336763956577
1128,4.0943445622221,9.375600540841843,7,2004,2005,0.0,2.0,3.0,2.0,1.0,847,4.0,6.742880635791903,1112,7.580699752224563,2,2.0,8,1,4.0,3.0,2,434,100,48,0,0,1,1,1,0,0,1,0,0,0,0,3,2,1965.742880635792,2.5,854.5806997522245
1129,4.110873864173311,8.881975184248867,5,1980,1980,5.198497031265826,1.0,3.0,3.0,6.0,936,2.0,6.842683282238422,0,6.842683282238422,1,1.0,4,0,0.0,1.0,2,672,49,0,0,0,0,0,0,0,1,0,0,1,0,0,27,27,942.8426832822385,2.0,942.8426832822385
1130,4.189654742026425,8.962519832949532,4,1928,1950,0.0,1.0,2.0,0.0,4.0,1122,2.0,7.192182058713246,653,7.591861714889934,2,2.0,7,2,3.0,1.0,2,576,431,44,0,0,0,0,1,0,0,0,0,1,0,0,81,59,1782.1921820587133,3.0,1129.59186171489
1131,4.1588830833596715,9.279213236262558,5,1991,1992,0.0,1.0,3.0,1.0,4.0,974,2.0,6.882437470997847,0,6.882437470997847,1,1.0,5,0,0.0,0.0,0,0,0,28,0,0,0,0,1,0,0,1,0,0,0,0,16,15,980.8824374709978,1.0,980.8824374709978
1132,4.51085950651685,9.200391041122515,6,1880,1950,0.0,1.0,2.0,1.0,1.0,1008,2.0,7.072421900537371,1032,7.701200180857446,2,0.0,8,0,0.0,1.0,1,205,0,48,0,0,0,0,1,0,0,0,0,1,0,0,127,57,2047.0724219005374,2.0,1015.7012001808574
1133,4.394449154672439,9.19309247856663,8,1995,1995,0.0,2.0,3.0,0.0,6.0,1128,4.0,7.04141166379481,878,7.611347717403621,2,2.0,8,1,3.0,2.0,2,466,0,155,0,0,1,1,1,0,0,1,1,0,0,0,14,14,2013.0414116637949,2.5,1135.6113477174035
1134,4.060443010546419,9.07954808172616,6,1997,1997,0.0,1.0,3.0,2.0,1.0,916,3.0,6.821107472256465,684,7.3783837129967145,2,1.0,7,1,3.0,3.0,2,460,100,38,0,0,1,1,1,0,0,1,1,0,0,0,10,10,1606.8211074722565,2.5,923.3783837129968
1135,4.110873864173311,8.729235349659273,6,1926,1950,0.0,1.0,2.0,0.0,1.0,960,2.0,6.894670039433482,0,6.894670039433482,1,1.0,5,1,4.0,1.0,1,180,0,128,0,0,0,0,1,0,0,0,0,1,0,0,81,57,966.8946700394334,1.0,966.8946700394334
1136,4.394449154672439,9.169622538697624,6,1950,1950,0.0,1.0,2.0,0.0,4.0,1032,2.0,6.940222469119639,220,7.133295954896068,1,1.0,6,0,0.0,1.0,1,288,0,0,0,0,1,1,1,0,1,0,1,0,0,0,58,58,1258.9402224691196,1.0,1039.133295954896
1137,4.007333185232471,8.755107121633896,5,1875,1996,0.0,1.0,2.0,0.0,1.0,780,3.0,6.660575149839686,240,6.928537818164665,1,1.0,6,0,0.0,0.0,0,0,0,0,0,0,1,1,1,0,1,0,0,0,0,0,135,14,1026.6605751498396,1.0,786.9285378181646
1138,4.248495242049359,9.192176401348512,6,1977,1977,0.0,1.0,2.0,3.0,5.0,1567,2.0,7.357556200910353,0,7.357556200910353,2,2.0,5,2,3.0,2.0,2,714,264,32,0,0,0,0,1,0,0,1,1,0,0,0,32,32,1574.3575562009103,3.0,1574.3575562009103
1139,4.59511985013459,9.074749717669835,5,1920,1950,0.0,1.0,2.0,0.0,4.0,915,2.0,7.0630481633881725,0,7.0630481633881725,1,1.0,6,1,4.0,1.0,2,495,0,0,0,0,0,0,1,0,0,0,0,1,0,0,87,57,922.0630481633882,1.0,922.0630481633882
1140,4.110873864173311,8.902591637374087,5,1951,1951,0.0,1.0,2.0,1.0,5.0,952,2.0,6.859614903654202,0,6.859614903654202,1,1.0,4,0,0.0,1.0,2,840,0,0,0,0,0,0,1,0,1,0,0,1,0,0,57,57,958.8596149036542,2.0,958.8596149036542
1141,4.248495242049359,9.240384493324559,5,1976,1976,3.8066624897703196,1.0,2.0,0.0,5.0,780,4.0,6.9930151229329605,780,7.533158807455563,2,2.0,9,1,3.0,1.0,2,484,448,96,0,0,0,0,0,0,1,0,1,0,0,0,33,33,1566.993015122933,3.5,787.5331588074556
1142,4.356708826689592,9.20693457884135,8,2006,2007,5.831882477283517,2.0,4.0,3.0,6.0,1466,4.0,7.2909747781429814,1362,7.947678571301568,3,2.0,11,1,3.0,2.0,3,1052,125,144,0,0,1,1,0,1,0,1,0,0,1,1,1,0,2835.290974778143,4.0,1473.9476785713016
1143,4.248495242049359,9.105090961257085,5,1959,1959,0.0,1.0,2.0,0.0,6.0,1006,2.0,6.914730892718563,0,6.914730892718563,1,1.0,5,0,0.0,0.0,0,0,0,24,0,0,0,0,1,0,1,0,0,0,0,0,49,49,1012.9147308927186,1.0,1012.9147308927186
1144,4.110873864173311,9.407632639699958,4,1941,1950,0.0,1.0,3.0,0.0,4.0,672,1.0,6.511745329644728,252,6.829793737512425,1,0.0,5,0,0.0,1.0,1,280,0,0,0,0,0,0,1,0,0,0,0,1,0,0,69,60,930.5117453296448,2.0,678.8297937375124
1145,3.970291913552122,8.738895704934043,5,1928,1950,0.0,1.0,2.0,0.0,1.0,1042,4.0,6.949856455000773,534,7.3632795869630385,1,1.0,8,1,4.0,1.0,1,225,0,0,0,0,0,0,1,0,0,0,0,1,0,0,78,56,1582.9498564550008,1.0,1049.363279586963
1146,4.248495242049359,9.32375833901174,6,1985,1985,4.454347296253507,2.0,3.0,0.0,6.0,1298,2.0,7.1693500166706,0,7.1693500166706,2,2.0,5,1,3.0,1.0,2,403,165,26,0,0,0,0,0,0,1,0,1,0,0,0,21,21,1305.1693500166707,3.0,1305.1693500166707
1147,4.330733340286331,9.392745258631441,7,1941,1950,0.0,1.0,2.0,0.0,3.0,704,4.0,6.7580945044277305,704,7.355641102974253,1,0.0,7,1,4.0,1.0,1,234,0,0,0,0,0,0,1,0,1,0,1,0,0,0,68,59,1414.7580945044278,1.5,711.3556411029742
1148,4.248495242049359,8.648396877031582,7,1926,1950,0.0,1.0,2.0,0.0,1.0,572,2.0,6.35088571671474,539,7.013915474810528,1,1.0,5,1,4.0,1.0,1,288,0,0,0,0,0,0,1,0,0,1,0,1,0,0,82,58,1117.3508857167149,1.0,579.0139154748106
1149,3.9318256327243257,9.105090961257085,7,1920,1988,0.0,1.0,2.0,0.0,5.0,650,4.0,6.725033642166843,650,7.301822342137932,1,1.0,7,0,0.0,1.0,2,324,0,0,0,0,1,1,1,0,0,1,0,1,0,0,89,21,1306.7250336421669,1.5,657.3018223421379
1150,4.060443010546419,9.0217190130337,6,1950,1950,0.0,1.0,2.0,0.0,1.0,932,4.0,6.838405200847344,0,6.838405200847344,1,2.0,4,1,4.0,1.0,1,306,0,0,0,0,0,0,1,0,1,0,1,0,0,0,57,57,938.8384052008473,1.0,938.8384052008473
1151,4.90527477843843,9.784478765953926,5,1959,1959,4.890349128221754,1.0,2.0,0.0,4.0,1466,2.0,7.2909747781429814,0,7.2909747781429814,1,0.0,6,2,4.0,3.0,2,528,0,140,0,0,0,0,0,0,1,0,1,0,0,0,47,47,1473.290974778143,1.5,1473.290974778143
1152,4.51085950651685,9.55506418479516,6,1956,2004,0.0,1.0,2.0,0.0,5.0,1073,4.0,7.502186486602924,0,7.502186486602924,1,3.0,6,1,4.0,3.0,2,470,0,0,0,0,0,0,1,0,0,1,1,0,0,0,50,2,1080.502186486603,1.0,1080.502186486603
1153,4.248495242049359,8.681181041521688,6,1930,2007,0.0,2.0,2.0,2.0,5.0,816,4.0,6.705639094860003,0,6.705639094860003,1,1.0,5,0,0.0,1.0,1,432,0,0,0,0,0,0,1,0,0,0,0,1,0,0,78,1,822.70563909486,1.0,822.70563909486
1154,4.248495242049359,9.525224101853109,7,1965,1988,5.666426688112432,1.0,2.0,3.0,5.0,864,2.0,6.805722553416985,918,7.507141079727608,1,2.0,8,2,4.0,1.0,2,492,60,84,0,0,1,1,0,1,1,0,1,0,0,0,43,20,1788.8057225534171,2.0,871.5071410797276
1155,4.51085950651685,9.284426915328881,5,1976,2004,0.0,2.0,3.0,3.0,5.0,1437,2.0,7.271008538280992,0,7.271008538280992,2,2.0,6,1,2.0,2.0,2,528,0,21,0,0,0,0,1,0,1,0,1,0,0,0,31,3,1444.271008538281,3.0,1444.271008538281
1156,4.454347296253507,9.143238568435446,5,1965,1999,0.0,1.0,2.0,3.0,5.0,1219,3.0,7.143617602704121,0,7.143617602704121,2,2.0,6,1,4.0,2.0,2,502,0,92,0,0,0,0,1,0,0,1,1,0,0,0,43,9,1226.1436176027041,2.5,1226.1436176027041
1157,3.5553480614894135,8.517593111437565,7,2007,2008,5.117993812416755,2.0,3.0,0.0,6.0,1314,4.0,7.181591944611865,0,7.181591944611865,2,2.0,6,1,4.0,2.0,2,626,172,62,0,1,1,1,0,1,0,1,1,0,0,0,2,1,1321.181591944612,3.0,1321.181591944612
1158,4.532599493153256,9.387062950369655,8,2007,2008,5.231108616854587,2.0,3.0,0.0,1.0,1580,4.0,7.365812837209472,0,7.365812837209472,2,2.0,7,0,0.0,2.0,3,830,0,24,0,0,1,1,0,1,0,1,1,0,0,1,1,0,1587.3658128372094,2.0,1587.3658128372094
1159,4.343805421853684,9.118334726180159,6,1974,1974,5.602118820879701,2.0,2.0,0.0,5.0,901,2.0,6.8501261661455,933,7.537430036586509,2,2.0,8,1,3.0,2.0,2,540,0,69,0,0,0,0,0,0,1,0,1,0,0,0,34,34,1840.8501261661454,2.5,908.5374300365866
1160,3.2188758248682006,7.732369222284388,6,1978,1978,0.0,1.0,3.0,0.0,5.0,855,1.0,6.752270376141742,601,7.284134806195205,2,1.0,7,1,3.0,1.0,2,440,26,0,0,0,0,0,1,0,1,0,1,0,0,0,32,32,1462.7522703761417,2.5,862.2841348061952
1161,4.248495242049359,9.600962533214572,6,1954,2006,4.290459441148391,2.0,2.0,0.0,4.0,1296,4.0,7.403061091090091,0,7.403061091090091,1,2.0,7,1,4.0,1.0,2,924,108,0,0,0,0,0,0,0,1,0,0,1,0,0,54,2,1303.4030610910902,2.0,1303.4030610910902
1162,4.700480365792417,9.073947747070628,5,1968,1968,0.0,1.0,3.0,0.0,4.0,894,3.0,6.796823718274855,0,6.796823718274855,1,1.0,5,1,1.0,3.0,2,450,0,0,0,0,1,1,1,0,1,0,1,0,0,0,39,39,900.7968237182748,1.0,900.7968237182748
1163,4.110873864173311,9.465060106725137,4,1969,1969,0.0,1.0,3.0,2.0,6.0,1198,2.0,7.138073034044347,0,7.138073034044347,0,1.0,6,0,0.0,1.0,2,400,120,0,0,0,0,0,1,0,1,0,0,0,0,0,39,39,1205.1380730340443,3.0,1205.1380730340443
1164,4.248495242049359,9.690170562039654,5,1978,1978,0.0,1.0,3.0,3.0,5.0,1360,4.0,7.267525427828172,0,7.267525427828172,1,2.0,5,1,3.0,1.0,2,588,168,180,0,0,0,0,1,0,0,1,1,0,0,0,29,29,1367.267525427828,2.5,1367.267525427828
1165,4.382026634673881,9.163458386076051,7,2009,2009,5.594711379601839,2.0,3.0,0.0,1.0,1502,4.0,7.315218389752975,0,7.315218389752975,2,2.0,7,0,0.0,2.0,2,644,0,114,0,1,1,1,0,1,0,1,1,0,1,1,0,0,1509.315218389753,2.0,1509.315218389753
1166,4.174387269895637,9.256842205627603,8,2008,2008,4.290459441148391,2.0,3.0,2.0,1.0,1694,4.0,7.43543801981455,0,7.43543801981455,2,2.0,7,0,0.0,2.0,3,776,160,33,0,0,1,1,0,1,0,1,1,0,0,0,2,2,1701.4354380198145,2.0,1701.4354380198145
1167,4.07753744390572,9.292196818446016,6,2000,2000,0.0,1.0,3.0,0.0,6.0,959,4.0,6.866933284461882,712,7.421775793644647,2,1.0,7,1,3.0,3.0,2,472,0,38,0,0,1,1,1,0,0,1,1,0,0,0,6,6,1677.866933284462,3.5,966.4217757936447
1168,4.795790545596741,9.527265662897605,6,1935,1986,0.0,1.0,2.0,0.0,3.0,1127,4.0,7.1204443723924875,872,7.653969180478774,2,2.0,7,2,3.0,1.0,2,540,0,0,0,0,0,0,1,0,1,0,0,0,0,0,73,22,2006.1204443723925,2.0,1134.6539691804787
1169,4.77912349311153,10.484613193102275,10,1995,1996,7.229113877793302,2.0,4.0,3.0,6.0,1930,4.0,7.513163545234075,1796,8.196436811235028,3,2.0,10,1,3.0,3.0,3,807,361,76,1,0,0,0,0,0,0,1,1,0,0,0,11,10,3733.513163545234,4.5,1938.1964368112351
1170,4.343805421853684,9.198369000194964,6,1977,1977,0.0,1.0,2.0,2.0,5.0,1096,2.0,7.020190708311925,0,7.020190708311925,1,1.0,6,1,1.0,3.0,1,358,203,0,0,0,0,0,1,0,1,0,1,0,0,0,31,31,1103.020190708312,2.0,1103.020190708312
1171,4.343805421853684,9.118334726180159,6,1958,1958,0.0,1.0,2.0,0.0,5.0,1261,4.0,7.140453043101158,0,7.140453043101158,1,1.0,6,1,3.0,2.0,2,433,0,0,0,0,0,0,1,0,1,0,1,0,0,0,50,50,1268.1404530431012,2.0,1268.1404530431012
1172,3.58351893845611,8.29853954537488,7,2006,2007,0.0,2.0,3.0,0.0,1.0,625,4.0,6.439350371100098,625,7.1316985104669115,2,2.0,5,0,0.0,3.0,2,625,0,54,0,0,0,0,1,0,0,1,0,1,0,0,2,1,1256.4393503711,2.5,632.1316985104669
1173,4.9344739331306915,9.799847777776368,5,1946,1994,0.0,1.0,2.0,0.0,3.0,1598,2.0,7.400620577371135,971,8.034955024502159,3,3.0,12,1,4.0,0.0,0,0,122,0,0,0,0,0,1,0,1,0,0,0,0,0,61,13,2576.4006205773712,3.0,1606.034955024502
1174,4.394449154672439,9.714805812589491,6,1932,1950,0.0,1.0,3.0,0.0,3.0,952,2.0,7.065613363597717,1175,7.76046702921342,2,1.0,9,1,4.0,1.0,2,360,0,0,0,0,0,0,1,0,0,0,0,1,0,0,74,56,2134.0656133635975,2.5,959.7604670292134
1175,4.454347296253507,9.276034475171546,8,1992,2000,5.823045895483019,2.0,3.0,0.0,6.0,1683,4.0,7.6638772587034705,743,7.96311205897929,2,2.0,9,1,3.0,3.0,2,541,0,33,1,0,0,0,0,0,0,1,1,0,0,0,15,7,2433.6638772587035,2.5,1690.9631120589793
1176,3.6375861597263857,8.846784666945227,5,1984,1985,0.0,1.0,2.0,0.0,5.0,876,2.0,6.828712071641684,0,6.828712071641684,1,1.0,5,0,0.0,1.0,1,264,362,0,0,0,0,0,1,0,1,0,1,0,0,0,24,23,882.8287120716417,2.0,882.8287120716417
1177,4.248495242049359,8.281723990411392,6,1926,2004,0.0,1.0,2.0,0.0,3.0,818,2.0,6.70808408385307,406,7.110696122978827,1,1.0,5,0,0.0,1.0,1,210,0,0,0,0,0,0,1,0,1,0,0,1,0,0,83,5,1230.708084083853,1.0,825.1106961229789
1178,4.007333185232471,8.94663520890585,5,1921,1950,0.0,1.0,2.0,0.0,1.0,731,4.0,6.710523109452428,523,7.203405521083095,1,1.0,7,1,4.0,1.0,1,186,192,0,0,0,0,0,1,0,0,0,0,1,0,0,88,59,1260.7105231094524,1.5,738.2034055210831
1179,4.356708826689592,9.028338763993148,5,1954,1954,0.0,1.0,0.0,0.0,0.0,0,3.0,7.025538314638521,0,7.025538314638521,1,1.0,5,1,4.0,0.0,0,0,0,36,0,0,0,0,1,0,0,0,0,0,0,0,52,52,7.025538314638521,1.0,7.025538314638521
1180,4.248495242049359,9.321076413570848,7,1990,1991,0.0,1.0,3.0,0.0,2.0,1216,4.0,7.1693500166706,1216,7.83002808253384,2,1.0,8,0,0.0,3.0,2,693,0,0,0,0,0,0,1,0,0,0,1,0,0,0,16,15,2439.1693500166707,2.5,1223.8300280825338
1181,4.174387269895637,8.628376720376853,8,2008,2008,5.231108616854587,3.0,4.0,3.0,6.0,1600,4.0,7.410347097821024,0,7.410347097821024,2,2.0,5,1,4.0,3.0,2,482,162,53,0,0,0,0,0,1,0,1,1,0,1,1,0,0,1607.410347097821,3.5,1607.410347097821
1182,5.081404364984463,9.656563472556515,10,1996,1996,0.0,2.0,4.0,2.0,6.0,2396,4.0,7.788211557847076,2065,8.406708458240965,3,3.0,10,2,3.0,3.0,3,813,171,78,1,0,0,0,1,0,0,1,1,0,0,0,11,11,4468.788211557847,4.5,2404.406708458241
1183,4.110873864173311,9.287394001418473,5,1920,1950,0.0,1.0,2.0,0.0,3.0,1120,4.0,7.030857476116121,0,7.030857476116121,1,1.0,5,1,4.0,1.0,2,720,229,0,0,0,0,0,1,0,0,0,0,1,0,0,86,56,1127.0308574761161,2.0,1127.0308574761161
1184,3.9318256327243257,10.466924601573329,5,1963,1963,5.424950017481403,1.0,2.0,3.0,3.0,1572,3.0,7.360739903058278,0,7.360739903058278,1,1.0,5,2,3.0,2.0,3,995,0,263,0,0,0,0,0,0,1,0,0,0,0,0,44,44,1579.3607399030582,2.5,1579.3607399030582
1185,4.110873864173311,9.1838937219612,5,1924,1950,0.0,1.0,2.0,0.0,4.0,784,3.0,6.856461984594587,272,7.108244139731541,1,1.0,7,0,0.0,1.0,1,392,0,0,0,0,0,0,1,0,0,0,1,0,0,0,82,56,1062.8564619845947,2.0,791.1082441397316
1186,4.68213122712422,9.270117576012044,3,1900,1970,0.0,1.0,1.0,1.0,4.0,978,2.0,6.922643891475888,685,7.438383530044307,2,1.0,7,0,0.0,1.0,2,420,0,74,0,0,0,0,1,0,1,0,0,0,0,0,109,39,1669.922643891476,3.0,985.4383835300443
1187,4.499809670330265,9.430439293104167,8,1994,1995,0.0,2.0,3.0,0.0,6.0,1624,4.0,7.393263094763838,0,7.393263094763838,2,2.0,5,1,2.0,2.0,3,757,0,114,1,0,0,0,1,0,0,1,1,0,0,0,12,11,1631.3932630947638,3.0,1631.3932630947638
1188,4.23410650459726,9.097843340749037,7,2002,2002,4.564348191467836,2.0,3.0,0.0,1.0,831,4.0,6.723832440821209,829,7.415175109613295,2,2.0,7,0,0.0,2.0,2,493,144,68,0,0,1,1,0,0,0,1,1,0,0,0,7,7,1666.7238324408213,2.5,838.4151751096133
1189,4.110873864173311,8.922791623969637,7,1999,1999,0.0,1.0,2.0,0.0,1.0,994,3.0,6.9363427358340495,776,7.498315870766981,2,2.0,7,1,3.0,3.0,2,442,140,60,0,0,1,1,1,0,0,1,1,0,0,0,11,11,1776.936342735834,2.5,1001.498315870767
1190,4.248495242049359,10.387887062065596,4,1961,1975,5.0106352940962555,1.0,2.0,2.0,4.0,1249,4.0,7.392031567514591,0,7.392031567514591,1,1.0,7,1,3.0,3.0,4,1356,439,0,0,0,0,0,0,1,1,0,0,0,0,0,46,32,1256.3920315675146,2.0,1256.3920315675146
1191,3.2188758248682006,7.880804344674901,8,1999,2000,6.124683390894205,2.0,3.0,0.0,1.0,776,4.0,6.639875833826536,677,7.273786317844895,2,2.0,5,0,0.0,1.0,2,492,206,0,0,0,0,0,0,0,0,1,0,1,0,0,8,7,1459.6398758338264,2.5,783.273786317845
1192,4.110873864173311,9.169622538697624,5,1925,1994,0.0,1.0,2.0,1.0,1.0,702,3.0,6.736966958001855,630,7.29505641646263,1,2.0,6,0,0.0,1.0,1,250,0,0,0,0,1,1,1,0,0,1,0,1,0,0,82,13,1338.7369669580019,1.0,709.2950564164627
1193,4.248495242049359,8.412054873292933,6,1999,1999,6.054439346269371,1.0,4.0,0.0,6.0,1224,4.0,7.110696122978827,0,7.110696122978827,2,1.0,5,0,0.0,3.0,2,402,0,304,0,0,1,1,0,0,0,1,1,0,0,0,10,10,1231.1106961229789,3.0,1231.1106961229789
1194,4.394449154672439,9.144734614878189,6,1969,1969,4.969813299576001,1.0,2.0,0.0,5.0,663,2.0,6.498282149476434,689,7.210079628170788,1,1.0,7,0,0.0,3.0,1,299,379,36,0,0,0,0,0,1,1,0,1,0,0,0,41,41,1358.4982821494764,1.5,670.2100796281708
1195,3.9512437185814275,8.990939806940807,6,2005,2005,0.0,1.0,3.0,0.0,1.0,728,4.0,6.591673732008658,728,7.284134806195205,2,2.0,8,0,0.0,3.0,2,400,100,24,0,0,1,1,1,0,0,1,1,0,0,0,3,3,1462.5916737320085,2.5,735.2841348061952
1196,4.07753744390572,9.550733483340633,7,2006,2006,0.0,2.0,3.0,2.0,1.0,879,4.0,6.779921907472252,984,7.530479995245536,2,2.0,9,1,4.0,3.0,3,660,100,17,0,0,1,1,1,0,0,1,0,0,1,1,0,0,1869.7799219074723,2.5,886.5304799952455
1197,4.189654742026425,9.088285725968877,7,1916,1950,0.0,1.0,2.0,0.0,1.0,815,4.0,6.704414354964107,875,7.43307534889858,1,1.0,7,1,4.0,1.0,1,225,0,0,0,0,0,0,1,0,0,0,0,1,0,0,90,56,1696.7044143549642,1.0,822.4330753488986
1198,4.2626798770413155,9.116139576577355,7,2001,2001,0.0,2.0,3.0,0.0,1.0,1212,4.0,7.10085190894405,0,7.10085190894405,2,2.0,6,0,0.0,2.0,2,573,356,0,0,0,1,1,1,0,0,1,1,0,0,0,8,8,1219.1008519089442,2.0,1219.1008519089442
1199,4.330733340286331,9.326878188224134,4,1963,1979,3.9512437185814275,1.0,2.0,0.0,3.0,1051,3.0,7.232010331664759,0,7.232010331664759,1,1.0,6,1,1.0,1.0,2,459,0,82,0,0,0,0,0,0,1,0,1,0,0,0,43,27,1058.2320103316647,1.5,1058.2320103316647
1200,4.276666119016055,9.143559338285831,4,1970,1970,0.0,1.0,2.0,0.0,1.0,864,3.0,6.762729506931879,0,6.762729506931879,1,1.0,5,0,0.0,1.0,1,280,0,0,0,0,0,0,1,0,1,0,1,0,0,0,36,36,870.7627295069319,1.0,870.7627295069319
1201,4.394449154672439,9.249657234353133,7,1998,1998,0.0,1.0,3.0,2.0,1.0,866,4.0,6.7650389767805414,913,7.484368643286131,2,2.0,6,0,0.0,2.0,2,546,198,36,0,0,1,1,1,0,0,1,1,0,0,0,11,11,1785.7650389767805,2.5,873.4843686432861
1202,3.9318256327243257,8.699681400989514,5,1925,1997,0.0,1.0,2.0,0.0,1.0,884,4.0,6.785587645007929,464,7.207118856207756,1,1.0,5,1,2.0,1.0,1,216,0,0,0,0,0,0,1,0,0,0,0,1,0,0,84,12,1354.785587645008,2.0,891.2071188562078
1203,4.330733340286331,9.18512512283512,7,2000,2001,5.147494476813453,2.0,3.0,0.0,1.0,1630,4.0,7.396948602621014,0,7.396948602621014,2,2.0,6,1,3.0,1.0,2,451,74,234,0,0,1,1,0,0,0,1,1,0,0,0,9,8,1637.396948602621,2.0,1637.396948602621
1204,4.3694478524670215,9.224341891611996,5,1975,1975,0.0,1.0,3.0,0.0,5.0,1056,4.0,6.980075940561763,0,6.980075940561763,1,1.0,6,0,0.0,2.0,2,495,0,88,0,0,0,0,1,0,1,0,1,0,0,0,31,31,1062.9800759405618,2.5,1062.9800759405618
1205,4.51085950651685,9.59458184363272,7,1990,1991,5.459585514144159,2.0,3.0,1.0,5.0,2158,3.0,7.69484807238461,0,7.69484807238461,2,2.0,7,1,3.0,2.0,3,701,84,70,0,0,0,0,0,0,1,0,1,0,0,0,19,18,2165.6948480723845,2.0,2165.6948480723845
1206,4.248495242049359,9.093918908958932,4,1966,1966,0.0,1.0,2.0,0.0,3.0,1056,2.0,6.963189985870238,0,6.963189985870238,1,1.0,5,0,0.0,1.0,1,384,0,42,0,0,0,0,1,0,1,0,0,1,0,0,40,40,1062.9631899858703,2.0,1062.9631899858703
1207,4.2626798770413155,9.119977931895791,6,2003,2003,4.795790545596741,2.0,3.0,2.0,6.0,1682,4.0,7.438971592395862,0,7.438971592395862,2,2.0,7,0,0.0,2.0,2,544,192,23,0,0,1,1,0,0,0,1,1,0,0,0,3,3,1689.4389715923958,3.0,1689.4389715923958
1208,4.2626798770413155,8.957252944288902,5,1962,1980,0.0,1.0,2.0,0.0,3.0,931,2.0,7.157735484249907,0,7.157735484249907,1,1.0,6,0,0.0,1.0,2,506,0,0,0,0,0,0,1,0,1,0,0,1,0,0,46,28,938.1577354842499,2.0,938.1577354842499
1209,4.454347296253507,9.228474942171665,8,2006,2006,6.042632833682381,2.0,4.0,1.0,6.0,1660,4.0,7.415175109613295,0,7.415175109613295,2,2.0,8,1,4.0,2.0,2,500,322,50,0,0,1,1,0,1,0,1,1,0,1,1,0,0,1667.4151751096133,3.0,1667.4151751096133
1210,4.2626798770413155,9.325364048544964,6,1992,1992,0.0,2.0,3.0,0.0,1.0,1055,4.0,6.962243464266207,790,7.520776415062797,2,2.0,8,1,3.0,2.0,2,462,635,104,0,0,0,0,1,0,0,1,1,0,0,0,18,18,1851.9622434642663,2.5,1062.5207764150628
1211,5.030437921392435,9.403849118160702,8,1988,2005,0.0,2.0,3.0,2.0,6.0,559,3.0,6.985641817639208,672,7.469083884921234,2,1.0,8,0,0.0,2.0,2,492,325,12,0,0,0,0,1,0,0,0,0,0,0,0,22,5,1237.9856418176391,2.0,566.4690838849212
1212,3.9318256327243257,9.14216859187285,4,1941,1950,0.0,1.0,2.0,0.0,3.0,672,2.0,6.511745329644728,0,6.511745329644728,1,1.0,4,0,0.0,1.0,1,234,0,113,0,0,0,0,1,0,1,0,1,0,0,0,68,59,678.5117453296448,2.0,678.5117453296448
1213,4.248495242049359,9.234740258799718,4,1965,2001,0.0,1.0,2.0,2.0,6.0,648,4.0,6.8679744089702925,0,6.8679744089702925,0,1.0,3,0,0.0,1.0,1,364,88,0,0,0,1,1,1,0,1,0,1,0,0,0,41,5,654.8679744089703,1.5,654.8679744089703
1214,4.248495242049359,9.230731061623917,5,1962,1962,0.0,1.0,2.0,2.0,4.0,925,2.0,6.907755278982137,0,6.907755278982137,1,1.0,6,0,0.0,1.0,1,300,150,72,0,0,0,0,1,0,1,0,1,0,0,0,44,44,931.9077552789821,2.0,931.9077552789821
1215,4.605170185988092,8.867145589594143,5,1966,1966,0.0,1.0,2.0,0.0,3.0,894,2.0,6.796823718274855,0,6.796823718274855,1,1.0,5,0,0.0,2.0,1,384,0,0,0,0,1,1,1,0,1,0,0,1,0,0,41,41,900.7968237182748,1.0,900.7968237182748
1216,4.23410650459726,9.097283649683886,6,1978,1978,0.0,1.0,0.0,0.0,0.0,0,2.0,7.1846291527173145,584,7.551186867296149,2,1.0,8,0,0.0,1.0,2,539,0,0,0,0,1,1,1,0,0,0,1,0,0,0,32,32,591.1846291527173,2.0,7.551186867296149
1217,4.290459441148391,9.0642735958414,8,2009,2009,4.290459441148391,2.0,3.0,1.0,6.0,1300,4.0,7.181591944611865,0,7.181591944611865,2,2.0,6,0,0.0,2.0,2,552,135,112,0,0,0,0,0,1,0,1,1,0,1,1,0,0,1307.181591944612,3.0,1307.181591944612
1218,3.970291913552122,8.738895704934043,4,1947,1950,0.0,1.0,0.0,0.0,0.0,0,3.0,6.511745329644728,240,6.816735880594968,1,1.0,3,0,0.0,0.0,0,0,0,0,0,0,0,0,1,0,0,0,0,0,0,0,59,56,246.51174532964473,1.0,6.816735880594968
1219,3.091042453358316,7.427144133408616,6,1971,1971,5.4680601411351315,1.0,2.0,0.0,1.0,672,2.0,6.511745329644728,546,7.105786129481271,1,1.0,7,0,0.0,0.0,0,0,201,0,0,0,0,0,0,0,1,0,0,0,0,0,35,35,1224.5117453296448,1.5,679.1057861294813
1220,4.204692619390966,8.962007209588313,5,1964,1964,0.0,1.0,2.0,0.0,3.0,912,2.0,6.816735880594968,0,6.816735880594968,1,1.0,5,0,0.0,1.0,1,288,0,0,0,0,0,0,1,0,1,0,1,0,0,0,42,42,918.8167358805949,1.0,918.8167358805949
1221,4.02535169073515,9.018089684104343,5,1968,1968,0.0,1.0,2.0,0.0,4.0,952,4.0,7.10002716662926,0,7.10002716662926,1,1.0,5,1,3.0,1.0,1,322,0,63,0,0,0,0,1,0,1,0,1,0,0,0,40,40,959.1000271666293,1.0,959.1000271666293
1222,4.3694478524670215,9.258844781035798,6,1949,1950,5.771441123130016,1.0,2.0,1.0,3.0,1040,4.0,7.063903961472068,678,7.52131798019924,2,1.0,7,1,4.0,1.0,1,315,0,0,0,0,0,0,0,0,1,0,1,0,0,0,58,57,1725.063903961472,2.0,1047.5213179801992
1223,4.499809670330265,9.276221741089696,5,1951,1951,3.8066624897703196,1.0,2.0,0.0,2.0,2136,2.0,7.667158255319148,0,7.667158255319148,2,1.0,7,0,0.0,1.0,2,528,0,30,0,0,0,0,0,0,1,0,0,1,0,0,55,55,2143.667158255319,2.0,2143.667158255319
1224,4.110873864173311,9.641148287756142,7,2004,2005,0.0,2.0,3.0,2.0,6.0,788,4.0,6.670766320845874,702,7.307202314764738,2,2.0,8,1,4.0,3.0,2,388,100,75,0,0,1,1,1,0,0,1,1,0,0,0,4,3,1496.6707663208458,3.5,795.3072023147647
1225,4.189654742026425,9.257510176452573,6,1958,1958,4.1588830833596715,1.0,2.0,2.0,6.0,588,4.0,7.037905963447182,0,7.037905963447182,1,1.0,6,0,0.0,2.0,1,264,224,0,0,0,1,1,0,0,1,0,1,0,0,0,49,49,595.0379059634472,1.5,595.0379059634472
1226,4.465908118654584,9.58870831219998,6,2007,2007,4.31748811353631,2.0,3.0,1.0,1.0,894,4.0,6.796823718274855,1039,7.56734567601324,2,2.0,9,1,4.0,3.0,3,668,100,18,0,0,1,1,0,1,0,1,0,0,0,0,1,1,1939.796823718275,2.5,901.5673456760132
1227,4.290459441148391,9.090768236835338,5,1965,2008,5.707110264748875,1.0,2.0,0.0,5.0,912,4.0,6.816735880594968,0,6.816735880594968,1,2.0,5,0,0.0,1.0,2,576,0,240,0,0,1,1,0,0,1,0,0,1,0,0,43,0,918.8167358805949,2.0,918.8167358805949
1228,4.189654742026425,9.079092085366229,9,2008,2008,6.642486801367256,3.0,4.0,0.0,6.0,1702,4.0,7.440146680662688,0,7.440146680662688,1,3.0,7,1,4.0,3.0,3,1052,0,72,0,1,0,0,0,0,0,1,1,0,1,1,0,0,1709.4401466806628,2.5,1709.4401466806628
1229,4.2626798770413155,8.976009475021396,5,1960,1960,0.0,1.0,2.0,0.0,5.0,1075,3.0,7.318539548567902,0,7.318539548567902,2,1.0,7,0,0.0,1.0,1,404,0,0,0,0,0,0,1,0,1,0,0,0,0,0,48,48,1082.318539548568,2.0,1082.318539548568
1230,4.248495242049359,9.846440897156853,5,1977,1977,0.6931471805599453,1.0,3.0,0.0,6.0,1361,4.0,7.216709486709457,1259,7.8713112033234065,2,1.0,12,1,3.0,2.0,2,600,155,24,0,0,0,0,1,0,1,0,0,0,0,0,30,30,2627.2167094867095,3.0,1368.8713112033233
1231,4.2626798770413155,8.952734767106872,5,1962,1962,4.795790545596741,1.0,2.0,2.0,5.0,1106,2.0,7.0825485693553,0,7.0825485693553,1,1.0,6,0,0.0,1.0,2,540,0,18,0,0,0,0,0,0,1,0,1,0,0,0,44,44,1113.0825485693554,2.0,1113.0825485693554
1232,4.2626798770413155,9.194515821629212,4,1962,1962,0.0,1.0,0.0,0.0,0.0,0,2.0,7.110696122978827,0,7.110696122978827,2,1.0,6,0,0.0,1.0,2,462,0,0,0,0,0,0,1,0,0,0,0,0,0,0,45,45,7.110696122978827,2.0,7.110696122978827
1233,4.248495242049359,9.405989388981,5,1959,1959,5.198497031265826,1.0,2.0,0.0,3.0,1188,1.0,7.080867896690782,0,7.080867896690782,1,1.0,6,0,0.0,2.0,2,531,0,0,0,0,0,0,0,0,1,0,1,0,0,0,51,51,1195.0808678966907,2.0,1195.0808678966907
1234,4.02535169073515,9.050875597325156,5,1911,1950,0.0,1.0,2.0,2.0,1.0,940,2.0,6.932447891572509,940,7.583247524303362,1,1.0,7,0,0.0,0.0,0,0,0,192,0,0,0,0,1,0,0,1,0,0,0,0,97,58,1886.9324478915726,1.5,947.5832475243034
1235,4.574710978503383,9.48288342558516,5,1914,1950,0.0,1.0,3.0,1.0,1.0,747,3.0,6.794586580876499,892,7.487173694213739,1,1.0,9,0,0.0,1.0,1,180,203,40,0,0,0,0,1,0,0,0,0,1,0,0,92,56,1645.7945865808765,1.5,754.4871736942138
1236,3.6109179126442243,7.874358824729881,7,2003,2003,4.672828834461906,2.0,3.0,0.0,1.0,764,4.0,6.639875833826536,862,7.394493107219038,2,2.0,6,0,0.0,2.0,2,474,0,27,0,1,1,0,0,1,0,1,0,0,0,0,7,7,1632.6398758338264,2.5,771.3944931072191
1237,3.7376696182833684,9.424967763522053,7,2004,2005,0.0,2.0,3.0,0.0,1.0,847,4.0,6.742880635791903,1101,7.575071699507561,2,2.0,8,1,4.0,3.0,2,434,100,48,0,0,1,1,1,0,0,1,0,0,0,0,2,1,1954.742880635792,2.5,854.5750716995076
1238,4.1588830833596715,9.47830431356186,6,2005,2005,0.0,2.0,3.0,0.0,1.0,1141,4.0,7.040536390215956,0,7.040536390215956,1,1.0,6,0,0.0,1.0,2,484,0,0,0,0,1,1,1,0,0,1,0,1,0,0,1,1,1148.040536390216,1.5,1148.040536390216
1239,4.174387269895637,9.109193189971226,8,2006,2006,3.4965075614664802,2.0,3.0,2.0,6.0,1476,4.0,7.3031700512368,0,7.3031700512368,2,3.0,6,1,4.0,2.0,2,472,120,33,0,0,1,1,0,0,0,1,1,0,0,0,1,1,1483.3031700512367,2.0,1483.3031700512367
1240,4.189654742026425,9.0068768914288,7,2003,2003,5.53338948872752,2.0,3.0,0.0,6.0,884,4.0,6.785587645007929,884,7.478169694159785,2,2.0,8,0,0.0,2.0,2,543,0,63,0,0,1,1,0,0,0,1,1,0,0,0,5,5,1774.785587645008,3.5,891.4781696941598
1241,4.430816798843313,9.195226734166134,7,2007,2007,0.0,2.0,3.0,2.0,1.0,1689,4.0,7.432483807917119,0,7.432483807917119,2,2.0,7,0,0.0,2.0,3,954,0,56,0,0,1,1,0,1,0,1,1,0,1,1,0,0,1696.4324838079172,2.0,1696.4324838079172
1242,4.454347296253507,9.271059107010888,7,1974,1974,4.406719247264253,1.0,3.0,3.0,6.0,1053,2.0,7.068172000388042,0,7.068172000388042,2,2.0,6,2,3.0,2.0,2,528,0,120,0,0,0,0,0,0,1,0,1,0,0,0,36,36,1060.0681720003881,3.0,1060.0681720003881
1243,4.68213122712422,9.539068413863964,10,2006,2006,0.0,3.0,4.0,3.0,6.0,2076,4.0,7.638679823876112,0,7.638679823876112,2,3.0,7,1,4.0,3.0,3,850,216,229,0,1,1,1,1,0,0,1,1,0,1,1,0,0,2083.638679823876,3.5,2083.638679823876
1244,4.248495242049359,9.344521553442203,8,1929,1950,0.0,1.0,3.0,0.0,1.0,792,1.0,6.675823221634848,725,7.325148957955575,1,2.0,7,2,4.0,1.0,2,400,0,0,0,0,0,0,1,0,0,1,0,1,0,0,77,56,1523.6758232216348,1.0,799.3251489579555
1245,4.3694478524670215,9.400216653174247,6,1984,2003,4.31748811353631,1.0,3.0,0.0,1.0,585,4.0,7.039660349862076,728,7.533158807455563,3,1.0,7,1,3.0,3.0,2,477,268,112,0,0,1,1,0,0,1,0,0,0,0,0,23,4,1320.039660349862,3.5,592.5331588074556
1246,4.189654742026425,9.002824076547672,7,2005,2006,0.0,2.0,3.0,0.0,1.0,756,4.0,6.6293632534374485,797,7.348587530927593,2,2.0,6,0,0.0,2.0,2,615,0,45,0,0,1,1,1,0,0,1,1,0,1,1,1,0,1559.6293632534375,2.5,763.3485875309276
1247,4.248495242049359,9.419709489868552,6,1976,1976,5.817111159963204,1.0,2.0,2.0,6.0,1012,2.0,6.942156705699469,0,6.942156705699469,1,1.0,6,0,0.0,1.0,3,888,0,0,0,0,0,0,0,0,1,0,1,0,0,0,34,34,1018.9421567056995,2.0,1018.9421567056995
1248,4.110873864173311,9.169622538697624,6,1917,1950,0.0,1.0,3.0,0.0,3.0,735,1.0,7.034387929915503,924,7.629975707027789,1,1.0,8,1,4.0,1.0,2,396,0,0,0,0,0,0,1,0,0,0,0,1,0,0,91,58,1666.0343879299155,1.5,742.6299757070278
1249,4.110873864173311,8.881975184248867,5,1950,1950,0.0,1.0,2.0,0.0,4.0,876,2.0,6.8966943316227125,0,6.8966943316227125,1,1.0,6,0,0.0,1.0,1,276,0,80,0,0,0,0,1,0,1,0,1,0,0,0,57,57,882.8966943316227,1.0,882.8966943316227
1250,4.543294782270004,9.320180837655714,7,1968,1968,0.0,2.0,2.0,0.0,5.0,2110,4.0,7.65491704784832,0,7.65491704784832,2,3.0,8,2,3.0,3.0,2,522,0,0,0,0,0,0,1,0,1,0,1,0,0,0,42,42,2117.6549170478484,3.5,2117.6549170478484
1251,4.248495242049359,8.051022208190679,7,2003,2003,5.099866427824199,2.0,3.0,0.0,1.0,1405,4.0,7.2485040723706105,0,7.2485040723706105,2,2.0,6,1,4.0,2.0,2,478,148,36,0,1,1,0,0,1,0,1,1,0,0,0,3,3,1412.2485040723707,2.0,1412.2485040723707
1252,4.143134726391533,9.196140022575042,5,1968,1968,0.0,1.0,2.0,0.0,4.0,864,2.0,6.774223886357614,0,6.774223886357614,1,1.0,5,0,0.0,2.0,1,288,33,0,0,0,0,0,1,0,1,0,1,0,0,0,41,41,870.7742238863576,2.0,870.7742238863576
1253,4.248495242049359,9.772410288929185,7,1974,2003,0.0,2.0,2.0,3.0,2.0,1192,2.0,7.324489979348532,651,7.681560362559537,2,2.0,9,2,4.0,2.0,2,518,220,47,0,0,0,0,1,0,1,0,1,0,0,0,33,4,1850.3244899793485,3.5,1199.6815603625596
1254,4.110873864173311,8.843903650835497,7,2003,2004,4.532599493153256,2.0,3.0,0.0,1.0,746,4.0,6.634633357861686,896,7.4127640174265625,2,2.0,7,1,4.0,3.0,2,397,178,128,0,0,1,1,0,1,0,1,0,0,0,0,5,4,1648.6346333578617,2.5,753.4127640174265
1255,3.970291913552122,8.738895704934043,6,1931,1950,0.0,1.0,2.0,0.0,2.0,884,2.0,6.866933284461882,408,7.221105098182496,1,1.0,6,1,4.0,1.0,1,560,0,0,0,0,0,0,1,0,0,0,0,1,0,0,76,57,1298.866933284462,1.0,891.2211050981825
1256,4.5217885770490405,9.568294497413296,8,1994,1994,6.318968113746434,2.0,3.0,3.0,6.0,1986,4.0,7.59488438721652,0,7.59488438721652,2,2.0,7,1,3.0,3.0,2,691,262,36,1,0,0,0,0,0,0,1,1,0,0,0,14,14,1993.5948843872166,3.0,1993.5948843872166
1257,4.04305126783455,8.309184527686298,5,1922,1950,0.0,1.0,1.0,0.0,1.0,864,4.0,6.762729506931879,0,6.762729506931879,1,1.0,4,0,0.0,0.0,0,0,0,96,0,0,0,0,1,0,0,1,0,0,0,0,87,59,870.7627295069319,1.0,870.7627295069319
1258,4.0943445622221,9.168267595554275,7,2005,2005,5.209486152841421,2.0,3.0,3.0,6.0,856,4.0,7.062191632286556,0,7.062191632286556,2,2.0,5,0,0.0,3.0,2,400,212,0,0,0,1,1,0,1,0,1,1,0,0,0,3,3,863.0621916322866,3.0,863.0621916322866
1259,4.189654742026425,9.18512512283512,6,1969,1969,0.0,1.0,3.0,0.0,5.0,1054,3.0,6.961296045910167,0,6.961296045910167,1,1.0,6,0,0.0,1.0,2,460,180,0,0,0,0,0,1,0,1,0,1,0,0,0,39,39,1060.96129604591,2.5,1060.96129604591
1260,4.248495242049359,10.113870026547724,6,1999,1999,0.0,1.0,3.0,0.0,1.0,841,4.0,6.794586580876499,783,7.424165281042028,2,1.0,7,1,3.0,3.0,2,502,0,103,0,0,1,1,1,0,0,1,0,0,0,0,10,10,1630.7945865808765,2.5,848.4241652810421
1261,4.394449154672439,9.169622538697624,5,1956,1956,0.0,1.0,2.0,0.0,3.0,1050,3.0,6.957497370876951,0,6.957497370876951,1,1.0,5,0,0.0,1.0,1,338,0,0,0,0,0,0,1,0,1,0,1,0,0,0,53,53,1056.957497370877,1.0,1056.957497370877
1262,4.248495242049359,9.328212292571072,4,1957,1989,0.0,1.0,2.0,2.0,1.0,1104,4.0,7.007600613951853,684,7.489412083508719,1,1.0,8,2,3.0,1.0,1,304,120,0,0,0,0,0,1,0,1,0,1,0,0,0,52,20,1795.0076006139518,2.0,1111.4894120835088
1263,4.110873864173311,9.511629447834181,6,1919,1950,0.0,1.0,2.0,0.0,1.0,764,4.0,6.966967138613983,764,7.509335266016592,1,1.0,8,1,4.0,1.0,2,520,0,0,0,0,0,0,1,0,0,1,0,1,0,0,88,57,1534.966967138614,1.0,771.5093352660166
1264,3.5553480614894135,8.309184527686298,6,1998,1999,0.0,2.0,3.0,0.0,6.0,1405,4.0,7.198931240688173,0,7.198931240688173,2,2.0,5,0,0.0,3.0,2,511,144,68,0,0,0,0,1,0,0,1,1,0,0,0,10,9,1412.1989312406881,3.0,1412.1989312406881
1265,3.58351893845611,8.225770799348734,7,1999,1999,5.389071729816501,2.0,3.0,0.0,6.0,691,4.0,6.570882962339584,739,7.2813856635702825,2,2.0,6,0,0.0,1.0,2,506,0,34,0,0,0,0,0,0,0,1,0,1,0,0,7,7,1436.5708829623395,3.5,698.2813856635703
1266,4.110873864173311,9.222367752188902,7,1910,1950,0.0,0.0,2.0,0.0,1.0,925,2.0,6.872128101338986,925,7.5443321080536885,1,1.0,9,1,4.0,1.0,1,308,0,0,0,0,0,0,1,0,1,0,0,1,0,0,97,57,1856.872128101339,1.5,932.5443321080537
1267,4.499809670330265,9.48910782703839,9,2008,2009,0.0,3.0,4.0,3.0,1.0,2002,4.0,7.610357618312838,0,7.610357618312838,2,3.0,10,1,4.0,3.0,3,746,144,76,0,0,0,0,1,0,0,1,1,0,0,0,2,1,2009.610357618313,2.0,2009.610357618313
1268,4.248495242049359,9.55400099583723,8,1935,1997,6.450470422144176,1.0,2.0,1.0,3.0,728,4.0,7.585281078639126,1479,8.145549631783584,3,2.0,11,2,4.0,1.0,3,1014,314,12,0,0,0,0,0,0,1,0,0,0,0,0,73,11,2214.585281078639,3.5,736.1455496317836
1269,4.3694478524670215,9.336532397213942,5,1958,1958,5.198497031265826,1.0,2.0,0.0,4.0,874,2.0,6.774223886357614,650,7.329749689041512,1,1.0,7,0,0.0,1.0,1,315,0,0,0,0,0,0,0,0,1,0,1,0,0,0,49,49,1530.7742238863575,1.5,881.3297496890415
1270,4.248495242049359,10.068832485122966,7,1979,1979,0.0,2.0,3.0,3.0,6.0,1332,2.0,7.195187320178709,192,7.329749689041512,0,2.0,4,1,3.0,3.0,2,586,268,0,0,0,0,0,1,0,0,1,1,0,0,0,31,31,1531.1951873201788,2.5,1339.3297496890416
1271,4.248495242049359,9.122273893107732,6,1968,1968,0.0,1.0,2.0,0.0,1.0,1489,3.0,7.306531398939505,0,7.306531398939505,2,2.0,7,1,4.0,2.0,2,462,0,0,0,0,0,0,1,0,1,0,1,0,0,0,41,41,1496.3065313989396,2.0,1496.3065313989396
1272,4.248495242049359,9.512442967089195,5,1965,1965,4.74493212836325,1.0,2.0,0.0,4.0,935,2.0,6.841615476477592,0,6.841615476477592,1,1.0,5,0,0.0,1.0,1,288,180,0,0,0,0,0,0,0,1,0,1,0,0,0,41,41,941.8416154764776,2.0,941.8416154764776
1273,4.8283137373023015,9.351232110673664,6,1959,2006,4.442651256490317,1.0,2.0,2.0,5.0,1019,3.0,7.213768308118642,0,7.213768308118642,1,3.0,5,1,4.0,2.0,1,312,0,0,0,0,0,0,0,0,1,0,0,0,0,0,49,2,1026.2137683081187,2.0,1026.2137683081187
1274,3.9889840465642745,8.587278798982926,5,1910,2003,0.0,1.0,2.0,0.0,1.0,661,4.0,6.495265555937008,589,7.1316985104669115,2,1.0,8,1,4.0,1.0,2,552,242,0,0,0,0,0,1,0,0,1,0,1,0,0,97,4,1256.4952655559368,2.0,668.1316985104669
1275,4.564348191467836,9.336620537886512,5,1948,1950,6.342121418721152,1.0,2.0,0.0,3.0,928,3.0,6.834108738813838,992,7.560601162768557,2,1.0,10,0,0.0,1.0,2,400,0,0,0,0,0,0,0,1,1,0,0,1,0,0,59,57,1926.834108738814,2.0,935.5606011627685
1276,4.248495242049359,9.467846701917901,6,1972,1972,0.0,1.0,2.0,0.0,4.0,723,2.0,6.601230118728877,660,7.241366283322318,1,1.0,6,1,3.0,1.0,2,497,294,116,0,0,0,0,1,0,1,0,1,0,0,0,37,37,1389.6012301187288,2.0,730.2413662833223
1277,4.248495242049359,9.790990521308983,6,1967,1976,5.886104031450156,1.0,3.0,2.0,5.0,1680,1.0,7.45298232946546,0,7.45298232946546,1,1.0,7,1,4.0,2.0,2,480,0,0,0,0,0,0,0,0,1,0,1,0,0,0,42,33,1687.4529823294654,2.5,1687.4529823294654
1278,4.330733340286331,9.156306483483696,8,2002,2002,0.0,2.0,3.0,0.0,6.0,1128,4.0,7.029087564149662,903,7.616775808698373,2,2.0,7,1,4.0,2.0,2,577,0,211,0,0,1,1,1,0,0,1,1,0,0,0,6,6,2038.0290875641497,3.5,1135.6167758086983
1279,4.110873864173311,8.922791623969637,4,1920,1950,0.0,1.0,2.0,0.0,1.0,698,2.0,6.54965074223381,430,7.029087564149662,1,1.0,6,0,0.0,2.0,2,528,30,0,0,0,0,0,1,0,1,0,0,1,0,0,90,60,1134.5496507422338,1.0,705.0290875641497
1280,4.219507705176107,9.191055610564316,7,2002,2002,4.709530201312334,2.0,3.0,0.0,6.0,1573,4.0,7.3613754289773485,0,7.3613754289773485,2,2.0,6,0,0.0,2.0,2,544,0,72,0,0,1,1,0,0,0,1,1,0,0,0,7,7,1580.3613754289775,3.0,1580.3613754289775
1281,3.9318256327243257,8.99342737041261,7,1990,1990,4.007333185232471,1.0,3.0,0.0,5.0,1309,2.0,7.200424892944957,0,7.200424892944957,2,1.0,6,1,3.0,3.0,2,484,0,58,0,0,0,0,0,0,1,0,1,0,0,0,16,16,1316.200424892945,3.0,1316.200424892945
1282,4.127134385045092,9.082620630373812,5,1977,2008,0.0,1.0,3.0,1.0,2.0,1040,2.0,6.947937068614969,0,6.947937068614969,2,2.0,5,0,0.0,1.0,2,484,0,0,0,0,0,0,1,0,1,0,0,1,0,0,32,1,1046.947937068615,2.0,1046.947937068615
1283,4.553876891600541,9.148571345578551,6,1971,1971,0.0,1.0,2.0,2.0,1.0,912,2.0,6.816735880594968,912,7.509335266016592,2,1.0,8,0,0.0,0.0,0,0,128,0,0,0,0,0,1,0,1,0,0,0,0,0,39,39,1830.816735880595,3.0,919.5093352660166
1284,3.9318256327243257,9.173572647783969,6,1919,1990,0.0,1.0,2.0,0.0,1.0,804,4.0,7.438383530044307,748,7.803026643632217,2,2.0,10,1,4.0,1.0,1,336,272,0,0,0,0,0,1,0,0,1,0,1,0,0,91,20,1559.4383835300443,2.0,811.8030266436322
1285,3.9318256327243257,8.699681400989514,6,1939,1950,0.0,1.0,2.0,0.0,1.0,780,4.0,6.716594773520978,587,7.253470382684528,1,1.0,6,1,4.0,1.0,1,280,45,0,0,0,0,0,1,0,1,0,0,1,0,0,70,59,1373.7165947735211,1.0,787.2534703826846
1286,4.248495242049359,9.189218875354072,6,1963,1963,6.113682179832232,1.0,2.0,0.0,5.0,1328,2.0,7.192182058713246,0,7.192182058713246,1,1.0,6,2,4.0,1.0,2,528,0,26,0,0,0,0,0,0,1,0,1,0,0,0,47,47,1335.1921820587133,2.5,1335.1921820587133
1287,4.248495242049359,10.505094936455558,5,1964,1964,6.432940092739179,1.0,2.0,2.0,3.0,1624,1.0,7.367077059881012,0,7.367077059881012,2,1.0,7,0,0.0,1.0,2,390,168,198,0,0,0,0,0,0,1,0,1,0,0,0,42,42,1631.367077059881,2.5,1631.367077059881
1288,3.713572066704308,8.642062173462106,8,2000,2000,0.0,2.0,3.0,0.0,6.0,1501,4.0,7.414572881350589,0,7.414572881350589,2,3.0,5,1,5.0,3.0,2,499,212,59,0,0,0,0,1,0,0,1,1,0,0,0,9,9,1508.4145728813505,3.0,1508.4145728813505
1289,4.465908118654584,9.311632623458054,8,2006,2006,6.670766320845874,2.0,3.0,1.0,1.0,1085,4.0,7.02197642307216,850,7.58629630715272,2,3.0,8,1,4.0,3.0,3,753,177,74,0,1,1,1,0,1,0,1,0,0,1,1,0,0,1942.0219764230721,2.5,1092.5862963071527
1290,4.248495242049359,9.554851637414007,5,1964,1964,4.465908118654584,1.0,2.0,2.0,6.0,1152,2.0,7.050122520269059,0,7.050122520269059,1,1.0,6,1,4.0,2.0,2,484,227,0,0,0,0,0,0,0,0,1,1,0,0,0,46,46,1159.050122520269,2.0,1159.050122520269
1291,3.091042453358316,7.427144133408616,5,1972,1972,5.594711379601839,1.0,2.0,0.0,5.0,630,2.0,6.447305862541213,672,7.172424577124845,2,1.0,6,0,0.0,1.0,1,264,185,0,0,0,0,0,0,0,1,0,0,1,0,0,37,37,1308.4473058625413,2.5,637.1724245771248
1292,4.110873864173311,8.79497643168877,5,1892,1965,0.0,1.0,2.0,0.0,1.0,994,2.0,7.229113877793302,994,7.771910256435763,2,1.0,11,0,0.0,2.0,1,432,0,287,0,0,0,0,1,0,0,0,1,0,0,0,117,44,1995.2291138777932,2.0,1001.7719102564357
1293,4.3694478524670215,9.224341891611996,7,1976,1976,0.0,1.0,3.0,0.0,6.0,832,2.0,6.725033642166843,832,7.417580402414544,2,1.0,8,1,3.0,2.0,2,528,0,28,0,0,0,0,1,0,0,1,1,0,0,0,30,30,1670.7250336421669,2.5,839.4175804024145
1294,4.110873864173311,9.00859131751613,5,1955,1990,0.0,1.0,2.0,0.0,3.0,864,2.0,6.762729506931879,0,6.762729506931879,1,1.0,5,0,0.0,1.0,2,572,0,0,0,0,0,0,1,0,1,0,0,1,0,0,51,16,870.7627295069319,2.0,870.7627295069319
1295,4.2626798770413155,9.036106025364846,5,1968,1968,5.1298987149230735,1.0,2.0,2.0,4.0,1052,3.0,6.959398512133975,0,6.959398512133975,1,1.0,5,0,0.0,2.0,1,288,356,0,0,0,0,0,0,0,1,0,1,0,0,0,38,38,1058.959398512134,2.5,1058.959398512134
1296,4.394449154672439,9.071193240566025,5,1963,1963,5.003946305945459,1.0,2.0,1.0,5.0,1120,3.0,7.029087564149662,0,7.029087564149662,2,1.0,6,0,0.0,2.0,2,525,192,20,0,0,0,0,0,0,1,0,1,0,0,0,45,45,1127.0290875641497,3.0,1127.0290875641497
1297,3.58351893845611,8.209580483475577,6,2005,2006,4.418840607796598,1.0,3.0,3.0,6.0,547,3.0,6.9782137426306985,0,6.9782137426306985,2,1.0,5,0,0.0,3.0,2,525,0,44,0,0,1,1,0,0,0,1,0,0,1,1,1,0,553.9782137426307,3.0,553.9782137426307
1298,5.749392985908253,11.064886829303003,10,2008,2008,6.680854678790215,3.0,4.0,3.0,6.0,6110,4.0,8.453827315794417,950,8.63817111796914,2,3.0,12,3,4.0,3.0,2,1418,214,292,0,0,0,0,0,1,0,1,1,0,1,1,0,0,7068.453827315794,4.5,6118.638171117969
1299,4.330733340286331,8.922791623969637,5,1959,1994,0.0,1.0,2.0,0.0,2.0,1246,4.0,7.1284959456800365,0,7.1284959456800365,1,2.0,6,0,0.0,2.0,1,305,218,0,0,0,0,0,1,0,1,0,1,0,0,0,51,16,1253.12849594568,2.5,1253.12849594568
1300,4.248495242049359,9.283869605264298,7,1999,1999,5.84354441703136,2.0,3.0,0.0,6.0,978,4.0,6.913737350659685,978,7.592870287844818,2,2.0,9,1,3.0,3.0,2,490,0,0,0,0,1,1,1,0,0,1,1,0,0,0,10,10,1962.9137373506596,2.5,985.5928702878448
1301,4.248495242049359,8.922791623969637,6,1942,1950,0.0,1.0,2.0,0.0,4.0,771,1.0,6.625392368007956,741,7.3098814858247865,1,2.0,7,2,4.0,1.0,1,213,0,0,0,0,0,0,1,0,1,0,1,0,0,0,67,59,1518.6253923680079,1.0,778.3098814858248
1302,4.532599493153256,9.222367752188902,8,1994,1994,5.971261839790462,2.0,3.0,0.0,6.0,1165,4.0,7.093404625868766,1323,7.834788107388194,2,2.0,8,1,3.0,2.0,3,844,309,78,1,0,1,1,0,0,0,1,1,0,0,0,12,12,2495.093404625869,3.5,1172.8347881073882
1303,4.30406509320417,9.069813136839207,7,2005,2005,5.43372200355424,2.0,3.0,2.0,1.0,1616,4.0,7.388327859577107,0,7.388327859577107,2,2.0,7,0,0.0,2.0,3,834,208,59,0,0,1,1,0,0,0,1,1,0,0,0,1,1,1623.3883278595772,2.0,1623.3883278595772
1304,3.4965075614664802,8.120886021092838,7,2004,2004,4.770684624465665,2.0,3.0,0.0,1.0,976,4.0,6.884486652042782,732,7.443663683115591,2,2.0,7,0,0.0,1.0,2,380,0,40,0,0,1,1,0,1,0,1,0,1,0,0,2,2,1714.8844866520428,2.0,983.4436636831156
1305,4.6913478822291435,9.486000469200638,9,2006,2007,5.707110264748875,2.0,4.0,0.0,6.0,1652,4.0,7.410347097821024,0,7.410347097821024,2,3.0,6,2,5.0,3.0,2,840,404,102,0,1,1,1,0,1,0,1,1,0,0,0,3,2,1659.410347097821,3.0,1659.410347097821
1306,3.8918202981106265,8.847359875474174,7,2005,2006,4.553876891600541,2.0,3.0,0.0,1.0,1368,4.0,7.221835825288449,0,7.221835825288449,2,2.0,6,1,4.0,2.0,2,474,132,35,0,1,1,1,0,1,0,1,1,0,1,1,1,0,1375.2218358252885,2.0,1375.2218358252885
1307,4.110873864173311,8.996280439395015,5,1994,1995,0.0,1.0,3.0,0.0,5.0,990,4.0,6.898714534329988,0,6.898714534329988,1,1.0,5,0,0.0,1.0,2,480,0,64,0,0,1,1,1,0,0,1,0,1,0,0,15,14,996.89871453433,2.0,996.89871453433
1308,4.61512051684126,9.392745258631441,5,1948,2005,0.0,1.0,2.0,0.0,6.0,924,4.0,7.023758954738443,0,7.023758954738443,1,2.0,6,0,0.0,1.0,2,528,0,36,0,0,0,0,1,0,1,0,1,0,0,0,60,3,931.0237589547385,2.0,931.0237589547385
1309,4.248495242049359,8.875426919818963,6,1991,1991,4.48863636973214,1.0,3.0,0.0,6.0,1278,3.0,7.166265974133638,0,7.166265974133638,2,2.0,6,0,0.0,2.0,2,496,112,51,0,0,0,0,0,0,1,0,1,0,0,0,17,17,1285.1662659741337,3.0,1285.1662659741337
1310,4.61512051684126,9.770013301136158,7,1959,2002,0.0,2.0,3.0,2.0,6.0,1902,2.0,7.551186867296149,0,7.551186867296149,2,3.0,7,2,3.0,3.0,2,567,0,207,0,0,0,0,1,0,0,1,1,0,0,0,51,8,1909.551186867296,3.0,1909.551186867296
1311,4.23410650459726,9.08421009483197,7,2005,2007,4.394449154672439,2.0,3.0,0.0,6.0,1274,4.0,7.150701457592526,0,7.150701457592526,2,2.0,6,0,0.0,2.0,2,508,264,98,0,0,1,1,0,0,0,1,1,0,1,1,2,0,1281.1507014575925,3.0,1281.1507014575925
1312,4.248495242049359,9.166701914946353,8,1990,1990,5.820082930352362,2.0,4.0,0.0,6.0,1453,4.0,7.282073658093465,1357,7.941295570906532,2,2.0,9,1,5.0,2.0,2,750,500,0,1,0,0,0,0,0,0,1,1,0,0,0,17,17,2817.2820736580934,2.5,1460.9412955709065
1313,4.6913478822291435,9.6006918422743,9,1999,1999,5.111987788356544,2.0,3.0,0.0,1.0,1393,4.0,7.260522598089852,1177,7.8632667240095735,2,2.0,10,1,3.0,3.0,3,779,668,30,1,0,1,1,0,0,0,1,0,0,0,0,11,11,2577.2605225980897,2.5,1400.8632667240095
1314,4.110873864173311,9.010791269515602,4,1954,1954,0.0,1.0,2.0,0.0,3.0,948,4.0,6.855408798609928,0,6.855408798609928,1,1.0,5,1,3.0,1.0,1,280,0,36,0,0,0,0,1,0,1,0,0,1,0,0,53,53,954.8554087986099,2.0,954.8554087986099
1315,4.454347296253507,9.312535884290853,6,1969,1969,0.0,1.0,1.0,1.0,5.0,952,2.0,6.996681488176539,1020,7.655864017616056,2,1.0,9,2,4.0,1.0,2,576,280,0,0,0,0,0,1,0,1,0,1,0,0,0,39,39,1978.9966814881766,2.5,959.6558640176161
1316,4.127134385045092,9.232786560806012,8,2008,2008,5.602118820879701,2.0,4.0,3.0,1.0,1622,4.0,7.396948602621014,0,7.396948602621014,2,3.0,8,1,4.0,2.0,3,860,172,42,0,0,1,1,0,1,0,1,1,0,0,0,1,1,1629.396948602621,3.0,1629.396948602621
1317,3.871201010907891,8.350193650720067,7,2006,2007,0.0,2.0,4.0,0.0,1.0,1352,4.0,7.210079628170788,0,7.210079628170788,2,2.0,5,1,4.0,2.0,2,466,0,241,0,0,1,1,1,0,0,1,1,0,1,1,1,0,1359.210079628171,2.0,1359.210079628171
1318,4.248495242049359,9.601165503344832,8,2001,2002,5.187385805840755,2.0,3.0,3.0,1.0,1753,4.0,7.488852955733459,0,7.488852955733459,2,2.0,7,1,3.0,2.0,3,748,198,150,0,0,1,1,0,0,0,1,1,0,0,0,5,4,1760.4888529557334,2.0,1760.4888529557334
1319,4.330733340286331,9.231710397712375,4,1954,1954,4.890349128221754,1.0,2.0,0.0,5.0,864,4.0,6.855408798609928,0,6.855408798609928,1,1.0,5,0,0.0,1.0,1,248,0,0,0,0,0,0,0,0,0,1,1,0,0,0,53,53,870.8554087986099,1.0,870.8554087986099
1320,4.2626798770413155,9.036106025364846,6,1957,1957,0.0,1.0,2.0,0.0,5.0,1478,3.0,7.2991214627108,0,7.2991214627108,1,1.0,6,2,4.0,2.0,2,442,114,0,0,0,0,0,1,0,1,0,1,0,0,0,52,52,1485.299121462711,2.5,1485.299121462711
1321,4.248495242049359,8.799058378546453,3,1949,1950,0.0,1.0,0.0,0.0,0.0,0,2.0,6.580639137284949,0,6.580639137284949,1,1.0,4,0,0.0,1.0,1,287,0,0,0,0,1,1,1,0,1,0,0,1,0,0,59,58,6.580639137284949,1.0,6.580639137284949
1322,4.68213122712422,9.228867676590067,7,1992,1992,0.0,2.0,3.0,0.0,6.0,750,4.0,6.967909201801884,862,7.562161631225652,2,2.0,8,1,3.0,2.0,2,564,240,39,1,0,0,0,1,0,0,1,1,0,0,0,18,18,1618.9679092018018,3.5,757.5621616312256
1323,3.9318256327243257,8.581294116822761,4,1940,1950,0.0,0.0,2.0,0.0,2.0,420,3.0,6.5638555265321274,0,6.5638555265321274,1,0.0,5,0,0.0,0.0,0,0,164,0,0,0,1,1,1,0,1,0,0,0,0,0,69,59,426.5638555265321,1.0,426.5638555265321
1324,4.330733340286331,9.209039526243135,8,2006,2007,6.061456918928017,2.0,4.0,2.0,1.0,1795,4.0,7.493317248862145,0,7.493317248862145,2,2.0,7,1,4.0,2.0,3,895,0,49,0,0,1,1,0,0,0,1,1,0,1,1,1,0,1802.4933172488622,2.0,1802.4933172488622
1325,3.713572066704308,8.19891444498699,4,1922,1950,0.0,1.0,2.0,0.0,1.0,796,1.0,6.680854678790215,0,6.680854678790215,1,1.0,5,0,0.0,0.0,0,0,0,0,0,0,0,0,1,0,0,0,0,0,0,0,86,58,802.6808546787902,1.0,802.6808546787902
1326,4.2626798770413155,8.359603270841466,3,1931,2006,0.0,1.0,2.0,0.0,3.0,544,4.0,6.652863029353347,0,6.652863029353347,1,2.0,6,0,0.0,0.0,0,0,0,0,0,0,0,0,1,0,0,0,0,0,0,0,76,1,550.6528630293534,1.0,550.6528630293534
1327,4.110873864173311,8.79497643168877,5,1982,2008,0.0,2.0,2.0,0.0,5.0,816,4.0,6.705639094860003,0,6.705639094860003,1,2.0,5,1,5.0,1.0,1,264,0,0,0,0,1,1,1,0,1,0,1,0,0,0,26,0,822.70563909486,1.5,822.70563909486
1328,4.110873864173311,9.25349564229011,6,1920,1950,0.0,2.0,3.0,0.0,2.0,1510,4.0,7.368339686311381,1208,7.934871565945177,2,1.0,8,2,3.0,1.0,2,520,0,547,0,0,0,0,1,0,0,0,0,1,0,0,88,58,2725.3683396863116,2.0,1517.9348715659453
1329,4.1588830833596715,9.114379980830272,7,1998,1998,0.0,1.0,3.0,0.0,1.0,935,3.0,6.862757913051401,677,7.398174092970465,2,1.0,8,1,3.0,3.0,2,462,0,28,0,0,1,1,1,0,0,1,1,0,0,0,8,8,1618.8627579130514,2.5,942.3981740929705
1330,4.454347296253507,9.210440366976517,8,2006,2006,6.018593214496234,2.0,3.0,2.0,1.0,1588,4.0,7.370860166536716,0,7.370860166536716,2,2.0,7,1,4.0,2.0,3,825,144,45,0,0,1,1,0,1,0,1,1,0,0,0,1,1,1595.3708601665367,2.0,1595.3708601665367
1331,4.02535169073515,9.285540604539118,5,1976,1976,0.0,1.0,2.0,2.0,5.0,911,3.0,6.86171134048073,0,6.86171134048073,1,1.0,6,0,0.0,1.0,2,576,0,0,0,0,0,0,1,0,1,0,0,1,0,0,30,30,917.8617113404807,1.0,917.8617113404807
1332,4.219507705176107,9.09133158539398,4,1938,1958,0.0,1.0,2.0,1.0,5.0,816,4.0,6.705639094860003,0,6.705639094860003,1,1.0,3,1,4.0,1.0,1,288,0,0,0,0,0,0,1,0,1,0,0,1,0,0,71,51,822.70563909486,2.0,822.70563909486
1333,4.110873864173311,8.881975184248867,5,1938,1995,0.0,1.0,2.0,0.0,1.0,803,4.0,6.6895992691789665,557,7.215975002651466,1,2.0,6,0,0.0,1.0,1,297,0,65,0,0,0,0,1,0,1,0,0,1,0,0,68,11,1366.6895992691789,1.5,810.2159750026515
1334,3.2188758248682006,7.7702232041587855,5,1970,1970,5.746203190540153,1.0,2.0,0.0,2.0,765,2.0,6.641182169740591,600,7.2196420401307355,1,1.0,7,0,0.0,1.0,2,440,0,36,0,0,0,0,1,0,1,0,1,0,0,0,39,39,1371.6411821697407,1.5,772.2196420401307
1335,4.394449154672439,9.174816815907135,6,1977,1977,5.8888779583328805,1.0,3.0,0.0,5.0,1350,2.0,7.19668657083435,0,7.19668657083435,2,1.0,6,1,3.0,2.0,2,630,0,16,0,0,0,0,0,0,1,0,1,0,0,0,32,32,1357.1966865708343,2.5,1357.1966865708343
1336,4.477336814478207,9.132054453577638,5,1973,1973,6.336825731146441,1.0,2.0,0.0,1.0,1656,2.0,7.4127640174265625,0,7.4127640174265625,2,1.0,8,0,0.0,1.0,2,506,0,211,0,0,0,0,0,0,1,0,0,1,0,0,35,35,1663.4127640174265,2.0,1663.4127640174265
1337,5.0369526024136295,8.323365694436081,4,1941,1950,0.0,1.0,2.0,0.0,1.0,693,1.0,6.542471960506805,0,6.542471960506805,1,0.0,4,0,0.0,0.0,0,0,0,20,0,0,0,0,1,0,1,0,0,0,0,0,65,56,699.5424719605068,1.0,699.5424719605068
1338,4.564348191467836,9.506808731708581,7,2002,2002,0.0,2.0,3.0,0.0,6.0,916,4.0,6.825460036255307,941,7.529406457837013,2,2.0,8,0,0.0,2.0,2,492,146,91,0,0,1,1,1,0,0,1,0,0,0,0,4,4,1863.8254600362552,3.5,923.529406457837
1339,4.795790545596741,9.165447603085447,5,1972,1972,0.0,1.0,2.0,1.0,3.0,864,4.0,6.762729506931879,0,6.762729506931879,1,1.0,5,0,0.0,2.0,1,288,0,0,0,0,0,0,1,0,1,0,1,0,0,0,34,34,870.7627295069319,1.0,870.7627295069319
1340,4.2626798770413155,9.023408202624545,4,1971,1971,0.0,1.0,2.0,0.0,1.0,858,2.0,6.771935555839602,0,6.771935555839602,1,1.0,5,0,0.0,1.0,4,480,0,0,0,0,0,0,1,0,1,0,0,1,0,0,36,36,864.7719355558396,1.0,864.7719355558396
1341,4.204692619390966,9.524859098381523,6,2003,2004,0.0,1.0,3.0,0.0,6.0,1114,4.0,7.016609683894219,0,7.016609683894219,1,2.0,6,0,0.0,1.0,2,576,0,78,0,0,1,1,1,0,0,1,0,1,0,0,5,4,1121.0166096838943,2.0,1121.0166096838943
1342,4.248495242049359,9.145908511816794,8,2002,2002,5.0106352940962555,2.0,3.0,0.0,1.0,1284,4.0,7.158513997329321,885,7.682482446534506,2,2.0,7,1,4.0,2.0,2,647,192,87,0,0,1,1,0,0,0,1,1,0,0,0,5,5,2176.1585139973295,2.5,1291.6824824465346
1343,4.060443010546419,8.930494185292178,6,1928,1950,0.0,1.0,2.0,0.0,1.0,896,3.0,7.067319848653476,741,7.5569505720129,1,1.0,9,1,3.0,1.0,2,342,0,0,0,0,0,0,1,0,0,0,0,1,0,0,81,59,1644.0673198486534,1.5,903.5569505720129
1344,4.454347296253507,9.315060682746585,7,2006,2006,0.0,2.0,3.0,0.0,1.0,728,4.0,6.591673732008658,728,7.284134806195205,2,2.0,8,1,3.0,3.0,2,440,0,0,0,0,1,1,1,0,0,1,1,0,1,1,1,1,1462.5916737320085,2.5,735.2841348061952
1345,3.9318256327243257,8.699681400989514,4,1920,1950,0.0,1.0,2.0,0.0,5.0,960,3.0,6.8679744089702925,0,6.8679744089702925,1,0.0,5,0,0.0,1.0,1,308,0,0,0,0,0,0,1,0,0,1,0,1,0,0,87,57,966.8679744089703,1.0,966.8679744089703
1346,4.248495242049359,9.941842506412591,7,1968,2003,0.0,1.0,2.0,0.0,4.0,1568,2.0,7.676473646389156,0,7.676473646389156,2,1.0,9,1,4.0,2.0,2,508,0,80,0,0,0,0,1,0,1,0,1,0,0,0,38,3,1575.6764736463892,2.0,1575.6764736463892
1347,4.543294782270004,9.636065519091707,8,2006,2007,4.61512051684126,2.0,4.0,3.0,6.0,1732,4.0,7.482681828154651,0,7.482681828154651,2,2.0,7,1,4.0,3.0,3,712,0,0,0,0,1,1,0,1,0,1,1,0,1,1,1,0,1739.4826818281547,3.0,1739.4826818281547
1348,4.248495242049359,9.692581318886397,7,1998,1998,0.0,2.0,3.0,3.0,6.0,1482,4.0,7.3098814858247865,0,7.3098814858247865,2,2.0,5,1,2.0,2.0,2,514,402,25,0,0,1,1,1,0,0,1,1,0,0,0,9,9,1489.3098814858247,3.0,1489.3098814858247
1349,3.9318256327243257,8.566173813637858,8,1872,1987,0.0,1.0,2.0,0.0,2.0,684,1.0,6.844815479208263,1215,7.765993079407675,2,1.0,8,0,0.0,0.0,0,0,0,54,0,0,0,0,1,0,0,0,0,0,0,0,136,21,1905.8448154792081,2.0,691.7659930794076
1350,4.5217885770490405,9.362546304865514,5,1969,1969,5.910796644040527,1.0,2.0,0.0,2.0,1248,2.0,7.199678345691172,1296,7.876638460975463,2,1.0,12,0,0.0,1.0,4,968,0,0,0,0,0,0,0,0,1,0,0,1,0,0,40,40,2551.199678345691,4.5,1255.8766384609755
1351,4.2626798770413155,9.13216259091216,6,1962,1962,5.765191102784844,1.0,2.0,0.0,3.0,858,4.0,6.755768921984255,858,7.448333860897476,1,1.0,8,1,4.0,3.0,2,490,0,84,0,0,0,0,0,0,1,0,1,0,0,0,46,46,1722.7557689219843,1.5,865.4483338608975
1352,3.9318256327243257,8.699681400989514,6,1937,2000,0.0,2.0,2.0,0.0,1.0,698,2.0,6.668228248417403,390,7.0707241072602764,1,1.0,4,0,0.0,1.0,2,624,210,0,0,0,0,0,1,0,0,0,0,1,0,0,72,9,1094.6682282484176,1.0,705.0707241072603
1353,4.04305126783455,9.597030324758013,8,1995,1996,6.363028103540465,2.0,3.0,2.0,6.0,2033,4.0,7.627544390488503,1185,8.08301991917133,2,2.0,9,1,5.0,3.0,3,666,283,86,1,0,1,1,0,0,0,1,1,0,0,0,15,14,3225.6275443904888,3.5,2041.0830199191714
1354,4.248495242049359,9.241548299100376,7,2000,2000,0.0,2.0,3.0,0.0,6.0,992,4.0,6.900730664045173,873,7.531552381407289,2,2.0,7,1,3.0,2.0,3,839,0,184,0,0,1,1,1,0,0,1,1,0,0,0,8,8,1871.900730664045,3.5,999.5315523814073
1355,4.634728988229636,9.229456489168413,7,1968,1992,4.969813299576001,1.0,2.0,0.0,1.0,570,3.0,7.109062135687172,698,7.560601162768557,3,2.0,8,1,3.0,2.0,2,487,0,98,0,0,0,0,0,0,1,0,1,0,0,0,38,14,1275.109062135687,3.0,577.5606011627685
1356,4.248495242049359,9.156728602527533,5,1966,1966,4.189654742026425,1.0,2.0,0.0,3.0,864,2.0,6.794586580876499,0,6.794586580876499,1,1.0,5,0,0.0,2.0,1,264,0,0,0,0,0,0,0,0,1,0,1,0,0,0,42,42,870.7945865808765,1.0,870.7945865808765
1357,4.248495242049359,9.436519311833914,5,1971,2008,0.0,1.0,2.0,0.0,6.0,1078,4.0,6.983789965258135,0,6.983789965258135,1,1.0,6,1,2.0,3.0,2,500,0,0,0,0,1,1,1,0,1,0,1,0,0,0,39,2,1084.9837899652582,2.5,1084.9837899652582
1358,4.248495242049359,7.658227526161352,6,2000,2000,5.37989735354046,2.0,3.0,0.0,6.0,756,4.0,6.646390514847729,804,7.3613754289773485,2,2.0,5,0,0.0,1.0,2,440,0,32,0,0,0,0,0,0,0,1,0,1,0,0,10,10,1566.6463905148478,2.5,763.3613754289773
1359,4.867534450455582,9.725436862592819,9,2004,2005,4.204692619390966,2.0,4.0,2.0,6.0,1980,4.0,7.591357046698551,0,7.591357046698551,2,3.0,8,1,4.0,3.0,3,770,194,45,0,1,1,1,0,0,0,1,1,0,0,0,2,1,1987.5913570466985,3.0,1987.5913570466985
1360,3.9512437185814275,9.194515821629212,5,1921,1998,0.0,1.0,2.0,0.0,1.0,612,4.0,6.898714534329988,1611,7.86403565907245,3,1.0,8,0,0.0,2.0,2,621,183,0,0,0,0,0,1,0,0,0,0,0,0,0,87,10,2229.89871453433,3.5,619.8640356590724
1361,4.8283137373023015,9.690232448972248,7,2005,2005,2.833213344056216,2.0,4.0,2.0,5.0,1530,4.0,7.333676395657684,0,7.333676395657684,2,2.0,7,1,4.0,3.0,2,430,168,36,0,0,1,1,0,1,0,1,1,0,0,0,4,4,1537.3336763956577,3.0,1537.3336763956577
1362,4.248495242049359,9.43460329655831,4,1920,2007,0.0,1.0,2.0,0.0,1.0,715,3.0,7.156176637480615,457,7.461065514354283,2,1.0,7,1,4.0,1.0,1,368,55,0,0,0,1,1,1,0,0,0,1,0,0,0,89,2,1179.1561766374807,2.0,722.4610655143542
1363,4.30406509320417,9.047821442478408,6,2006,2007,0.0,1.0,3.0,0.0,1.0,616,4.0,6.424869023905388,796,7.253470382684528,2,2.0,6,1,4.0,3.0,2,432,0,36,0,0,1,1,1,0,0,1,0,0,1,1,1,0,1418.4248690239056,2.5,623.2534703826846
1364,3.4339872044851463,8.064950891749143,7,2005,2005,0.0,2.0,3.0,0.0,1.0,600,4.0,6.255750041753367,600,7.0909098220799835,2,2.0,4,0,0.0,2.0,2,480,0,166,0,0,0,0,1,0,0,1,0,1,0,0,1,1,1206.2557500417533,2.5,607.09090982208
1365,4.248495242049359,8.922791623969637,7,2000,2000,0.0,2.0,3.0,0.0,6.0,814,4.0,6.703188113240863,860,7.423568444259167,2,2.0,7,0,0.0,2.0,2,663,0,96,0,0,1,1,1,0,0,1,1,0,0,0,10,10,1680.703188113241,3.5,821.4235684442592
1366,4.23410650459726,9.124782483614537,7,1999,1999,5.0689042022202315,2.0,3.0,0.0,6.0,873,4.0,6.78332520060396,908,7.490529402060711,2,2.0,7,0,0.0,2.0,2,588,0,88,0,0,1,1,0,0,0,1,1,0,0,0,9,9,1787.783325200604,3.5,880.4905294020607
1367,3.7376696182833684,7.888334500738654,5,1977,1977,0.0,1.0,2.0,0.0,5.0,757,4.0,6.8308742346461795,550,7.297091005160418,2,1.0,6,1,3.0,2.0,1,336,104,26,0,0,0,0,1,0,0,1,1,0,0,0,29,29,1313.8308742346462,2.0,764.2970910051604
1368,4.248495242049359,8.397508348470257,6,2003,2004,5.14166355650266,2.0,3.0,2.0,6.0,848,4.0,6.744059186311348,0,6.744059186311348,1,2.0,4,0,0.0,3.0,2,420,140,0,0,0,1,1,0,0,0,1,1,0,0,0,6,5,854.7440591863113,2.0,854.7440591863113
1369,3.8918202981106265,9.27199975236291,8,2003,2003,5.147494476813453,2.0,3.0,2.0,4.0,1657,4.0,7.419979923661835,0,7.419979923661835,2,2.0,8,1,3.0,3.0,2,502,0,262,0,0,1,1,0,0,0,1,1,0,0,0,7,7,1664.419979923662,3.0,1664.419979923662
1370,4.51085950651685,8.594339400592892,4,1920,1950,0.0,0.0,2.0,0.0,5.0,840,4.0,6.734591659972948,534,7.226209010100671,1,1.0,6,0,0.0,3.0,1,338,0,0,0,0,0,0,1,0,0,1,0,1,0,0,89,59,1380.734591659973,1.0,847.2262090101007
1371,4.394449154672439,9.169622538697624,6,1955,1996,0.0,1.0,2.0,2.0,4.0,992,3.0,7.415776975415394,0,7.415776975415394,1,2.0,8,1,3.0,2.0,1,377,0,28,0,0,0,0,1,0,1,0,0,0,0,0,53,12,999.4157769754154,2.0,999.4157769754154
1372,4.330733340286331,9.18512512283512,7,1998,1998,0.0,1.0,3.0,2.0,6.0,1108,4.0,7.011213987350367,989,7.6487397889562425,2,2.0,8,1,3.0,2.0,2,583,253,170,0,0,1,1,1,0,0,1,0,1,0,0,8,8,2104.0112139873504,3.5,1115.6487397889562
1373,4.248495242049359,9.34145634983372,10,2001,2002,6.559615237493242,3.0,4.0,3.0,6.0,2633,4.0,7.876258882303226,0,7.876258882303226,2,3.0,8,2,4.0,2.0,3,804,314,140,1,0,1,1,0,0,0,1,1,0,0,0,6,5,2640.8762588823033,3.5,2640.8762588823033
1374,4.454347296253507,9.271059107010888,7,2005,2005,0.0,2.0,3.0,0.0,1.0,1026,4.0,6.934397209928558,932,7.580189417944541,2,2.0,9,1,4.0,3.0,3,936,154,210,0,0,0,0,1,0,0,1,1,0,0,0,3,3,1964.9343972099286,2.5,1033.5801894179444
1375,4.499809670330265,9.30492301446213,8,2007,2007,4.394449154672439,2.0,3.0,3.0,1.0,1571,4.0,7.360103972989152,0,7.360103972989152,2,2.0,7,1,4.0,3.0,3,722,100,36,0,0,1,1,0,0,0,1,1,0,1,1,0,0,1578.3601039729892,2.0,1578.3601039729892
1376,3.970291913552122,8.747193183526933,6,1930,1950,0.0,1.0,3.0,1.0,3.0,768,2.0,6.673297967767654,0,6.673297967767654,1,1.0,4,0,0.0,1.0,1,160,0,141,0,0,0,0,1,0,0,0,0,1,0,0,78,58,774.6732979677677,1.0,774.6732979677677
1377,4.110873864173311,9.305559638557117,5,1941,1960,0.0,1.0,2.0,0.0,2.0,984,4.0,6.892641641172089,620,7.380879035564116,2,1.0,6,0,0.0,1.0,2,660,0,68,0,0,0,0,1,0,1,0,0,1,0,0,68,49,1610.892641641172,2.0,991.3808790355641
1378,3.091042453358316,7.577633832602728,6,1973,1973,6.013715156042802,1.0,2.0,0.0,4.0,483,2.0,6.182084906716632,504,6.895682697747868,1,1.0,5,0,0.0,1.0,1,264,72,0,0,0,0,0,0,0,1,0,0,1,0,0,33,33,993.1820849067167,1.5,489.8956826977479
1379,4.30406509320417,9.183585634667363,5,2006,2007,0.0,1.0,3.0,0.0,1.0,384,3.0,6.626717749249025,640,7.240649694255466,2,2.0,7,0,0.0,3.0,2,400,100,0,0,0,1,1,1,0,0,1,0,0,0,0,2,1,1030.626717749249,2.5,391.24064969425547
1380,3.828641396489095,9.013473543740192,3,1914,1950,0.0,1.0,2.0,0.0,3.0,864,2.0,6.762729506931879,0,6.762729506931879,1,1.0,5,0,0.0,1.0,1,200,0,0,0,0,0,0,1,0,0,0,0,1,0,0,96,60,870.7627295069319,2.0,870.7627295069319
1381,4.248495242049359,9.46699606582284,6,1970,1970,0.0,1.0,2.0,1.0,4.0,1205,4.0,7.658227526161352,0,7.658227526161352,2,1.0,7,2,4.0,3.0,2,550,0,42,0,0,0,0,1,0,1,0,1,0,0,0,38,38,1212.6582275261615,2.5,1212.6582275261615
1382,4.110873864173311,8.881975184248867,7,1920,1950,0.0,1.0,1.0,0.0,1.0,596,4.0,6.906754778648554,764,7.47477218239787,1,2.0,8,0,0.0,1.0,2,576,36,0,0,0,0,0,1,0,0,0,0,1,0,0,86,56,1366.9067547786485,2.5,603.4747721823978
1383,4.248495242049359,10.14013945387513,5,1918,2007,0.0,1.0,2.0,0.0,1.0,816,4.0,7.256297239690681,0,7.256297239690681,2,2.0,7,0,0.0,1.0,2,576,0,0,0,0,0,0,1,0,0,0,1,0,0,0,89,0,823.2562972396906,2.0,823.2562972396906
1384,4.110873864173311,9.11173476822206,6,1939,1950,0.0,1.0,2.0,1.0,3.0,560,2.0,6.54965074223381,560,7.138073034044347,1,1.0,6,0,0.0,1.0,1,280,0,0,0,0,0,0,1,0,0,0,0,1,0,0,70,59,1126.5496507422338,1.0,567.1380730340444
1385,3.713572066704308,8.600982717145921,4,1922,2007,0.0,1.0,2.0,0.0,4.0,796,3.0,6.680854678790215,358,7.051855622955894,1,2.0,7,0,0.0,1.0,1,240,0,96,0,0,1,1,1,0,0,0,0,1,0,0,88,3,1160.6808546787902,2.0,803.0518556229559
1386,4.394449154672439,9.722744748855389,7,1978,1978,5.220355825078324,1.0,3.0,0.0,4.0,1392,2.0,7.239214973779806,1392,7.932003152361385,3,2.0,12,2,3.0,2.0,2,564,0,112,0,0,0,0,0,0,1,0,1,0,0,0,28,28,2791.23921497378,4.5,1399.9320031523614
1387,4.110873864173311,9.050288983827956,6,1916,1950,0.0,1.0,2.0,0.0,3.0,714,2.0,7.417580402414544,862,7.834788107388194,2,2.0,10,1,4.0,1.0,1,216,88,15,0,0,0,0,1,0,0,0,0,1,0,0,91,57,1583.4175804024144,2.0,721.8347881073882
1388,3.7612001156935624,9.608646582885868,9,2006,2007,5.081404364984463,3.0,4.0,3.0,6.0,1746,4.0,7.465655310134056,0,7.465655310134056,2,3.0,7,2,4.0,3.0,3,758,201,39,0,0,1,1,0,1,0,1,1,0,0,0,3,2,1753.465655310134,3.0,1753.465655310134
1389,4.110873864173311,8.699681400989514,6,1941,1950,0.0,1.0,2.0,0.0,5.0,735,4.0,6.76849321164863,349,7.105786129481271,1,1.0,6,1,4.0,1.0,2,440,0,0,0,0,0,0,1,0,0,0,0,1,0,0,66,57,1090.7684932116485,1.5,742.1057861294813
1390,4.2626798770413155,9.116139576577355,7,2000,2000,5.501258210544727,2.0,3.0,2.0,6.0,1525,4.0,7.330405211844402,0,7.330405211844402,2,2.0,6,0,0.0,2.0,2,541,219,36,0,0,1,1,0,0,0,1,1,0,0,0,6,6,1532.3304052118444,3.0,1532.3304052118444
1391,4.189654742026425,9.09884999594282,5,1967,1967,0.0,1.0,2.0,0.0,1.0,1584,2.0,7.368339686311381,0,7.368339686311381,2,1.0,8,0,0.0,1.0,3,792,0,152,0,0,0,0,1,0,1,0,0,1,0,0,42,42,1591.3683396863114,2.0,1591.3683396863114
1392,4.23410650459726,8.966866554188723,5,1967,1967,0.0,1.0,2.0,2.0,5.0,864,2.0,6.803505257608338,0,6.803505257608338,1,1.0,6,1,1.0,2.0,1,288,175,144,0,0,0,0,1,0,1,0,1,0,0,0,39,39,870.8035052576083,2.0,870.8035052576083
1393,4.110873864173311,9.287394001418473,6,1905,2000,0.0,1.0,1.0,0.0,1.0,482,4.0,7.108244139731541,691,7.556427969440253,2,1.0,7,1,3.0,1.0,2,672,0,25,0,0,0,0,1,0,0,0,0,1,0,0,103,8,1180.1082441397316,2.0,489.5564279694403
1394,3.9889840465642745,8.305484017727691,7,2006,2006,3.828641396489095,2.0,3.0,2.0,6.0,1356,4.0,7.313886831633462,0,7.313886831633462,2,2.0,6,1,4.0,3.0,3,648,161,20,0,0,1,1,0,0,0,1,1,0,1,1,0,0,1363.3138868316335,3.0,1363.3138868316335
1395,4.48863636973214,9.446676517076376,8,2005,2006,5.5053315359323625,2.0,3.0,3.0,1.0,1094,4.0,7.033506484287697,1349,7.817222785508166,2,2.0,9,1,4.0,3.0,3,642,144,39,0,0,1,1,0,0,0,1,0,0,0,0,2,1,2450.0335064842875,2.5,1101.8172227855082
1396,4.248495242049359,10.954326659732555,5,1948,1950,0.0,1.0,2.0,2.0,4.0,747,2.0,7.431299675155903,0,7.431299675155903,1,1.0,7,2,3.0,1.0,2,572,0,0,0,0,0,0,1,0,1,0,0,1,0,0,62,60,754.4312996751559,2.0,754.4312996751559
1397,3.9512437185814275,8.71948076085107,5,1920,2004,0.0,1.0,2.0,1.0,1.0,939,4.0,6.84587987526405,574,7.322510433997394,1,1.0,8,0,0.0,1.0,1,180,24,0,0,0,0,0,1,0,0,0,0,1,0,0,87,3,1519.845879875264,1.5,946.3225104339974
1398,4.110873864173311,8.881975184248867,5,1950,1982,0.0,1.0,2.0,0.0,3.0,1208,3.0,7.036148493750536,768,7.552237287560802,1,1.0,7,0,0.0,1.0,1,240,0,0,0,0,1,0,1,0,1,0,1,0,0,0,59,27,1983.0361484937505,2.5,1215.5522372875607
1399,3.9512437185814275,8.72777821348305,6,1925,1990,0.0,1.0,2.0,0.0,4.0,976,4.0,7.057036981697891,448,7.3833681469923835,2,2.0,7,1,4.0,1.0,1,216,147,16,0,0,0,0,1,0,0,0,0,1,0,0,84,19,1431.0570369816978,2.5,983.3833681469924
1400,3.9318256327243257,8.699681400989514,6,1929,1950,0.0,1.0,2.0,0.0,1.0,862,2.0,6.85751406254539,208,7.055312843339752,1,1.0,5,1,4.0,2.0,1,208,0,0,0,0,0,0,1,0,0,0,0,0,0,0,79,58,1076.8575140625453,1.0,869.0553128433397
1401,4.143134726391533,8.91139510724569,6,2004,2004,0.0,1.0,2.0,0.0,6.0,839,4.0,6.762729506931879,729,7.374001859350161,2,1.0,8,1,3.0,3.0,2,398,100,75,0,0,1,1,1,0,0,1,1,0,0,0,4,4,1574.762729506932,3.5,846.3740018593502
1402,4.174387269895637,8.81922185757494,7,2006,2006,0.0,2.0,3.0,2.0,1.0,1286,4.0,7.166265974133638,0,7.166265974133638,2,2.0,6,1,4.0,2.0,2,662,168,55,0,0,1,1,1,0,0,1,1,0,1,1,0,0,1293.1662659741337,2.0,1293.1662659741337
1403,3.912023005428146,9.632793693113202,8,2007,2007,4.442651256490317,2.0,3.0,3.0,6.0,1485,4.0,7.289610521451167,0,7.289610521451167,2,2.0,6,0,0.0,1.0,3,754,168,160,0,0,1,1,0,1,0,1,1,0,0,0,0,0,1492.289610521451,3.0,1492.289610521451
1404,4.110873864173311,9.250618218474752,3,1915,1950,0.0,1.0,2.0,0.0,1.0,672,2.0,6.543911845564792,520,7.102499355774649,1,1.0,6,0,0.0,1.0,3,936,216,0,0,0,0,0,1,0,0,1,0,1,0,0,91,56,1198.5439118455647,1.0,679.1024993557746
1405,3.8066624897703196,8.254008590564844,8,2004,2005,5.1647859739235145,2.0,4.0,3.0,6.0,1594,4.0,7.4067107301776405,0,7.4067107301776405,2,2.0,5,1,4.0,3.0,2,482,128,53,0,0,0,0,0,1,0,1,1,0,0,0,4,3,1601.4067107301776,3.5,1601.4067107301776
1406,4.2626798770413155,9.041448235493888,5,1972,2007,0.0,1.0,3.0,2.0,6.0,768,2.0,6.645090969505644,0,6.645090969505644,1,1.0,5,0,0.0,1.0,2,396,58,0,0,0,0,0,1,0,1,0,0,1,0,0,37,2,774.6450909695056,2.0,774.6450909695056
1407,4.248495242049359,9.080345575359996,5,1985,1985,0.0,1.0,2.0,0.0,5.0,833,4.0,6.726233402358747,0,6.726233402358747,1,1.0,5,0,0.0,0.0,0,0,0,0,0,0,0,0,1,0,1,0,0,0,0,0,24,24,839.7262334023587,2.0,839.7262334023587
1408,4.110873864173311,8.954286157204713,4,1910,1950,0.0,1.0,1.0,0.0,1.0,622,3.0,6.60934924316738,622,7.218176838403408,1,1.0,6,0,0.0,1.0,2,528,0,0,0,0,1,1,1,0,1,0,0,1,0,0,100,60,1250.6093492431673,1.0,629.2181768384035
1409,3.8501476017100584,9.93037288131751,7,1986,1991,4.820281565605037,1.0,3.0,0.0,1.0,791,3.0,7.1204443723924875,857,7.646831391430482,2,1.0,7,1,3.0,3.0,2,542,364,63,0,0,0,0,0,0,1,0,1,0,0,0,22,17,1655.1204443723925,2.5,798.6468313914305
1410,4.382026634673881,9.427143867544194,7,2001,2001,0.0,2.0,3.0,0.0,6.0,944,4.0,6.851184927493743,896,7.518064181233078,2,2.0,6,0,0.0,2.0,2,622,0,45,0,0,1,1,1,0,0,1,1,0,0,0,8,8,1846.8511849274937,3.5,951.5180641812331
1411,4.394449154672439,9.169622538697624,6,1950,2005,0.0,1.0,2.0,0.0,4.0,856,4.0,7.014814351275545,556,7.419979923661835,1,1.0,6,0,0.0,1.0,1,271,0,0,0,0,1,1,1,0,1,0,1,0,0,0,59,4,1419.0148143512756,1.5,863.4199799236618
1412,4.110873864173311,8.881975184248867,4,1949,1950,0.0,1.0,0.0,0.0,0.0,0,1.0,6.947937068614969,0,6.947937068614969,2,1.0,6,0,0.0,1.0,2,420,0,0,0,0,0,0,1,0,0,0,0,1,0,0,60,59,6.947937068614969,2.0,6.947937068614969
1413,4.48863636973214,9.305195902988862,8,2005,2006,5.905361848054571,2.0,3.0,0.0,6.0,1844,4.0,7.520234556474628,0,7.520234556474628,2,2.0,7,1,4.0,3.0,2,620,165,44,0,0,1,1,0,1,0,1,1,0,0,0,4,3,1851.5202345564746,3.0,1851.5202345564746
1414,4.174387269895637,9.476849879195163,6,1923,2000,0.0,1.0,2.0,0.0,1.0,833,3.0,6.960347729101308,795,7.522400231387125,1,2.0,8,1,4.0,1.0,2,370,0,0,0,0,0,0,1,0,0,0,0,1,0,0,85,8,1634.9603477291012,1.5,840.5224002313871
1415,3.9512437185814275,8.19863945529737,7,2007,2007,4.875197323201151,2.0,3.0,0.0,5.0,1386,4.0,7.358830898342354,0,7.358830898342354,2,2.0,7,1,3.0,2.0,3,660,143,20,0,0,1,1,0,0,0,1,1,0,0,0,2,2,1393.3588308983424,2.5,1393.3588308983424
1416,4.110873864173311,9.33617975681533,4,1885,1950,0.0,1.0,2.0,0.0,1.0,777,3.0,7.1284959456800365,1044,7.736743682453495,2,1.0,11,0,0.0,1.0,2,560,0,0,0,0,1,0,1,0,0,1,0,1,0,0,125,60,1828.12849594568,2.0,784.7367436824535
1417,4.248495242049359,9.713899659750128,8,1998,1998,6.595780513961311,2.0,3.0,1.0,6.0,1284,4.0,7.1785454837637,1140,7.804251383528112,2,2.0,7,1,3.0,3.0,3,1069,0,126,1,0,1,1,0,0,0,1,1,0,0,0,11,11,2431.1785454837636,3.5,1291.804251383528
1418,4.276666119016055,9.127502093667179,5,1963,1963,0.0,1.0,2.0,0.0,4.0,1144,2.0,7.0431599159883405,0,7.0431599159883405,1,1.0,6,0,0.0,1.0,1,336,0,88,0,0,0,0,1,0,1,0,0,1,0,0,45,45,1151.0431599159883,2.5,1151.0431599159883
1419,4.248495242049359,9.703938450075547,6,1969,1969,5.746203190540153,2.0,2.0,2.0,3.0,1844,3.0,7.520234556474628,0,7.520234556474628,2,2.0,7,1,3.0,2.0,2,540,0,73,0,0,0,0,0,0,1,0,1,0,0,0,37,37,1851.5202345564746,3.0,1851.5202345564746
1420,4.51085950651685,9.367429587218957,6,1968,1968,6.042632833682381,1.0,2.0,0.0,5.0,708,3.0,6.5638555265321274,708,7.256297239690681,2,1.0,7,1,3.0,2.0,2,776,0,169,0,0,0,0,0,0,1,0,1,0,0,0,38,38,1422.5638555265323,2.5,715.2562972396906
1421,3.9889840465642745,8.304989580140361,6,1977,1977,0.0,1.0,3.0,0.0,5.0,1069,2.0,6.975413927455952,0,6.975413927455952,2,1.0,4,1,2.0,2.0,2,440,0,55,0,0,0,0,1,0,1,0,1,0,0,0,33,33,1075.975413927456,2.0,1075.975413927456
1422,3.6375861597263857,8.397508348470257,6,2003,2003,5.14166355650266,2.0,3.0,2.0,6.0,848,4.0,6.744059186311348,0,6.744059186311348,1,2.0,3,0,0.0,3.0,2,420,140,0,0,0,1,1,0,0,0,1,1,0,0,0,5,5,854.7440591863113,2.0,854.7440591863113
1423,4.248495242049359,9.88791695754517,6,1966,1966,0.0,2.0,3.0,2.0,1.0,697,2.0,7.362645270417825,626,7.697121317282625,2,2.0,8,1,4.0,1.0,2,432,586,236,0,0,0,0,1,0,1,0,1,0,0,0,40,40,1330.362645270418,2.0,704.6971213172826
1424,4.248495242049359,9.159468041602427,5,1958,1983,0.0,1.0,2.0,0.0,5.0,1024,2.0,7.20414929203594,0,7.20414929203594,1,1.0,6,1,3.0,1.0,1,484,316,28,0,0,0,0,1,0,1,0,0,1,0,0,49,24,1031.204149292036,2.0,1031.204149292036
1425,4.394449154672439,9.280052984387483,6,1959,1959,5.497168225293202,2.0,2.0,0.0,1.0,1252,4.0,7.133295954896068,0,7.133295954896068,1,2.0,7,0,0.0,1.0,2,528,0,39,0,0,0,0,0,1,1,0,0,1,0,0,49,49,1259.133295954896,1.0,1259.133295954896
1426,4.406719247264253,9.300638009956963,7,1994,1994,6.1070228877422545,2.0,3.0,0.0,6.0,1223,4.0,7.1098794630722715,904,7.662937850461535,2,2.0,5,2,3.0,2.0,2,525,171,132,1,0,1,1,0,0,0,1,1,0,0,0,14,14,2134.1098794630725,3.5,1230.6629378504615
1427,4.110873864173311,9.299358068293836,5,1945,1950,0.0,1.0,2.0,0.0,4.0,913,2.0,6.955592608396297,510,7.351799869057777,1,1.0,6,1,3.0,1.0,1,288,0,0,0,0,0,0,1,0,1,0,1,0,0,0,63,58,1429.9555926083963,2.5,920.3517998690578
1428,4.110873864173311,8.881975184248867,5,1940,1992,5.68697535633982,1.0,2.0,0.0,4.0,788,2.0,6.690842277418564,0,6.690842277418564,1,2.0,4,2,4.0,1.0,1,240,0,0,0,0,0,0,0,1,1,0,1,0,0,0,70,18,794.6908422774186,2.0,794.6908422774186
1429,4.248495242049359,9.4372368721597,6,1981,1981,5.739792912179234,2.0,3.0,0.0,4.0,1440,4.0,7.273092595999522,0,7.273092595999522,2,2.0,7,1,3.0,3.0,2,467,0,0,0,0,0,0,0,0,1,0,1,0,0,0,26,26,1447.2730925959995,2.0,1447.2730925959995
1430,4.110873864173311,9.995656440007505,5,2005,2005,0.0,2.0,3.0,2.0,1.0,732,4.0,6.5998704992128365,1104,7.516977224604321,2,1.0,7,1,4.0,3.0,2,372,100,40,0,0,1,1,1,0,0,1,0,0,0,0,1,1,1842.5998704992128,2.5,739.5169772246044
1431,4.248495242049359,8.502891406705377,6,1976,1976,0.0,1.0,3.0,0.0,2.0,958,2.0,6.8658910748834385,0,6.8658910748834385,2,1.0,5,0,0.0,2.0,2,440,0,60,0,0,0,0,1,0,1,0,1,0,0,0,33,33,964.8658910748834,2.0,964.8658910748834
1432,4.110873864173311,9.287394001418473,4,1927,2007,0.0,1.0,2.0,0.0,1.0,656,2.0,6.876264611890766,0,6.876264611890766,2,1.0,5,0,0.0,1.0,1,216,0,0,0,0,0,0,1,0,0,0,0,1,0,0,80,0,662.8762646118907,2.0,662.8762646118907
1433,4.543294782270004,9.23620303150191,6,2000,2000,5.765191102784844,1.0,3.0,0.0,1.0,936,4.0,6.870053411798126,830,7.491645473605133,2,1.0,8,1,3.0,3.0,2,451,0,0,0,0,1,1,0,0,0,1,1,0,0,0,8,8,1772.8700534117982,3.5,943.4916454736051
1434,4.394449154672439,9.76428295481558,5,1977,1977,0.0,1.0,2.0,0.0,5.0,1126,1.0,7.027314514039777,0,7.027314514039777,2,1.0,5,1,4.0,2.0,2,484,295,41,0,0,0,0,1,0,1,0,1,0,0,0,29,29,1133.0273145140397,3.0,1133.0273145140397
1435,4.394449154672439,9.036106025364846,6,1962,2005,5.472270673671475,2.0,2.0,0.0,1.0,1319,2.0,7.338238150065589,0,7.338238150065589,1,2.0,7,1,4.0,2.0,2,462,0,36,0,0,0,0,0,0,1,0,1,0,0,0,46,3,1326.3382381500655,2.5,1326.3382381500655
1436,4.110873864173311,9.105090961257085,4,1971,1971,0.0,1.0,2.0,0.0,5.0,864,2.0,6.762729506931879,0,6.762729506931879,1,1.0,5,0,0.0,1.0,2,528,0,0,0,0,0,0,1,0,0,1,0,1,0,0,36,36,870.7627295069319,1.0,870.7627295069319
1437,4.574710978503383,9.429074214801693,8,2008,2008,6.056784013228625,3.0,4.0,2.0,6.0,1932,4.0,7.566828479208331,0,7.566828479208331,2,3.0,7,1,4.0,3.0,3,774,0,66,0,1,1,1,0,1,0,1,1,0,1,1,0,0,1939.5668284792084,3.0,1939.5668284792084
1438,4.51085950651685,8.910315776326016,6,1957,1996,0.0,1.0,2.0,0.0,6.0,912,2.0,7.1204443723924875,0,7.1204443723924875,1,1.0,6,0,0.0,1.0,2,923,0,158,0,0,0,0,1,0,1,0,1,0,0,0,53,14,919.1204443723925,2.0,919.1204443723925
1439,4.394449154672439,9.357466436866476,7,1979,1979,4.574710978503383,1.0,2.0,0.0,6.0,539,2.0,6.947937068614969,685,7.453561871643373,2,1.0,6,1,3.0,2.0,2,550,0,88,0,0,0,0,0,0,1,0,1,0,0,0,28,28,1230.947937068615,2.5,546.4535618716434
1440,4.382026634673881,9.352447388601012,6,1922,1994,0.0,1.0,4.0,0.0,1.0,588,1.0,7.261225091971921,748,7.846198815497425,2,1.0,11,1,4.0,3.0,2,672,431,0,0,0,0,0,1,0,0,0,0,1,0,0,86,14,1343.261225091972,2.0,595.8461988154975
1441,4.248495242049359,8.395477432732141,6,2004,2004,4.997212273764115,2.0,3.0,2.0,6.0,848,4.0,6.744059186311348,0,6.744059186311348,1,2.0,3,1,3.0,2.0,2,420,149,0,0,0,1,1,0,0,0,1,1,0,0,0,4,4,854.7440591863113,2.0,854.7440591863113
1442,4.454347296253507,9.306014122044465,10,2008,2008,5.081404364984463,3.0,4.0,2.0,6.0,1017,4.0,6.934397209928558,981,7.60489448081162,2,3.0,10,1,5.0,3.0,3,812,168,52,0,0,1,1,0,1,0,1,1,0,0,0,1,1,2004.9343972099286,3.5,1024.6048944808117
1443,4.248495242049359,9.088737550216933,6,1916,1950,0.0,1.0,2.0,0.0,1.0,952,1.0,6.859614903654202,0,6.859614903654202,1,0.0,4,1,4.0,1.0,1,192,0,98,0,0,0,0,1,0,0,0,0,1,0,0,93,59,958.8596149036542,1.0,958.8596149036542
1444,4.1588830833596715,9.04793908261736,7,2004,2004,4.672828834461906,2.0,3.0,2.0,1.0,1422,4.0,7.260522598089852,0,7.260522598089852,2,2.0,7,0,0.0,2.0,2,626,192,60,0,0,1,1,0,0,0,1,1,0,0,0,3,3,1429.26052259809,2.0,1429.26052259809
1445,4.2626798770413155,9.036106025364846,6,1966,1966,0.0,1.0,2.0,3.0,2.0,814,3.0,6.81783057145415,0,6.81783057145415,1,1.0,6,0,0.0,1.0,1,240,0,0,0,0,1,1,1,0,1,0,0,1,0,0,41,41,820.8178305714541,2.0,820.8178305714541
1446,4.248495242049359,10.17133674723419,5,1962,1962,5.247024072160486,1.0,2.0,0.0,3.0,1188,2.0,7.080867896690782,0,7.080867896690782,1,1.0,6,0,0.0,1.0,1,312,261,39,0,0,0,0,0,0,1,0,1,0,0,0,48,48,1195.0808678966907,1.0,1195.0808678966907
1447,4.394449154672439,9.210440366976517,8,1995,1996,6.0844994130751715,2.0,3.0,0.0,6.0,1220,4.0,7.107425474110705,870,7.645397699428633,2,2.0,8,1,3.0,2.0,2,556,0,65,0,0,1,1,0,0,0,1,1,0,0,0,12,11,2097.1074254741106,3.5,1227.6453976994287
1448,4.2626798770413155,9.373139262281274,4,1910,2000,0.0,1.0,1.0,0.0,1.0,560,3.0,6.680854678790215,550,7.205635176410364,1,1.0,6,0,0.0,1.0,1,384,168,24,0,0,0,0,1,0,1,0,0,1,0,0,97,7,1116.6808546787902,1.5,567.2056351764104
1449,3.091042453358316,7.335633981927201,5,1970,1970,0.0,1.0,3.0,2.0,6.0,630,4.0,6.447305862541213,0,6.447305862541213,1,3.0,3,0,0.0,0.0,0,0,0,0,0,0,0,0,1,0,1,0,0,0,0,0,36,36,636.4473058625412,2.0,636.4473058625412
1450,4.110873864173311,9.105090961257085,5,1974,1974,0.0,1.0,3.0,0.0,1.0,896,2.0,6.799055862058796,896,7.491645473605133,2,1.0,8,0,0.0,0.0,0,0,32,45,0,0,1,1,1,0,1,0,0,0,0,0,35,35,1798.7990558620588,3.0,903.4916454736051
1451,4.3694478524670215,9.133783249254028,8,2008,2009,5.272999558563747,2.0,3.0,0.0,1.0,1573,4.0,7.364547014255642,0,7.364547014255642,2,3.0,7,1,4.0,3.0,3,840,0,36,0,0,0,0,0,1,0,1,1,0,1,1,1,0,1580.3645470142555,2.0,1580.3645470142555
1452,3.58351893845611,8.209580483475577,5,2005,2005,4.394449154672439,1.0,3.0,3.0,6.0,547,3.0,6.9782137426306985,0,6.9782137426306985,1,1.0,5,0,0.0,3.0,2,525,0,28,0,0,1,1,0,0,0,1,0,0,0,0,1,1,553.9782137426307,2.0,553.9782137426307
1453,4.51085950651685,9.7537106272179,5,2006,2006,0.0,1.0,3.0,0.0,1.0,1140,4.0,7.039660349862076,0,7.039660349862076,1,1.0,6,0,0.0,0.0,0,0,36,56,0,0,1,1,1,0,0,1,0,0,0,0,0,0,1147.039660349862,1.0,1147.039660349862
1454,4.143134726391533,8.922791623969637,7,2004,2005,0.0,2.0,3.0,0.0,6.0,1221,4.0,7.108244139731541,0,7.108244139731541,2,2.0,6,0,0.0,2.0,2,400,0,113,0,0,1,1,1,0,0,1,1,0,0,0,5,4,1228.1082441397316,3.0,1228.1082441397316
1455,4.143134726391533,8.976893927666076,6,1999,2000,0.0,1.0,3.0,0.0,1.0,953,4.0,6.860663671448287,694,7.4073177104694174,2,1.0,7,1,3.0,2.0,2,460,0,40,0,0,1,1,1,0,0,1,1,0,0,0,8,7,1653.8606636714483,2.5,960.4073177104694
1456,4.454347296253507,9.486152271857476,6,1978,1988,4.787491742782046,1.0,3.0,0.0,5.0,1542,2.0,7.637234388789473,0,7.637234388789473,2,1.0,7,2,3.0,1.0,2,500,349,0,0,0,0,0,0,1,1,0,1,0,0,0,32,22,1549.6372343887895,3.0,1549.6372343887895
1457,4.204692619390966,9.10974625674048,7,1941,2006,0.0,3.0,2.0,0.0,6.0,1152,4.0,7.080867896690782,1152,7.75833346749091,2,2.0,9,2,4.0,2.0,1,252,0,60,0,0,0,0,1,0,0,0,1,0,0,0,69,4,2311.0808678966905,2.0,1159.758333467491
1458,4.23410650459726,9.181735114965848,5,1950,1996,0.0,1.0,2.0,1.0,6.0,1078,3.0,6.983789965258135,0,6.983789965258135,1,2.0,5,0,0.0,1.0,1,240,366,0,0,0,0,0,1,0,1,0,1,0,0,0,60,14,1084.9837899652582,2.0,1084.9837899652582
1459,4.330733340286331,9.204121072162266,5,1965,1965,0.0,2.0,2.0,0.0,4.0,1256,3.0,7.136483208590247,0,7.136483208590247,1,1.0,6,0,0.0,3.0,1,276,736,68,0,0,0,0,1,0,1,0,1,0,0,0,43,43,1263.1364832085903,2.5,1263.1364832085903
