OverallQual,TotalSf,GrLivArea,1stFlrSF,LotArea,TotalLivArea,TotalBathrooms,YearBuilt,HouseAge,GarageArea
7,1311.4283331941908,7.428333194190806,7.428333194190806,9.249657234353132,1311.4283331941908,2.0,1970,38,530
5,553.9782137426307,6.9782137426306985,6.9782137426306985,8.209580483475577,553.9782137426307,2.0,2005,1,525
7,1545.6398758338264,7.344719054149673,6.639875833826536,9.0642735958414,763.3447190541497,2.5,2009,1,614
9,1912.5527620842145,7.552762084214147,7.552762084214147,9.364862411412354,1912.5527620842145,2.0,2006,1,788
7,1639.7190131543853,7.415776975415394,6.71901315438526,9.275003885301905,806.4157769754154,3.5,1996,13,550
6,1255.2086003379602,7.208600337960199,7.208600337960199,9.10731047165664,1255.2086003379602,2.5,1964,44,520
6,1851.9622434642663,7.520776415062797,6.962243464266207,9.325364048544964,1062.5207764150628,2.5,1992,18,462
5,1119.9295167707637,7.379008127628304,6.92951677076365,9.53430615650521,540.3790081276283,1.5,1958,50,300
6,1504.5395859556177,7.312553498102598,6.539585955617669,9.47516315028188,698.3125534981026,2.5,1995,11,409
7,1953.899723107285,7.57455848420248,6.899723107284872,9.437714959818209,998.5745584842024,2.5,2004,6,678
5,1105.0021559544036,7.002155954403621,7.002155954403621,8.908018322784887,1105.0021559544036,2.0,1955,53,260
6,1060.96129604591,6.961296045910167,6.961296045910167,9.18512512283512,1060.96129604591,2.5,1969,39,460
5,934.8341087388138,6.834108738813838,6.834108738813838,8.699681400989514,934.8341087388138,1.0,1957,51,288
7,1720.0335064842875,7.507141079727608,7.033506484287697,9.11833472618016,1033.5071410797275,3.0,1925,83,240
7,1829.431299675156,8.03365842788615,7.431299675155903,9.671807670199632,832.0336584278862,3.5,1920,89,672
4,1795.0076006139518,7.489412083508719,7.007600613951853,9.328212292571072,1111.4894120835088,2.0,1957,52,304
5,1028.9304947659516,6.930494765951626,6.930494765951626,8.881975184248867,1028.9304947659516,2.0,1910,99,280
7,1281.1507014575925,7.150701457592526,7.150701457592526,9.08421009483197,1281.1507014575925,3.0,2005,2,508
9,2499.0343879299157,7.826044013518965,7.034387929915503,9.323579767582691,1129.8260440135189,2.5,2005,3,656
9,2124.2977682825317,7.675081857716334,7.29776828253138,9.310276200588785,1447.6750818577163,3.5,2000,9,736
8,2038.0290875641497,7.616775808698373,7.029087564149662,9.156306483483696,1135.6167758086983,3.5,2002,6,577
6,1534.966967138614,7.509335266016592,6.966967138613983,9.51162944783418,771.5093352660166,1.0,1919,88,520
5,1014.9167150203536,6.9167150203536085,6.9167150203536085,9.343646739284408,1014.9167150203536,1.0,1954,52,275
5,446.5439118455648,6.543911845564792,6.543911845564792,8.361941906144946,446.5439118455648,1.0,1913,94,352
6,1735.4552984856832,7.455298485683291,7.455298485683291,9.444700778495555,1735.4552984856832,2.0,1976,30,574
7,1595.3708601665369,7.370860166536716,7.370860166536716,9.236495329453032,1595.3708601665369,2.0,1999,7,472
5,1399.2392149737798,7.239214973779806,7.239214973779806,9.336267928573973,1399.2392149737798,2.5,1957,53,528
10,4468.788211557847,8.406708458240965,7.788211557847076,9.656563472556517,2404.406708458241,4.5,1996,11,813
7,1623.0578979374118,7.585788821732034,7.057897937411856,9.38873757187798,815.5857888217321,2.5,1977,30,534
7,1353.316548177183,7.316548177182976,7.316548177182976,8.065579427282092,1353.316548177183,2.0,2005,4,457
5,1283.1522688560326,7.152268856032539,7.152268856032539,9.166597449028265,1283.1522688560326,1.0,1958,51,350
9,1807.496097345176,7.496097345175956,7.496097345175956,9.386308454797962,1807.496097345176,2.0,2007,2,702
6,822.70563909486,6.705639094860003,6.705639094860003,9.37940781309172,822.70563909486,2.0,1990,17,0
5,6.947937068614969,6.947937068614969,6.947937068614969,8.881975184248867,6.947937068614969,1.0,1950,56,625
5,930.8297937375124,6.829793737512425,6.829793737512425,8.986071187374463,930.8297937375124,1.0,1975,33,280
6,838.7250336421669,6.725033642166843,6.725033642166843,8.885717651712119,838.7250336421669,1.0,1954,54,528
7,1866.863803391453,7.54274354536855,6.863803391452954,9.32500744695431,937.5427435453686,2.5,1998,8,431
7,2165.6948480723845,7.69484807238461,7.69484807238461,9.59458184363272,2165.6948480723845,2.0,1990,19,701
5,1045.946975992135,6.946975992135418,6.946975992135418,9.360999248261296,1045.946975992135,2.5,1965,45,504
5,1277.5806391372848,7.148345743900068,6.580639137284949,9.965851836732678,727.1483457439001,2.0,1948,60,312
5,1273.869014450666,7.221105098182496,6.8690144506657065,9.036701015565065,868.2211050981825,2.0,1900,108,384
7,1655.1204443723925,7.646831391430482,7.120444372392488,9.93037288131751,798.6468313914305,2.5,1986,22,542
5,870.7627295069319,6.762729506931879,6.762729506931879,9.650142492488795,870.7627295069319,2.0,1972,37,338
6,1559.4383835300443,7.803026643632217,7.438383530044307,9.173572647783969,811.8030266436322,2.0,1919,91,336
6,942.9612960459102,6.961296045910167,6.961296045910167,9.082620630373812,942.9612960459102,2.0,1963,47,480
5,1127.021976423072,7.02197642307216,7.02197642307216,9.03634406392822,1127.021976423072,1.0,2007,0,0
7,1623.3883278595772,7.388327859577107,7.388327859577107,9.069813136839208,1623.3883278595772,2.0,2005,1,834
5,1079.9791452750687,6.97914527506881,6.97914527506881,9.238927828828094,1079.9791452750687,2.5,1965,42,515
5,1396.2370590261248,7.237059026124737,7.237059026124737,9.211439767419485,1396.2370590261248,2.0,1974,32,418
4,867.7592552706637,6.759255270663693,6.759255270663693,9.42084437974393,867.7592552706637,1.0,1940,69,539
7,1126.356107660696,7.035268599281097,6.356107660695892,8.881975184248867,567.0352685992812,2.0,1936,73,576
8,2835.290974778143,7.947678571301568,7.290974778142981,9.20693457884135,1473.9476785713016,4.0,2006,1,1052
8,1602.3883278595772,7.388327859577107,7.388327859577107,8.592300663903043,1602.3883278595772,3.0,1995,15,608
5,1444.271008538281,7.271008538280992,7.271008538280992,9.28442691532888,1444.271008538281,3.0,1976,31,528
7,1637.396948602621,7.396948602621014,7.396948602621014,9.18512512283512,1637.396948602621,2.0,2000,9,451
8,1807.496097345176,7.496097345175956,7.496097345175956,9.570250078424843,1807.496097345176,3.0,2002,4,765
6,1295.9985096422506,7.526178913346146,6.9985096422506015,9.169622538697624,535.5261789133461,2.5,1976,31,512
6,1630.7945865808765,7.424165281042028,6.794586580876499,10.113870026547724,848.4241652810421,2.5,1999,10,502
7,2090.863803391453,7.642524134232902,6.863803391452954,9.224539091375997,963.6425241342328,3.5,2004,6,618
5,1117.4248690239056,7.013915474810528,6.424869023905388,9.114379980830272,623.0139154748106,1.5,1941,67,200
3,276.59304453414245,6.593044534142437,6.593044534142437,8.326274787396764,276.59304453414245,1.0,1935,73,0
6,1369.3696007205265,7.369600720526409,7.369600720526409,9.743553514619803,1369.3696007205265,2.0,1979,30,435
9,2223.711996507048,7.711996507047669,7.711996507047669,9.76560384517274,2223.711996507048,3.0,2008,1,1166
4,864.7557689219842,6.755768921984255,6.755768921984255,9.002824076547672,864.7557689219842,1.0,1971,35,0
5,839.7262334023587,6.726233402358747,6.726233402358747,9.080345575359996,839.7262334023587,2.0,1985,24,0
5,938.15773548425,7.157735484249907,7.157735484249907,8.957252944288902,938.15773548425,2.0,1962,46,506
6,1423.4054956631994,7.405495663199472,7.405495663199472,9.169622538697624,1423.4054956631994,2.0,1953,56,418
6,1390.2327331361776,7.232733136177615,7.232733136177615,9.358846580275406,1390.2327331361776,1.5,1960,46,292
6,1549.6372343887897,7.637234388789473,7.637234388789473,9.486152271857476,1549.6372343887897,3.0,1978,32,500
5,1237.8658910748834,7.339537695407674,6.865891074883439,9.25349564229011,657.3395376954077,2.0,1904,104,686
7,1559.3479438231486,7.347943823148687,7.347943823148687,9.218804450388312,1559.3479438231486,2.0,2005,1,782
5,931.8308742346462,6.83087423464618,6.83087423464618,9.116139576577355,931.8308742346462,1.5,1965,44,429
7,1421.254884810077,7.254884810077338,7.254884810077338,9.07954808172616,1421.254884810077,2.0,2004,6,494
3,1019.9216581841512,7.331060305218632,6.921658184151129,9.044403844431551,1020.3310603052188,1.0,1915,94,0
5,1633.4460014983242,7.44600149832412,7.44600149832412,9.035272443893536,1633.4460014983242,2.0,1959,47,588
8,1716.4489161025442,7.4489161025442,7.4489161025442,9.318925682389624,1716.4489161025442,2.0,2006,3,908
5,1303.9939329752233,7.467942332285852,6.993932975223189,9.105090961257083,643.4679423322858,1.0,1880,126,240
6,1094.6682282484176,7.0707241072602764,6.668228248417403,8.699681400989514,705.0707241072603,1.0,1937,72,624
8,1895.2827611796056,7.5688956634069955,7.282761179605593,9.323222529032856,1413.568895663407,2.5,2000,6,504
4,864.7557689219842,6.755768921984255,6.755768921984255,8.901230352110781,864.7557689219842,1.0,1971,36,684
8,1925.9847163201184,7.560080465021827,6.984716320118266,9.655795128300506,1086.560080465022,2.5,2006,0,685
7,1366.9067547786483,7.47477218239787,6.906754778648554,8.881975184248867,603.4747721823978,2.5,1920,86,576
5,1735.4552984856832,7.455298485683291,7.455298485683291,9.480520169291822,1735.4552984856832,2.0,1965,43,576
7,1632.6398758338264,7.394493107219038,6.639875833826536,7.803435056952168,771.3944931072191,3.5,2003,5,474
7,1492.499787040656,7.311218384419629,6.499787040655854,9.747126097411703,661.3112183844196,3.5,2006,0,426
6,774.6732979677677,6.673297967767654,6.673297967767654,8.747193183526933,774.6732979677677,1.0,1930,78,160
7,1593.0414116637949,7.568379267836522,7.04141166379481,9.42424134192346,800.5683792678366,2.5,1976,31,550
7,1676.0021559544036,7.583247524303362,7.002155954403621,9.257319373170178,810.5832475243034,2.5,1976,32,483
8,1427.7262334023587,7.418780882750794,6.726233402358747,8.537191877922927,595.4187808827508,1.0,1925,83,228
5,991.8936563546026,6.893656354602635,6.893656354602635,9.034318927730707,991.8936563546026,2.0,1977,31,328
7,1365.2145044141512,7.214504414151143,7.214504414151143,9.011767474596178,1365.2145044141512,3.0,2004,4,484
6,854.7440591863113,6.744059186311348,6.744059186311348,8.395477432732141,854.7440591863113,2.0,2004,6,420
8,1942.021976423072,7.58629630715272,7.02197642307216,9.311632623458054,1092.586296307153,2.5,2006,0,753
8,2053.624130585661,7.624130585661289,7.624130585661289,9.379661116592883,2053.624130585661,2.5,2008,1,834
7,1871.900730664045,7.531552381407289,6.900730664045173,9.241548299100376,999.5315523814072,3.5,2000,8,839
6,1540.2765564027186,7.666221925662725,7.27655640271871,9.383368881858544,851.6662219256627,2.0,1916,93,441
7,2628.224753405768,7.881182202227102,7.224753405767971,9.200391041122517,1354.8811822022271,3.5,1993,16,656
6,919.1204443723924,7.120444372392488,7.120444372392488,8.910315776326016,919.1204443723924,2.0,1957,53,923
5,870.805722553417,6.805722553416985,6.805722553416985,9.092232283495854,870.805722553417,2.0,1983,23,484
5,918.8167358805948,6.816735880594968,6.816735880594968,9.470317173335742,918.8167358805948,2.0,1962,46,352
6,1087.4127640174263,7.412764017426562,7.412764017426562,10.366309203003638,1087.4127640174263,2.0,1960,50,528
6,1369.2320103316647,7.232010331664759,7.232010331664759,9.867704922396356,1369.2320103316647,2.0,1962,47,884
5,7.611347717403621,7.611347717403621,7.611347717403621,9.036106025364846,7.611347717403621,2.0,1977,30,630
6,1016.959398512134,6.959398512133975,6.959398512133975,9.084436955087028,1016.959398512134,2.0,1971,39,440
8,2528.192182058713,7.836764783264067,7.192182058713246,9.413934064045677,1325.836764783264,2.5,1995,12,752
8,1858.912742820493,7.52456122628536,6.912742820493176,9.112396727646056,1011.5245612262854,2.5,1999,9,660
8,1667.4151751096133,7.415175109613295,7.415175109613295,9.228474942171664,1667.4151751096133,3.0,2006,0,500
9,1705.4442486494968,7.444248649496705,7.444248649496705,8.540909718033554,1705.4442486494968,3.0,1999,9,506
6,918.8167358805948,6.816735880594968,6.816735880594968,8.820108644508608,918.8167358805948,2.5,1961,47,288
6,1770.834108738814,7.475905969367397,6.834108738813838,9.64387450001194,935.4759059693674,3.5,1997,12,470
6,1389.6012301187288,7.241366283322318,6.601230118728877,9.4678467019179,730.2413662833223,2.0,1972,37,497
5,1046.947937068615,6.947937068614969,6.947937068614969,8.922791623969637,1046.947937068615,2.5,1963,47,308
10,2399.7803030879086,7.780303087908373,7.780303087908373,9.508442961755849,2399.7803030879086,2.0,2003,6,968
6,1110.006695226837,7.00669522683704,7.00669522683704,8.699681400989514,1110.006695226837,1.0,1925,81,440
8,2068.957497370877,7.639642287858013,6.957497370876951,9.287394001418471,1041.639642287858,3.5,2007,1,836
5,726.689599269179,6.689599269178967,6.689599269178967,8.517393171418904,726.689599269179,1.0,1941,66,360
6,1099.050122520269,7.050122520269059,7.050122520269059,9.546884034617923,1099.050122520269,1.5,1950,59,300
7,1060.068172000388,7.068172000388042,7.068172000388042,9.271059107010888,1060.068172000388,3.0,1974,36,528
4,725.9215784196438,6.996681488176539,5.921578419643816,8.630700432209832,6.996681488176539,2.0,1930,80,0
5,1645.7945865808765,7.487173694213739,6.794586580876499,9.48288342558516,754.4871736942138,1.5,1914,92,180
7,1275.109062135687,7.560601162768557,7.109062135687172,9.229456489168411,577.5606011627685,3.0,1968,38,487
7,1677.4211775285953,7.421177528595393,7.421177528595393,9.60642831827175,1677.4211775285953,2.0,2006,0,690
7,1229.2557500417531,7.109879463072272,6.255750041753367,7.841885928984623,607.1098794630723,2.5,2005,1,480
7,1508.4966524381682,7.496652438168283,7.496652438168283,9.655218482441182,1508.4966524381682,3.0,1959,51,484
5,1663.4127640174263,7.412764017426562,7.412764017426562,9.132054453577638,1663.4127640174263,2.0,1973,35,506
7,1518.869014450666,7.4489161025442,6.8690144506657065,9.164401140034736,763.4489161025442,2.0,1915,91,642
9,2577.2605225980897,7.863266724009573,7.260522598089852,9.6006918422743,1400.8632667240097,2.5,1999,11,779
5,1490.790097235514,7.405495663199472,6.790097235513905,9.15704507491796,735.4054956631994,1.5,1942,65,312
8,2475.0361484937503,7.81156848934518,7.036148493750536,9.400960731584831,1143.8115684893453,3.5,2004,3,872
5,1368.6808546787902,7.217443431696533,6.680854678790215,9.55506418479516,803.2174434316966,2.5,1993,16,480
8,1483.3031700512367,7.3031700512368,7.3031700512368,9.109193189971226,1483.3031700512367,2.0,2006,1,472
5,871.09090982208,7.090909822079984,7.090909822079984,9.130322663990151,871.09090982208,2.5,1965,41,884
6,1071.2086003379602,7.208600337960199,7.208600337960199,9.224341891611996,1071.2086003379602,2.0,1974,35,478
4,7.050122520269059,7.050122520269059,7.050122520269059,8.706324840138741,7.050122520269059,2.0,1955,53,0
7,1657.4271441334083,7.427144133408616,7.427144133408616,9.224341891611996,1657.4271441334083,3.0,1998,11,583
5,1097.7912214627263,7.273092595999522,6.7912214627261855,8.517393171418904,547.2730925959995,1.0,1900,106,352
5,1221.1024993557746,7.102499355774649,7.102499355774649,9.245321340871428,1221.1024993557746,2.0,1967,40,318
6,1485.587550014825,7.299797366758161,6.587550014824796,9.5117774096603,732.2997973667582,2.5,1976,34,475
8,1799.8046145200626,7.496652438168283,6.804614520062624,9.25569607369698,900.4966524381683,2.5,2005,1,800
6,1518.625392368008,7.309881485824786,6.625392368007956,8.922791623969637,778.3098814858248,1.0,1942,67,213
7,2279.334981878872,7.753623546559746,7.334981878871814,9.379238908437996,1482.7536235465598,3.5,1990,18,514
8,1595.3708601665369,7.370860166536716,7.370860166536716,9.210440366976515,1595.3708601665369,2.0,2006,1,825
6,662.0859014643656,7.085901464365611,7.085901464365611,9.09504174761272,662.0859014643656,1.5,1959,47,539
6,1486.3098814858247,7.309881485824786,7.309881485824786,9.13097243659261,1486.3098814858247,3.0,1997,9,576
8,3225.6275443904888,8.08301991917133,7.627544390488503,9.597030324758013,2041.0830199191716,3.5,1995,15,666
5,876.8189240652755,6.818924065275521,6.818924065275521,9.087833697483386,876.8189240652755,1.0,1996,10,576
7,1543.7250336421669,7.403670290012373,6.725033642166843,9.169622538697624,735.4036702900124,2.0,1925,81,546
5,1530.0290875641497,7.361375428977347,7.029087564149662,8.738895704934043,1085.3613754289777,2.0,1930,78,360
7,1379.2950564164626,7.29505641646263,7.29505641646263,9.55506418479516,1379.2950564164626,3.0,1980,29,588
6,1756.891625897052,7.467942332285852,6.891625897052253,9.434203664214742,990.4679423322858,3.0,1940,68,423
8,1774.7650389767805,7.478169694159785,6.765038976780541,9.284519770150434,873.4781696941598,2.5,2007,2,578
6,1203.087573705558,7.087573705557973,7.087573705557973,9.105090961257083,1203.087573705558,2.0,1956,52,297
4,7.027314514039777,7.027314514039777,7.027314514039777,9.08000387024818,7.027314514039777,2.0,1949,60,520
4,6.740519359606223,6.740519359606223,6.740519359606223,9.35018926709258,6.740519359606223,1.0,1957,52,290
5,1591.063903961472,7.585281078639126,7.063903961472068,9.312535884290853,791.5852810786391,3.0,1969,39,530
5,1062.8564619845947,7.108244139731541,6.856461984594587,9.1838937219612,791.1082441397316,2.0,1924,82,392
6,1374.5294188382622,7.221835825288449,6.529418838262226,8.188966863648876,691.2218358252884,1.0,1910,96,216
6,993.1820849067168,6.895682697747868,6.182084906716632,7.533693709848633,489.8956826977479,1.5,1970,38,280
7,917.274479558774,7.274479558773871,7.274479558773871,9.245514446983837,917.274479558774,3.0,1990,17,719
4,843.1074254741108,7.107425474110705,7.107425474110705,9.09133158539398,843.1074254741108,1.0,1951,55,396
7,1507.3138868316337,7.313886831633462,7.313886831633462,9.04640868029382,1507.3138868316337,2.0,2004,5,570
8,2431.178545483764,7.804251383528112,7.1785454837637,9.713899659750128,1291.804251383528,3.5,1998,11,1069
7,1954.699842407397,7.699842407396986,7.699842407396986,9.898525260706313,1954.699842407397,3.0,1970,40,576
7,1194.0975488506149,7.097548850614793,7.097548850614793,8.81922185757494,1194.0975488506149,3.0,2006,4,632
5,1801.957497370877,7.493317248862145,6.957497370876951,9.405166749908611,1057.4933172488622,2.0,1954,54,352
4,1447.2730925959995,7.273092595999522,7.273092595999522,8.950532836290382,1447.2730925959995,4.0,1977,30,0
6,1219.1008519089442,7.10085190894405,7.10085190894405,9.251578279992428,1219.1008519089442,2.0,2009,1,460
7,1117.3508857167149,7.013915474810528,6.35088571671474,8.648396877031582,579.0139154748106,1.0,1926,82,288
8,2689.0698741284587,7.906915488678587,7.069874128458572,9.100971834920818,1149.9069154886786,4.0,1976,32,831
7,1730.7810576259362,7.45298232946546,6.78105762593618,9.09661160664784,887.4529823294655,2.5,1998,10,527
6,1335.1921820587131,7.192182058713246,7.192182058713246,9.189218875354072,1335.1921820587131,2.5,1963,47,528
5,1058.959398512134,6.959398512133975,6.959398512133975,9.036106025364846,1058.959398512134,2.5,1968,38,288
8,2411.1716568227685,7.790696031174738,7.171656822768514,9.684086987500752,1295.7906960311748,2.5,1991,15,462
4,954.85540879861,6.855408798609928,6.855408798609928,9.010791269515602,954.85540879861,2.0,1954,53,280
7,1618.0361484937505,7.61085279039525,7.036148493750536,9.342683558963897,735.6108527903953,1.0,1910,99,532
4,446.7684932116486,6.76849321164863,6.76849321164863,8.682877107057168,446.7684932116486,1.0,1923,83,0
8,1561.3492308246134,7.349230824613334,7.349230824613334,8.431853144249223,1561.3492308246134,2.0,2006,1,627
6,1978.9966814881768,7.655864017616056,6.996681488176539,9.312535884290853,959.655864017616,2.5,1969,39,576
5,823.2562972396906,7.256297239690681,7.256297239690681,10.14013945387513,823.2562972396906,2.0,1918,89,576
6,1574.762729506932,7.374001859350161,6.762729506931879,8.91139510724569,846.3740018593502,3.5,2004,4,398
6,1168.2312870043277,7.231287004327616,7.231287004327616,9.144307401371744,1168.2312870043277,2.5,1972,38,676
6,1247.3981740929703,7.398174092970465,7.398174092970465,9.169622538697624,1247.3981740929703,3.0,1958,51,338
5,926.8617113404808,6.86171134048073,6.86171134048073,8.749256840105007,926.8617113404808,1.0,1938,69,240
7,1433.206575926725,7.56164174558878,6.206575926724928,8.895903562215581,7.56164174558878,3.0,2003,6,672
5,986.8885724595654,6.888572459565364,6.888572459565364,8.862908295118627,986.8885724595654,1.0,1977,32,484
7,1792.8254600362552,7.488293515159428,6.825460036255307,9.328212292571072,927.4882935151594,3.5,2001,7,608
8,1693.4354380198145,7.43543801981455,7.43543801981455,9.218804450388312,1693.4354380198145,3.0,2004,3,636
6,978.880384082186,6.880384082186005,6.880384082186005,8.987321812850125,978.880384082186,2.0,1948,61,240
5,1195.271008538281,7.271008538280992,7.271008538280992,9.559305672844864,1195.271008538281,2.5,1956,50,576
8,2269.962243464266,7.724888439323074,6.962243464266207,9.13140538388804,1062.724888439323,2.5,2001,7,905
7,1230.947937068615,7.453561871643373,6.947937068614969,9.357466436866476,546.4535618716434,2.5,1979,28,550
5,1077.1204443723925,7.120444372392488,7.120444372392488,9.211539652551664,1077.1204443723925,1.5,1957,49,447
5,1046.947937068615,6.947937068614969,6.947937068614969,8.93075873555827,1046.947937068615,1.0,1959,47,286
8,1711.4413203897177,7.4413203897176174,7.4413203897176174,9.348274558065496,1711.4413203897177,3.0,2007,3,772
6,1200.3290937362467,7.329093736246592,7.329093736246592,9.338029733117072,1200.3290937362467,2.5,1976,32,478
8,1496.3065313989396,7.306531398939505,7.306531398939505,9.325185763645225,1496.3065313989396,2.0,2006,0,776
7,1393.3588308983424,7.358830898342354,7.358830898342354,8.19863945529737,1393.3588308983424,2.5,2007,2,660
7,1219.1008519089442,7.10085190894405,7.10085190894405,9.116139576577355,1219.1008519089442,2.0,2001,8,573
7,1580.3613754289777,7.361375428977347,7.361375428977347,9.191055610564316,1580.3613754289777,3.0,2002,7,544
6,1516.9206715042487,7.490529402060711,6.920671504248683,9.249657234353132,739.4905294020607,3.0,1972,34,484
5,1834.9782137426307,7.3632795869630385,6.9782137426306985,9.970445020661009,1331.363279586963,3.5,1923,86,528
6,1734.762729506932,7.455298485683291,6.762729506931879,9.081597496083456,871.4552984856833,2.5,2003,5,673
8,1573.3783837129968,7.378383712996714,7.378383712996714,9.56317796268366,1573.3783837129968,2.0,2007,2,890
9,1929.5616417455888,7.56164174558878,7.56164174558878,9.558035114334135,1929.5616417455888,3.0,2005,2,676
7,1698.741700694652,7.434257382133135,6.741700694652055,9.484937204879309,853.4342573821332,2.5,2009,0,650
8,1663.4127640174263,7.412764017426562,7.412764017426562,9.314430080500564,1663.4127640174263,2.0,2006,1,826
4,647.954638864881,6.954638864880987,6.954638864880987,9.287394001418471,647.954638864881,1.0,1885,122,273
9,2735.522400231387,7.911690520708339,7.522400231387125,9.92485757827232,1855.9116905207084,3.5,2005,1,706
6,1432.2626286009745,7.262628600974241,7.262628600974241,9.227787285579904,1432.2626286009745,2.0,1964,44,576
6,958.8596149036542,6.859614903654202,6.859614903654202,9.088737550216932,958.8596149036542,1.0,1916,93,192
5,996.89871453433,6.898714534329988,6.898714534329988,9.515543058145951,996.89871453433,1.5,1995,11,576
6,944.8966943316228,6.8966943316227125,6.8966943316227125,9.973666387157374,944.8966943316228,2.0,1969,37,540
4,1062.9631899858705,6.963189985870238,6.963189985870238,9.093918908958932,1062.9631899858705,2.0,1966,40,384
9,1753.465655310134,7.465655310134056,7.465655310134056,9.608646582885868,1753.465655310134,3.0,2006,3,758
7,1671.786716950605,7.449498005382849,6.786716950605081,9.224440496354964,839.4494980053828,2.5,1998,11,427
5,527.2896105214512,7.289610521451167,7.289610521451167,9.46397433028839,527.2896105214512,2.5,1963,46,480
7,1666.7238324408213,7.415175109613295,6.723832440821209,9.097843340749035,838.4151751096133,2.5,2002,7,493
9,1759.4690838849212,7.469083884921234,7.469083884921234,8.943636705909594,1759.4690838849212,3.0,2005,5,576
5,2627.216709486709,7.8713112033234065,7.216709486709457,9.846440897156851,1368.871311203323,3.0,1977,30,600
10,4684.051659556842,8.450412157725886,8.051659556841953,10.599006917241129,3146.450412157726,4.5,2007,0,884
5,790.6656837177824,6.665683717782408,6.665683717782408,8.721113147762688,790.6656837177824,2.0,1924,84,0
4,1047.021976423072,7.02197642307216,7.02197642307216,8.849513965486398,1047.021976423072,2.5,1961,46,544
4,1058.2320103316647,7.232010331664759,7.232010331664759,9.326878188224134,1058.2320103316647,1.5,1963,43,459
6,1392.5117453296448,7.234898420314831,6.511745329644728,9.360224821513476,679.2348984203148,2.5,1978,32,440
1,5.814130531825066,5.814130531825066,5.814130531825066,8.517393171418904,5.814130531825066,1.0,1946,61,0
7,1206.3985949345351,7.090909822079984,6.398594934535208,8.065579427282092,607.09090982208,2.5,2004,6,480
7,1382.254884810077,7.254884810077338,7.254884810077338,8.030409562130485,1382.254884810077,2.0,2004,2,398
5,1591.3683396863114,7.368339686311381,7.368339686311381,9.09884999594282,1591.3683396863114,2.0,1967,42,792
8,1523.6758232216348,7.325148957955575,6.675823221634848,9.344521553442204,799.3251489579555,1.0,1929,77,400
6,1265.1380730340445,7.138073034044347,7.138073034044347,9.309370895439136,1265.1380730340445,2.5,1971,37,528
5,882.805722553417,6.805722553416985,6.805722553416985,8.728102205062104,882.805722553417,1.0,1967,40,288
6,1165.0553128433398,7.055312843339752,7.055312843339752,9.47830431356186,1165.0553128433398,2.5,2004,2,576
5,882.872128101339,6.872128101338986,6.872128101338986,9.500095294588894,882.872128101339,2.0,1921,88,432
6,1943.2902928824467,7.7752758464868625,7.290292882446597,9.822873848541882,1028.775275846487,2.5,1965,42,596
7,1239.1172055031643,7.117205503164344,7.117205503164344,8.897682313454224,1239.1172055031643,3.0,2007,2,632
5,870.7627295069319,6.762729506931879,6.762729506931879,8.879193928110318,870.7627295069319,1.0,1972,36,352
7,1621.0698741284589,7.592366128519796,7.069874128458572,9.33149549353265,814.5923661285198,2.5,1989,18,575
8,1930.991176887121,7.562681246721884,6.99117688712121,9.39366142910322,1093.562681246722,3.5,1998,8,592
7,2087.1522688560326,7.640603826393634,7.152268856032539,9.298259670014064,1283.6406038263935,1.5,1926,83,282
6,1653.8606636714485,7.4073177104694174,6.860663671448287,8.976893927666076,960.4073177104694,2.5,1999,8,460
6,1611.3889460976184,7.388946097618437,7.388946097618437,8.98882050177807,1611.3889460976184,3.0,1993,15,533
5,7.201170883281678,7.201170883281678,7.201170883281678,9.11173476822206,7.201170883281678,1.0,1957,50,252
9,1937.570958583169,7.57095858316901,7.57095858316901,9.226213721132472,1937.570958583169,3.5,2009,1,606
6,1640.1041440929876,7.526178913346146,7.104144092987527,9.161780181360806,1001.526178913346,2.0,1954,52,325
5,846.7855876450079,6.785587645007929,6.785587645007929,9.1248914101437,846.7855876450079,2.0,1983,24,504
7,1632.6398758338264,7.394493107219038,6.639875833826536,7.874358824729881,771.3944931072191,2.5,2003,7,474
5,1290.5806391372848,7.158513997329321,6.580639137284949,8.160803920954665,727.1585139973294,1.5,1947,62,240
8,2276.0475172213573,7.736743682453495,7.047517221357296,9.328212292571072,1135.7367436824536,2.5,2002,6,779
5,822.70563909486,6.705639094860003,6.705639094860003,9.044639916198465,822.70563909486,2.0,1963,47,516
7,2017.2283884515737,7.688913336864796,7.228388451573604,9.535173710058755,1211.6889133368647,2.5,1988,18,786
5,1656.0808678966907,7.533693709848633,7.080867896690782,9.084890521258767,1095.5336937098486,1.0,1890,119,456
7,1652.8232861223555,7.40671073017764,6.823286122355687,8.871926251117628,925.4067107301776,2.0,1941,66,240
8,1851.5202345564744,7.520234556474628,7.520234556474628,9.305195902988862,1851.5202345564744,3.0,2005,4,620
8,1578.3601039729892,7.360103972989152,7.360103972989152,9.30492301446213,1578.3601039729892,2.0,2007,0,722
7,2089.2174434316967,7.641564441260972,7.217443431696533,9.343734255146714,1369.641564441261,2.5,2003,5,484
7,1914.5806997522243,7.580699752224563,7.580699752224563,9.312084355859469,1914.5806997522243,3.0,1988,18,766
8,2328.1188262490623,7.772752716468742,7.118826249062078,9.392661928770137,1188.7727527164686,2.5,2003,4,656
6,1863.0758088639784,7.669961995473577,7.075808863978387,9.472781556562168,903.6699619954736,2.5,1968,41,509
7,1206.2557500417531,7.090909822079984,6.255750041753367,8.064950891749143,607.09090982208,2.5,2005,1,480
8,1998.9603477291012,7.597396320212795,6.960347729101308,9.145908511816794,1060.5973963202127,2.5,2003,5,648
8,2263.9057532763118,7.734558844354756,6.905753276311464,9.305741456739437,976.7345588443548,2.5,2000,7,648
7,1650.5093352660165,7.509335266016592,7.509335266016592,11.65399090524883,1650.5093352660165,3.0,1971,36,739
9,1840.5234813125733,7.523481312573497,7.523481312573497,9.682466746602897,1840.5234813125733,3.0,2004,2,772
5,1197.6957989170585,7.212294468500341,6.695798917058491,9.220983532074662,651.2122944685003,3.0,1940,68,0
7,1674.734591659973,7.419979923661835,6.734591659972948,9.334149657702469,847.4199799236618,2.5,2003,4,500
6,696.9431224228194,7.249215057114389,6.943122422819428,8.97727273946428,326.2492150571144,1.0,1920,88,0
6,1524.5438028675014,7.543802867501509,7.543802867501509,9.710691327448153,1524.5438028675014,2.5,1966,44,578
8,1235.113956109566,7.113956109566034,7.113956109566034,8.449342524508063,1235.113956109566,3.0,1988,20,472
6,1644.8501261661454,7.40184157874383,6.8501261661455,9.10974625674048,950.401841578744,3.5,1998,10,472
4,966.8679744089704,6.8679744089702925,6.8679744089702925,9.2985343827121,966.8679744089704,2.0,1965,42,432
9,1705.437795121672,7.4377951216719325,7.4377951216719325,9.494541392591309,1705.437795121672,3.0,2007,2,768
5,1062.9697906699016,6.96979066990159,6.96979066990159,9.202409001649904,1062.9697906699016,2.0,1954,56,280
5,919.1204443723924,7.120444372392488,7.120444372392488,8.852807917623322,919.1204443723924,1.0,1961,45,288
5,7.336936913707618,7.336936913707618,7.336936913707618,8.856376036730422,7.336936913707618,2.0,1979,30,410
4,636.4473058625412,6.447305862541213,6.447305862541213,7.544861068658458,636.4473058625412,2.0,1972,36,0
4,1098.304448802422,6.996681488176539,6.304448802421981,7.704361167910313,552.9966814881766,1.5,1970,39,286
9,1659.410347097821,7.410347097821024,7.410347097821024,9.486000469200638,1659.410347097821,3.0,2006,3,840
5,1151.0431599159883,7.0431599159883405,7.0431599159883405,8.971575439759016,1151.0431599159883,2.0,1961,47,456
8,1802.4933172488625,7.493317248862145,7.493317248862145,9.209039526243137,1802.4933172488625,2.0,2006,1,895
7,1548.3408355541233,7.340835554123275,7.340835554123275,9.525516008736886,1548.3408355541233,2.0,2001,5,843
5,1082.318539548568,7.318539548567902,7.318539548567902,8.976009475021396,1082.318539548568,2.0,1960,48,404
8,1459.6398758338264,7.273786317844895,6.639875833826536,7.880804344674901,783.273786317845,2.5,1999,8,492
7,1475.2997973667582,7.299797366758161,7.299797366758161,9.146654820290047,1475.2997973667582,2.0,1999,9,577
6,993.1820849067168,6.895682697747868,6.182084906716632,7.427144133408616,489.8956826977479,1.5,1971,37,264
4,678.5117453296448,6.511745329644728,6.511745329644728,9.14216859187285,678.5117453296448,2.0,1941,68,234
5,1446.959398512134,7.693025748417888,6.959398512133975,9.036106025364846,727.6930257484179,2.5,1939,69,240
8,2007.601402334584,7.601402334583733,7.601402334583733,9.248310303227813,2007.601402334584,3.0,2004,3,888
5,1132.0264268086996,7.026426808699636,7.026426808699636,9.052164937010309,1132.0264268086996,1.5,2006,1,430
5,7.025538314638521,7.025538314638521,7.025538314638521,9.028338763993148,7.025538314638521,1.0,1954,52,0
6,1484.517520850603,7.517520850603031,7.517520850603031,9.577965147101168,1484.517520850603,3.0,1957,50,416
6,2151.275864600547,7.670894831362117,7.275864600546533,11.976665770490769,1451.670894831362,2.5,1958,49,389
7,2267.1754897136243,7.72356247227797,7.175489713624222,9.546884034617923,1313.723562472278,3.5,1996,14,533
6,1673.028201432058,7.589841512182657,7.028201432058005,9.15915233520675,823.5898415121826,2.0,1964,43,540
4,851.7405193596062,6.740519359606223,6.740519359606223,8.935903526274423,851.7405193596062,2.0,1982,25,360
6,1711.809039306043,7.488293515159428,6.80903930604298,9.141847375530883,831.4882935151594,3.5,1997,10,684
6,1343.261225091972,7.846198815497425,7.261225091971921,9.352447388601012,595.8461988154975,2.0,1922,86,672
5,1405.4389715923958,7.438971592395862,7.438971592395862,9.26416545867109,1405.4389715923958,2.0,1959,51,447
6,1677.866933284462,7.421775793644647,6.866933284461882,9.292196818446016,966.4217757936448,3.5,2000,6,472
6,1382.6605751498396,7.227662498728654,6.660575149839686,9.05963375455148,787.2276624987287,2.0,1937,69,198
6,1443.4324838079172,7.432483807917119,7.432483807917119,9.1958356857733,1443.4324838079172,1.0,1956,53,480
7,1703.363279586963,7.845807502637805,7.3632795869630385,9.287394001418471,725.8458075026379,1.5,1890,117,704
5,1422.776506992372,7.256297239690681,6.776506992372183,9.446676517076376,883.2562972396906,1.5,1915,93,720
5,822.70563909486,6.705639094860003,6.705639094860003,8.867990898182093,822.70563909486,2.0,1957,49,308
7,1097.2232956795624,7.223295679562314,7.223295679562314,9.249657234353132,1097.2232956795624,2.0,1976,33,479
6,1449.274479558774,7.274479558773871,7.274479558773871,9.368881400104732,1449.274479558774,2.0,1970,39,615
5,891.9782137426307,7.1592919047975645,6.9782137426306985,9.063694791634695,679.1592919047976,2.0,1948,60,240
7,1060.6908422774186,7.29641326877392,6.690842277418564,9.051461866908694,391.2964132687739,2.5,1995,14,400
7,2010.028201432058,7.607878073278507,7.028201432058005,9.202409001649904,1124.6078780732785,3.5,1996,11,455
8,1570.3550019211052,7.355001921105257,7.355001921105257,9.2308290384035,1570.3550019211052,2.0,2007,1,758
4,1371.4169796213812,7.416979621381154,7.416979621381154,10.882339852663634,1371.4169796213812,2.0,1954,54,529
4,1198.5806391372848,7.084226422097916,6.580639137284949,9.287394001418471,727.0842264220979,1.5,1949,57,0
4,1780.999422467508,7.4815557019095165,6.999422467507961,9.169622538697624,1102.4815557019094,3.0,1900,106,779
7,1969.2384968408944,7.582229194276461,7.238496840894365,9.078065332666364,1398.5822291942764,2.5,2006,0,868
7,1309.172424577125,7.172424577124845,7.172424577124845,9.104312967330651,1309.172424577125,2.0,2007,0,436
6,1038.5998704992128,7.020190708311925,6.5998704992128365,8.38958706681109,655.0201907083119,1.0,1920,86,440
9,1773.4770384723197,7.477038472319696,7.477038472319696,9.125653563808989,1773.4770384723197,3.5,2009,0,478
7,1244.1340937211928,7.134093721192866,7.134093721192866,8.971575439759016,1244.1340937211928,2.0,1995,12,402
6,1047.0012456220695,7.001245622069476,7.001245622069476,9.177093778182549,1047.0012456220695,2.0,1984,26,480
5,1084.9837899652582,6.983789965258135,6.983789965258135,9.436519311833914,1084.9837899652582,2.5,1971,39,500
6,1578.6933236682698,7.360739903058278,6.693323668269949,9.24619002486988,813.3607399030583,2.5,1995,12,373
7,1531.1951873201788,7.329749689041512,7.195187320178709,10.068832485122966,1339.3297496890416,2.5,1979,31,586
7,2036.930494765952,7.630946580890459,6.930494765951626,9.077494458642754,999.6309465808904,3.5,1999,10,390
6,826.2041492920359,7.20414929203594,7.20414929203594,9.573315428463395,826.2041492920359,1.5,1958,51,525
7,1639.112327444711,7.506042178518122,7.112327444710911,8.95660873889395,1047.506042178518,1.5,1931,76,240
4,1035.9373140812236,6.937314081223682,6.937314081223682,8.980172205725008,1035.9373140812236,2.0,1961,46,261
6,2179.1639466843426,7.832807516524864,7.163946684342547,8.285261134068948,949.8328075165248,3.5,1973,33,576
6,1506.6214056517642,7.313886831633462,6.621405651764134,9.087833697483386,757.3138868316335,2.5,2005,1,564
8,2224.7043611679105,7.704361167910313,7.704361167910313,9.671933733861948,2224.7043611679105,3.0,1970,37,621
8,1377.2232956795624,7.223295679562314,7.223295679562314,8.770749549138642,1377.2232956795624,2.0,2006,1,484
6,1269.1412451223505,7.141245122350491,7.141245122350491,8.881975184248867,1269.1412451223505,2.0,2006,0,572
7,1893.715383386335,7.546974117516527,6.715383386334681,9.334061298965942,824.5469741175166,3.5,2002,8,510
8,1701.4354380198145,7.43543801981455,7.43543801981455,9.395241931033524,1701.4354380198145,2.0,2007,0,818
4,870.7627295069319,6.762729506931879,6.762729506931879,9.259225769705994,870.7627295069319,1.0,1971,38,576
6,1715.878326468291,7.444248649496705,6.878326468291325,7.833203948641057,977.4442486494968,2.0,2004,2,380
4,1179.1561766374807,7.461065514354283,7.156176637480615,9.43460329655831,722.4610655143542,2.0,1920,89,368
5,615.1853870155804,7.1853870155804165,7.1853870155804165,9.271905727634335,615.1853870155804,2.0,1953,56,270
7,3203.438383530044,8.078067881815437,7.438383530044307,9.423595190540022,1681.0780678818155,4.0,1990,20,594
6,1272.6515718735898,7.212294468500341,6.651571873589727,8.836809882398365,691.2122944685003,1.5,1914,93,0
3,735.1754897136242,7.175489713624222,7.175489713624222,8.585038738311304,735.1754897136242,1.0,1940,70,0
5,774.6450909695056,6.645090969505644,6.645090969505644,9.041448235493888,774.6450909695056,2.0,1972,37,396
5,997.9828627514688,6.982862751468942,6.982862751468942,8.912069097970134,997.9828627514688,2.0,1939,69,205
3,1159.5220927981702,7.076653815443951,6.522092798170152,8.699681400989514,656.0766538154439,1.5,1948,59,308
7,1462.5916737320083,7.284134806195205,6.591673732008658,9.107088742165708,735.2841348061952,2.5,2007,0,400
7,2267.91373735066,7.73718007783463,6.913737350659685,9.075551045627543,982.7371800778346,2.5,1999,7,429
6,854.7440591863113,6.744059186311348,6.744059186311348,8.397508348470257,854.7440591863113,2.0,2003,6,420
10,2279.46336304552,7.75491027202143,7.463363045520021,9.43148192061972,1689.754910272021,3.5,2007,1,846
5,1354.785587645008,7.207118856207756,6.785587645007929,8.699681400989514,891.2071188562078,2.0,1925,84,216
6,2006.1204443723925,7.653969180478774,7.120444372392488,9.527265662897603,1134.6539691804787,2.0,1935,73,540
4,1082.800170068302,7.198183577101943,6.8001700683022,9.309370895439136,644.198183577102,1.5,1920,86,570
10,7068.453827315794,8.63817111796914,8.453827315794417,11.064886829303004,6118.638171117969,4.5,2008,0,1418
5,1031.204149292036,7.20414929203594,7.20414929203594,9.159468041602429,1031.204149292036,2.0,1958,49,484
8,1941.7250336421669,7.568379267836522,6.725033642166843,8.987821625430815,839.5683792678366,3.5,2009,0,552
4,1420.905753276311,7.293697720601438,6.905753276311464,9.00859131751613,948.2936977206016,2.0,1954,54,548
7,1575.6764736463892,7.676473646389156,7.676473646389156,9.941842506412591,1575.6764736463892,2.0,1968,38,508
5,1735.4552984856832,7.455298485683291,7.455298485683291,9.116139576577355,1735.4552984856832,3.0,1963,43,504
7,1774.7650389767805,7.478169694159785,6.765038976780541,9.190545744648004,873.4781696941598,2.5,2005,3,603
5,1054.9555926083965,6.955592608396297,6.955592608396297,9.225524507301223,1054.9555926083965,2.0,1956,51,286
7,1734.762729506932,7.455298485683291,6.762729506931879,9.139273923542325,871.4552984856833,2.5,2004,5,572
8,1905.844815479208,7.765993079407675,6.844815479208263,8.566173813637858,691.7659930794076,2.0,1872,136,0
7,875.0449051171294,7.044905117129371,7.044905117129371,9.16858043772795,875.0449051171294,3.0,2003,4,438
8,1588.3790081276284,7.379008127628304,7.379008127628304,9.343471684579365,1588.3790081276284,3.0,2001,9,670
5,1727.133295954896,7.560601162768557,7.133295954896068,9.521568058002975,1059.5606011627683,3.0,1958,48,451
4,1250.6093492431671,7.218176838403408,6.60934924316738,8.954286157204713,629.2181768384035,1.0,1910,100,528
5,987.0466472778488,7.046647277848756,7.046647277848756,8.76732914779405,987.0466472778488,1.5,1952,54,308
7,1293.1662659741337,7.166265974133638,7.166265974133638,8.81922185757494,1293.1662659741337,2.0,2006,0,662
5,1254.816735880595,7.130098510125578,6.816735880594968,9.152711259139547,919.1300985101255,1.0,1930,77,160
8,1054.6592939196837,7.258412150595307,6.659293919683638,8.955577146281511,415.2584121505953,3.5,2002,7,527
6,1447.2730925959995,7.273092595999522,7.273092595999522,9.4372368721597,1447.2730925959995,2.0,1981,26,467
5,1147.039660349862,7.039660349862076,7.039660349862076,9.7537106272179,1147.039660349862,1.0,2006,0,0
7,2097.010311867308,7.645397699428633,7.010311867307229,9.247925132303454,1114.6453976994287,3.5,1973,36,484
7,1646.6833609457665,7.403061091090091,6.683360945766275,8.885579291282982,805.4030610910901,2.5,2003,5,595
6,1415.4265490723974,7.426549072397305,7.426549072397305,9.002824076547672,1415.4265490723974,3.0,1994,14,575
6,1090.7684932116483,7.105786129481271,6.76849321164863,8.699681400989514,742.1057861294813,1.5,1941,66,440
5,1149.0414116637949,7.04141166379481,7.04141166379481,8.348774539791274,1149.0414116637949,2.5,1976,31,528
5,1104.0130157896397,7.01301578963963,7.01301578963963,9.116249448576587,1104.0130157896397,2.0,1978,31,602
5,1171.060476366,7.060476365999801,7.060476365999801,9.294773427951013,1171.060476366,2.0,1950,58,240
5,1198.3919171133923,7.084226422097916,6.391917113392602,8.764521909518802,603.0842264220979,1.0,1920,89,189
7,1429.26052259809,7.260522598089852,7.260522598089852,9.04793908261736,1429.26052259809,2.0,2004,3,626
5,900.7968237182748,6.796823718274855,6.796823718274855,9.186559843310778,900.7968237182748,2.0,1967,41,450
8,1959.987490247001,7.577633832602728,6.987490247000991,9.26624800391448,1089.5776338326027,2.5,2005,4,1043
7,1798.8710912946106,7.491645473605133,6.871091294610546,9.428350771178645,970.4916454736052,2.5,2001,7,564
4,930.5117453296448,6.829793737512425,6.511745329644728,9.407632639699958,678.8297937375124,2.0,1941,69,280
6,750.6240652277999,6.6240652277998935,6.6240652277998935,8.878497403738631,750.6240652277999,2.0,1984,26,264
7,1586.8679744089704,7.462214939768189,6.8679744089702925,9.482350275033667,807.4622149397682,1.5,1940,67,240
6,1599.6957989170585,7.374001859350161,6.695798917058491,9.173365135851288,815.3740018593502,2.5,1992,17,389
5,1391.8145428972598,7.234177179749849,6.814542897259958,9.050288983827956,917.2341771797498,2.0,1952,58,720
7,1264.1444071803212,7.144407180321139,7.144407180321139,8.922791623969637,1264.1444071803212,2.0,2005,1,453
7,2008.788971742992,7.611842399580417,6.78897174299217,10.05440443785299,875.6118423995804,2.5,2006,0,422
6,1357.1966865708343,7.19668657083435,7.19668657083435,9.174816815907135,1357.1966865708343,2.5,1977,32,630
7,1234.4377516497364,7.133295954896068,6.437751649736401,7.678326356506885,607.1332959548961,3.5,1999,9,462
6,1583.4175804024144,7.834788107388194,7.417580402414544,9.050288983827956,721.8347881073882,2.0,1916,91,216
10,3101.7844732357366,7.784473235736469,7.784473235736469,9.644198554585564,3101.7844732357366,3.0,2008,1,672
6,1228.62273632395,7.217443431696533,6.62273632394984,8.72518249495877,618.2174434316966,2.0,1920,88,502
10,3733.513163545234,8.196436811235028,7.513163545234075,10.484613193102277,1938.1964368112351,4.5,1995,11,807
7,2516.102499355775,7.83241092718792,7.102499355774649,9.205428327615165,1210.832410927188,2.5,1995,12,721
3,6.851184927493743,6.851184927493743,6.851184927493743,9.2308290384035,6.851184927493743,1.0,1952,57,528
5,918.8167358805948,6.816735880594968,6.816735880594968,9.050406334059858,918.8167358805948,1.0,1967,43,336
7,1559.6293632534375,7.348587530927593,6.6293632534374485,9.002824076547672,763.3485875309276,2.5,2005,1,615
4,870.8554087986099,6.855408798609928,6.855408798609928,9.231710397712376,870.8554087986099,1.0,1954,53,248
7,1826.8384052008475,7.52456122628536,6.838405200847344,9.0642735958414,907.5245612262854,3.5,2009,0,644
5,994.5264948595708,7.115582126184454,6.52649485957079,9.25349564229011,447.1155821261845,1.5,1910,99,440
7,1086.9856418176391,6.985641817639208,6.985641817639208,8.922791623969637,1086.9856418176391,2.0,2004,4,0
5,1256.5323342922225,7.131698510466912,6.532334292222349,9.017847259860732,693.1316985104669,2.0,1918,88,280
6,1599.6833609457665,7.385230923066573,6.683360945766275,9.186150133174966,787.3852309230666,2.5,1964,44,442
7,1943.968850378342,7.575584651557793,6.968850378341948,9.204221690968003,1057.5755846515578,3.5,1993,17,574
6,1350.5482191027622,7.222566018822171,6.548219102762372,8.799360083179907,679.2225660188221,3.0,1925,84,300
7,1060.700731109548,7.301822342137932,6.70073110954781,9.118882761487349,391.30182234213794,2.5,1992,15,392
5,999.9555926083964,6.955592608396297,6.955592608396297,8.761080103868347,999.9555926083964,1.0,1922,84,280
7,1379.224753405768,7.224753405767971,7.224753405767971,9.0642735958414,1379.224753405768,2.0,2007,1,529
8,1274.1678091843164,7.167809184316444,7.167809184316444,8.832587702434553,1274.1678091843164,3.0,2001,8,471
5,996.89871453433,6.898714534329988,6.898714534329988,9.079776001955066,996.89871453433,1.0,1994,13,299
6,1329.8511849274937,7.306531398939505,6.851184927493743,9.200391041122517,785.3065313989395,2.0,1940,69,240
7,2170.9772813416307,7.683863980256429,6.977281341630747,9.557823197546,1070.6838639802563,2.5,2006,1,947
7,1273.1444071803212,7.144407180321139,7.144407180321139,8.065579427282092,1273.1444071803212,2.0,2007,1,388
6,1225.1057861294812,7.105786129481271,7.105786129481271,8.969923491991516,1225.1057861294812,2.0,2009,0,676
6,938.8384052008472,6.838405200847344,6.838405200847344,9.0217190130337,938.8384052008472,1.0,1950,57,306
6,1328.7522703761415,7.187657164114956,6.752270376141742,7.744569809354496,862.187657164115,3.0,1974,35,440
6,1125.9097532816447,7.400009517162692,6.90975328164481,8.577535420422398,492.4000095171627,1.0,1910,96,255
6,1485.299121462711,7.2991214627108,7.2991214627108,9.77571099759397,1485.299121462711,3.0,1960,49,498
5,1190.4907235345026,7.077498053569231,6.490723534502507,9.037295651962438,665.0774980535692,1.0,1910,96,0
7,1716.7534379185977,7.444833273892193,6.75343791859778,9.042040056544485,863.4448332738922,3.5,2003,5,548
6,894.8167358805949,6.816735880594968,6.816735880594968,8.928110078202646,894.8167358805949,2.0,1978,29,470
5,1986.0570369816976,7.662467815200237,7.057036981697891,10.264617557935098,1020.6624678152002,3.0,1967,42,538
5,1030.626717749249,7.240649694255466,6.626717749249025,9.183585634667365,391.24064969425547,2.5,2006,2,400
5,976.8783264682912,6.878326468291325,6.878326468291325,9.0455836463617,976.8783264682912,2.0,1963,44,624
6,1018.9421567056996,6.942156705699469,6.942156705699469,9.419709489868552,1018.9421567056996,2.0,1976,34,888
7,1726.7580945044278,7.450660796211539,6.7580945044277305,9.362718052397064,867.4506607962115,2.5,2004,2,565
5,1393.6995003401616,7.23561914106675,6.699500340161678,8.699681400989514,818.2356191410668,2.0,1954,55,256
6,1026.2137683081187,7.213768308118642,7.213768308118642,9.351232110673664,1026.2137683081187,2.0,1959,49,312
5,1275.1428274011616,7.142827401161621,7.142827401161621,9.137877200242468,1275.1428274011616,2.0,1960,50,461
6,1490.6106960447178,7.3031700512368,6.610696044717759,9.440658127038391,749.3031700512367,2.5,2005,4,390
7,1773.9707300781436,7.477604243197589,6.970730078143525,8.576781982827894,1071.4776042431977,3.0,1987,19,504
6,819.7019603660026,6.70196036600254,6.70196036600254,8.645586406184636,819.7019603660026,1.0,1930,76,270
6,526.2557500417533,6.626717749249025,6.255750041753367,8.821879862683842,526.626717749249,2.0,1935,71,0
7,592.6353038862594,7.635303886259415,7.635303886259415,10.227417172661774,592.6353038862594,3.0,1960,48,505
6,1468.319864929809,7.31986492980897,7.31986492980897,9.23024103368252,1468.319864929809,3.0,1988,20,600
6,1487.5553568918108,7.301147805856032,6.555356891810665,9.002824076547672,709.301147805856,2.5,1994,15,343
4,966.8679744089704,6.8679744089702925,6.8679744089702925,9.197660318818809,966.8679744089704,2.0,1970,36,576
4,6.947937068614969,6.947937068614969,6.947937068614969,8.881975184248867,6.947937068614969,1.0,1950,56,420
4,6.947937068614969,6.947937068614969,6.947937068614969,8.881975184248867,6.947937068614969,2.0,1949,60,420
7,1700.8046145200626,7.497207223203318,6.804614520062624,8.934455109403913,800.4972072232033,1.5,1920,86,216
8,2617.0774980535693,7.867488568699128,7.077498053569231,9.105090961257083,1191.8674885686992,2.5,2007,0,550
5,1473.290974778143,7.290974778142981,7.290974778142981,9.784478765953926,1473.290974778143,1.5,1959,47,528
5,1378.8741984954531,7.410347097821024,6.874198495453294,9.287394001418471,693.410347097821,3.0,1915,95,416
7,2103.985641817639,7.648739788956242,6.985641817639208,9.32625499657254,1087.6487397889562,3.0,1993,15,678
8,1580.3938782901078,7.3938782901077555,7.3938782901077555,8.46611040118692,1580.3938782901078,3.5,2006,1,538
7,2294.173958319757,7.735433352499688,7.173958319756794,9.654641503869543,1311.7354333524995,2.0,1953,53,667
9,2829.458762692381,7.945555428253489,7.45876269238096,9.539068413863964,1741.9455554282536,3.5,2008,1,1020
6,2030.930494765952,7.628031126930335,6.930494765951626,9.411238314343072,999.6280311269304,3.5,2000,9,390
5,1172.198183577102,7.198183577101943,7.198183577101943,9.664659134301736,1172.198183577102,2.0,1953,53,375
4,900.7968237182748,6.796823718274855,6.796823718274855,9.153875834995056,900.7968237182748,1.0,1954,53,400
8,1726.4500795698077,7.450079569807499,7.450079569807499,9.291643823040218,1726.4500795698077,3.5,1993,15,473
7,2134.1098794630725,7.662937850461535,7.109879463072272,9.300638009956964,1230.6629378504615,3.5,1994,14,525
6,1258.13249755166,7.132497551660044,7.132497551660044,9.082620630373812,1258.13249755166,2.0,1964,42,461
5,918.8167358805948,6.816735880594968,6.816735880594968,8.927446816256198,918.8167358805948,1.5,1958,49,297
3,974.3985949345353,6.876264611890766,6.398594934535208,8.68710472813351,606.8762646118907,1.0,1910,99,0
7,1835.8480052745765,7.512071245835466,6.848005274576363,9.164191715950205,948.5120712458356,3.5,2003,7,613
6,1586.6732979677677,7.362010551259734,6.673297967767654,9.841665338892785,803.3620105512597,3.5,1976,30,566
4,726.580639137285,6.580639137284949,6.580639137284949,8.972083182851925,726.580639137285,1.0,1920,89,0
9,1987.5913570466985,7.591357046698551,7.591357046698551,9.72543686259282,1987.5913570466985,3.0,2004,2,770
7,1215.3914152346754,7.3914152346753585,7.3914152346753585,9.557187177595935,1215.3914152346754,3.0,1984,22,440
6,1609.3796321526097,7.379632152609552,7.379632152609552,9.719324300862802,1609.3796321526097,2.5,1977,32,529
6,1623.047517221357,7.388327859577107,7.047517221357296,8.594339400592892,1156.3883278595772,2.0,1926,81,216
5,1491.3783837129968,7.378383712996714,7.378383712996714,9.700269170029188,1491.3783837129968,2.0,1957,49,319
6,1437.2291138777932,7.659171367666058,7.229113877793302,9.254261559034113,696.6591713676661,2.5,1972,37,583
7,1715.878326468291,7.444248649496705,6.878326468291325,7.833203948641057,977.4442486494968,2.0,2004,2,380
7,2117.6549170478484,7.65491704784832,7.65491704784832,9.320180837655714,2117.6549170478484,3.5,1968,42,522
3,550.6528630293534,6.652863029353347,6.652863029353347,8.359603270841466,550.6528630293534,1.0,1931,76,0
4,802.6808546787902,6.680854678790215,6.680854678790215,8.19891444498699,802.6808546787902,1.0,1922,86,0
8,1693.4430783743485,7.443078374348516,7.443078374348516,9.72136597574484,1693.4430783743485,2.5,1981,25,511
8,2140.384610383177,7.6787889981991535,7.384610383176974,9.265112607823164,1589.6787889981993,2.5,2007,0,789
7,1693.813444599511,7.448333860897476,6.813444599510896,9.076923258535832,887.4483338608975,2.5,1996,13,512
6,1369.2174434316964,7.217443431696533,7.217443431696533,9.2299469016151,1369.2174434316964,2.5,1961,47,504
6,1714.783325200604,7.493873886783559,6.78332520060396,9.162409838218633,801.4938738867836,3.5,1998,9,546
8,1607.410347097821,7.410347097821024,7.410347097821024,8.628376720376853,1607.410347097821,3.5,2008,0,482
7,1306.7250336421669,7.301822342137932,6.725033642166843,9.105090961257083,657.3018223421379,1.5,1920,89,324
5,774.9236286281384,6.923628628138427,6.923628628138427,8.71948076085107,774.9236286281384,1.0,1925,81,450
6,1432.8658910748834,7.364547014255642,6.865891074883439,9.158099260130491,813.3645470142557,2.0,1941,65,240
5,1092.9911768871211,6.99117688712121,6.99117688712121,9.23024103368252,1092.9911768871211,2.0,1954,56,490
6,1224.5117453296448,7.105786129481271,6.511745329644728,7.427144133408616,679.1057861294813,1.5,1971,35,0
5,846.7580945044277,6.7580945044277305,6.7580945044277305,9.075779878580487,846.7580945044277,2.0,1982,27,528
4,930.6758232216348,7.039660349862076,6.675823221634848,9.082620630373812,583.0396603498621,1.0,1910,100,0
7,1433.7475865268293,7.315218389752975,6.747586526829315,8.881975184248867,783.315218389753,1.5,1931,77,270
6,1134.0613343669104,7.061334366910438,7.061334366910438,9.10731047165664,1134.0613343669104,2.5,1966,42,490
6,1966.758094504428,7.581209826196346,6.7580945044277305,8.968523555396352,867.5812098261963,3.5,2002,8,440
7,2038.050989447068,7.616775808698373,7.050989447068045,9.341807134718488,1160.6167758086983,2.5,1998,10,541
6,1398.5366915975917,7.239214973779806,6.536691597591305,9.29660980712836,696.2392149737798,1.5,1977,33,299
7,1548.3408355541233,7.340835554123275,7.340835554123275,9.407796816354407,1548.3408355541233,2.0,2005,5,532
5,1070.1914293300365,7.191429330036379,7.191429330036379,8.907747686788648,1070.1914293300365,2.0,1959,48,624
4,1245.6306833856424,7.1891677384203225,6.630683385642372,8.699681400989514,679.1891677384203,1.0,1936,73,240
6,1460.6995003401616,7.347943823148687,6.699500340161678,9.348013177101256,720.3479438231487,3.5,1975,31,434
8,2817.2820736580934,7.941295570906532,7.282073658093465,9.166701914946351,1460.9412955709065,2.5,1990,17,750
10,2632.325807502596,8.19118600464279,7.325807502595773,10.041116787524166,1115.1911860046428,2.5,1892,114,840
5,1357.1921820587131,7.192182058713246,7.192182058713246,9.735423867488873,1357.1921820587131,2.0,1959,48,308
7,2498.122059881629,7.832014180505469,7.122059881629142,10.172712841637342,1217.8320141805054,3.5,1989,17,628
5,1319.905753276311,7.325148957955575,6.905753276311464,9.04793908261736,800.3251489579555,2.0,1919,88,0
5,1063.9641356124182,6.964135612418245,6.964135612418245,8.977525200965243,1063.9641356124182,2.0,1953,57,246
8,2139.31121838442,7.665284718471351,7.311218384419629,9.419628376999952,1503.6652847184714,2.5,1983,26,612
8,1623.3963352938008,7.396335293800808,7.396335293800808,9.584452402426324,1623.3963352938008,3.0,2002,5,808
5,1195.0808678966907,7.080867896690782,7.080867896690782,9.405989388981,1195.0808678966907,2.0,1959,51,531
8,1492.289610521451,7.289610521451167,7.289610521451167,9.632793693113202,1492.289610521451,3.0,2007,0,754
6,1223.1041440929876,7.104144092987527,7.104144092987527,8.412054873292933,1223.1041440929876,3.0,1998,8,402
8,1633.399398083331,7.399398083331354,7.399398083331354,9.343909263897595,1633.399398083331,2.0,2006,1,866
5,930.5117453296448,6.829793737512425,6.511745329644728,8.99528899055931,678.8297937375124,1.0,1949,58,576
5,1066.966967138614,6.966967138613983,6.966967138613983,9.017604776833355,1066.966967138614,2.0,1968,42,270
6,1554.6908422774186,7.345364840416867,6.690842277418564,7.744569809354496,811.3453648404169,3.5,1976,31,440
2,296.08449941307515,6.084499413075172,6.084499413075172,9.036106025364846,296.08449941307515,1.0,1920,89,246
4,753.6174029779745,6.617402977974478,6.617402977974478,8.435766192720509,753.6174029779745,1.0,1945,65,220
5,898.7945865808765,6.794586580876499,6.794586580876499,8.875007486048396,898.7945865808765,1.0,1967,42,288
5,1113.0825485693554,7.0825485693553,7.0825485693553,8.952734767106872,1113.0825485693554,2.0,1962,44,540
6,1401.2406496942554,7.240649694255466,7.240649694255466,9.15915233520675,1401.2406496942554,2.5,1963,46,514
5,1966.8679744089704,7.581209826196346,6.8679744089702925,8.935508711503221,967.5812098261964,2.0,1952,57,400
6,854.7440591863113,6.744059186311348,6.744059186311348,8.397508348470257,854.7440591863113,2.0,2003,4,420
7,1316.200424892945,7.200424892944957,7.200424892944957,8.99342737041261,1316.200424892945,3.0,1990,16,484
6,790.6656837177824,6.665683717782408,6.665683717782408,9.105090961257083,790.6656837177824,1.0,1928,81,360
5,954.85540879861,6.855408798609928,6.855408798609928,9.102643796520807,954.85540879861,1.0,1968,39,300
5,1183.0724219005374,7.072421900537371,7.072421900537371,9.210440366976515,1183.0724219005374,2.0,1973,35,439
7,1962.91373735066,7.592870287844818,6.913737350659685,9.283869605264298,985.5928702878448,2.5,1999,10,490
5,1735.4552984856832,7.455298485683291,7.455298485683291,9.13755460225053,1735.4552984856832,4.0,1976,30,560
5,686.6398758338265,6.639875833826536,6.639875833826536,8.562740006372207,686.6398758338265,1.0,1925,83,504
4,930.2672005485414,6.8966943316227125,6.267200548541362,7.375882148215011,468.8966943316227,2.0,1973,36,297
6,1230.418364935936,7.110696122978827,6.418364935936212,8.006700845440367,619.1106961229789,2.5,2009,0,528
6,993.1820849067168,6.895682697747868,6.182084906716632,7.427144133408616,489.8956826977479,1.5,1972,34,288
7,1896.8394764382288,7.554334823725748,6.839476438228843,9.076923258535832,922.5543348237258,3.5,1994,14,493
5,1151.0431599159883,7.0431599159883405,7.0431599159883405,9.166597449028265,1151.0431599159883,2.0,1956,54,596
6,1038.9402224691196,6.940222469119639,6.940222469119639,9.24917639576138,1038.9402224691196,2.5,1978,29,564
6,2054.060476366,7.630946580890459,7.060476365999801,9.21333588095598,1158.6309465808904,3.0,1988,19,521
5,1121.0166096838943,7.016609683894219,7.016609683894219,9.524859098381524,1121.0166096838943,2.5,2004,4,576
6,1687.4529823294654,7.45298232946546,7.45298232946546,9.790990521308984,1687.4529823294654,2.5,1967,42,480
6,1224.5117453296448,7.105786129481271,6.511745329644728,7.427144133408616,679.1057861294813,2.0,1972,34,264
4,727.7357800142423,6.735780014242327,6.735780014242327,9.036106025364846,727.7357800142423,1.0,1950,59,294
8,1080.993015122933,6.9930151229329605,6.9930151229329605,8.215276958936633,1080.993015122933,1.5,1986,21,461
5,870.7627295069319,6.762729506931879,6.762729506931879,8.853808274977197,870.7627295069319,2.0,1978,31,336
8,1821.510430556378,7.510430556378006,7.510430556378006,9.33282345619073,1821.510430556378,3.0,2005,1,758
5,1066.3664704477314,7.013915474810528,6.366470447731438,8.881975184248867,537.0139154748106,1.0,1920,87,288
5,918.8167358805948,6.816735880594968,6.816735880594968,9.090768236835338,918.8167358805948,2.0,1965,43,576
8,2265.060476366,7.7279755421055585,7.060476365999801,9.372884301161465,1159.7279755421057,2.5,1999,11,671
5,882.8287120716417,6.828712071641684,6.828712071641684,8.846784666945227,882.8287120716417,2.0,1984,24,264
5,111.81454289725995,6.814542897259958,6.814542897259958,9.09301972939964,111.81454289725995,1.0,1953,55,414
3,6.947937068614969,6.947937068614969,6.947937068614969,9.053101595549691,6.947937068614969,2.0,1950,59,400
4,1380.734591659973,7.226209010100671,6.734591659972948,8.594339400592892,847.2262090101007,1.0,1920,89,338
9,2128.6601143191738,7.660114319173928,7.660114319173928,9.57851889529833,2128.6601143191738,2.5,2006,1,732
7,1965.742880635792,7.580699752224563,6.742880635791903,9.375600540841845,854.5806997522245,2.5,2004,3,434
5,1405.97354301952,7.339537695407674,6.97354301952014,8.71948076085107,934.3395376954076,1.5,1936,73,576
5,1275.1459844677145,7.145984467714388,7.145984467714388,8.962007209588313,1275.1459844677145,1.0,1954,56,244
4,966.8679744089704,6.8679744089702925,6.8679744089702925,8.699681400989514,966.8679744089704,1.0,1920,87,308
5,1104.0012456220695,7.001245622069476,7.001245622069476,9.292841593487926,1104.0012456220695,1.5,1994,15,672
7,1774.7810576259362,7.478169694159785,6.78105762593618,9.287394001418471,887.4781696941598,1.5,1914,92,320
6,1419.0148143512756,7.419979923661835,7.014814351275545,9.169622538697624,863.4199799236618,1.5,1950,59,271
6,1399.2392149737798,7.239214973779806,7.239214973779806,9.514953305087944,1399.2392149737798,2.0,1968,41,576
6,1373.7165947735211,7.253470382684528,6.716594773520978,8.699681400989514,787.2534703826846,1.0,1939,70,280
8,1629.396948602621,7.396948602621014,7.396948602621014,9.232786560806012,1629.396948602621,3.0,2008,1,860
7,1248.1244782624933,7.124478262493424,7.124478262493424,8.360539381370861,1248.1244782624933,2.5,2006,1,569
5,774.6450909695056,6.645090969505644,6.645090969505644,8.888066854754783,774.6450909695056,2.0,1970,37,624
6,1303.4030610910902,7.403061091090091,7.403061091090091,9.600962533214572,1303.4030610910902,2.0,1954,54,924
8,1426.2584121505954,7.258412150595307,7.258412150595307,8.998384010052538,1426.2584121505954,3.0,2007,0,567
5,1207.09090982208,7.090909822079984,7.090909822079984,9.287394001418471,1207.09090982208,6.0,1987,22,0
7,1485.587550014825,7.299797366758161,6.587550014824796,8.91905180393029,732.2997973667582,2.5,1972,35,484
6,1191.254884810077,7.254884810077338,7.254884810077338,9.308374112247549,1191.254884810077,2.0,1958,50,601
5,1350.4377516497364,7.20414929203594,6.437751649736401,8.427706024914702,631.2041492920359,1.0,1916,92,513
5,727.3447190541497,7.749753406274437,7.344719054149673,9.599879329534089,7.749753406274437,2.0,1948,58,672
4,794.6707663208459,6.670766320845874,6.670766320845874,8.915566545710645,794.6707663208459,1.0,1941,65,0
6,1447.7522703761415,7.273786317844895,6.752270376141742,7.736307096548285,862.273786317845,2.5,1978,31,440
6,870.7627295069319,6.762729506931879,6.762729506931879,9.116139576577355,870.7627295069319,1.0,1959,50,300
4,870.7627295069319,6.762729506931879,6.762729506931879,9.105090961257083,870.7627295069319,1.0,1971,36,528
5,1591.482681828155,7.482681828154651,7.482681828154651,9.348013177101256,1591.482681828155,3.0,1958,51,888
5,1062.9631899858705,6.963189985870238,6.963189985870238,9.042040056544485,1062.9631899858705,2.0,1968,42,304
1,689.8079349436999,6.807934943699926,6.807934943699926,9.212438170058329,689.8079349436999,1.5,1922,87,0
7,1477.299121462711,7.2991214627108,7.2991214627108,8.390268497842571,1477.299121462711,3.5,2009,1,484
3,1611.734591659973,7.381501894506707,6.734591659972948,8.66406026722579,847.3815018945068,2.0,1915,95,379
7,1787.783325200604,7.490529402060711,6.78332520060396,9.124782483614537,880.4905294020607,3.5,1999,9,588
5,1566.993015122933,7.533158807455563,6.9930151229329605,9.24038449332456,787.5331588074556,3.5,1976,33,484
6,1224.5117453296448,7.105786129481271,6.511745329644728,7.544861068658458,679.1057861294813,1.5,1973,34,264
10,2085.642524134233,7.642524134232902,7.642524134232902,9.602652693506046,2085.642524134233,3.0,2007,1,1220
6,1462.7522703761415,7.284134806195205,6.752270376141742,7.732369222284388,862.2841348061952,2.5,1976,33,440
5,1263.1364832085903,7.136483208590247,7.136483208590247,9.204121072162266,1263.1364832085903,2.5,1965,43,276
6,1491.6945620585211,7.31986492980897,6.694562058521095,8.969796305981806,790.319864929809,3.5,2002,4,393
6,1919.270312886079,7.749753406274437,7.270312886079025,8.890135107818843,1035.7497534062743,3.5,1945,62,180
6,2631.2232956795624,7.872836175025724,7.223295679562314,10.017753298664472,1377.8728361750257,3.5,1918,89,864
6,1381.6605751498396,7.226936018493289,6.660575149839686,9.105090961257083,787.2269360184932,1.5,1937,70,544
6,594.999422467508,6.999422467507961,6.999422467507961,9.247925132303454,594.999422467508,2.0,1958,48,264
5,2207.1491315985577,7.696667081526462,7.149131598557407,9.08000387024818,1279.6966670815264,5.0,1900,108,0
7,1501.3098814858247,7.309881485824786,7.309881485824786,9.457512901089752,1501.3098814858247,3.0,2002,6,530
4,1116.6808546787902,7.205635176410364,6.680854678790215,9.373139262281274,567.2056351764104,1.5,1910,97,384
4,996.89871453433,6.898714534329988,6.898714534329988,8.996032669324372,996.89871453433,2.0,1994,13,0
6,1965.176254532017,7.765993079407675,7.176254532017144,10.727684925086583,914.7659930794076,3.0,1908,100,360
5,839.7262334023587,6.726233402358747,6.726233402358747,8.594339400592892,839.7262334023587,1.0,1954,52,326
8,2450.0335064842875,7.817222785508166,7.033506484287697,9.446676517076376,1101.8172227855082,2.5,2005,2,642
8,2096.9460139911,7.649216319820633,6.946013991099227,9.234154550075438,1037.6492163198209,2.5,2005,1,878
5,870.8023947633243,6.802394763324311,6.802394763324311,8.962007209588313,870.8023947633243,1.0,1967,42,288
9,2324.075808863978,7.751475318021456,7.075808863978387,9.386392315756542,1182.7514753180214,4.0,2005,1,736
5,900.7968237182748,6.796823718274855,6.796823718274855,8.881975184248867,900.7968237182748,1.0,1972,37,600
6,1582.3626452704175,7.362645270417825,7.362645270417825,8.98882050177807,1582.3626452704175,3.0,1992,15,529
6,854.7440591863113,6.744059186311348,6.744059186311348,8.395477432732141,854.7440591863113,2.0,2004,4,420
7,1696.7044143549642,7.43307534889858,6.704414354964107,9.088285725968875,822.4330753488986,1.0,1916,90,225
5,1313.8308742346462,7.297091005160418,6.83087423464618,7.888334500738654,764.2970910051604,2.0,1977,29,336
6,1369.2174434316964,7.217443431696533,7.217443431696533,8.933004591578547,1369.2174434316964,2.0,2005,2,460
8,1280.2841348061952,7.284134806195205,7.284134806195205,8.069968149059841,1280.2841348061952,2.0,2003,3,400
7,2469.23921497378,7.809135398120538,7.239214973779806,9.87194528452625,1399.8091353981206,3.5,2005,1,576
6,1599.891625897052,7.493873886783559,6.891625897052253,8.86177531100083,787.4938738867836,2.5,1963,45,483
5,1338.736966958002,7.29505641646263,6.736966958001855,9.169622538697624,709.2950564164627,1.0,1925,82,250
7,1611.380879035564,7.380879035564116,7.380879035564116,9.08421009483197,1611.380879035564,3.5,2006,3,660
5,1673.3901814282265,7.488293515159428,7.390181428226429,12.011644093954343,1506.4882935151595,4.0,1965,43,529
6,999.4157769754154,7.415776975415394,7.415776975415394,9.169622538697624,999.4157769754154,2.0,1955,53,377
4,636.4473058625412,6.447305862541213,6.447305862541213,7.298445101508147,636.4473058625412,2.0,1970,39,286
10,2013.6113477174035,7.611347717403621,7.611347717403621,9.410911062438,2013.6113477174035,3.5,2009,0,900
8,1671.6982680541155,7.418180822726788,6.698268054115413,9.036106025364846,817.4181808227268,3.5,2001,8,528
7,1867.5158890852151,7.515889085215125,7.515889085215125,9.116139576577355,1867.5158890852151,2.0,2004,2,484
5,1995.2291138777928,7.771910256435763,7.229113877793302,8.79497643168877,1001.7719102564356,2.0,1892,117,432
5,1152.1716568227685,7.171656822768514,7.171656822768514,8.841014310483892,1152.1716568227685,1.0,1924,85,440
7,1247.1236727852047,7.123672785204607,7.123672785204607,9.054504940418054,1247.1236727852047,2.0,2006,1,826
6,1251.126890808899,7.126890808898808,7.126890808898808,9.391744841707654,1251.126890808899,1.5,1957,50,336
8,1784.4933172488622,7.493317248862145,7.493317248862145,9.184304357425342,1784.4933172488622,2.0,2002,6,534
6,1165.0630481633882,7.0630481633881725,7.0630481633881725,9.13227071655426,1165.0630481633882,3.0,1992,17,400
8,1580.3645470142555,7.364547014255642,7.364547014255642,9.133783249254028,1580.3645470142555,2.0,2008,1,840
8,1888.9017372066564,7.554334823725748,6.901737206656574,9.56043370454936,974.5543348237258,2.5,2002,8,431
6,1017.993015122933,7.089243155027514,6.9930151229329605,8.628197749459149,908.0892431550276,1.0,1920,88,0
8,1983.5893358231704,7.589335823170617,7.589335823170617,9.614337736809311,1983.5893358231704,3.0,2006,1,908
4,1210.6982680541155,7.192182058713246,6.698268054115413,9.20099685697303,693.1921820587132,1.0,1925,81,210
5,1275.1459844677145,7.145984467714388,7.145984467714388,9.13637085177601,1275.1459844677145,1.5,1977,32,252
7,1256.4393503711,7.131698510466912,6.439350371100098,8.29853954537488,632.1316985104669,2.5,2006,2,625
5,7.417580402414544,7.417580402414544,7.417580402414544,9.192787212728591,7.417580402414544,2.0,1965,45,0
6,1422.5638555265325,7.256297239690681,6.563855526532128,9.367429587218956,715.2562972396906,2.5,1968,38,776
6,2252.139660335965,7.73718007783463,7.13966033596492,8.881975184248867,1221.7371800778346,2.5,1910,97,506
7,1717.4448332738923,7.444833273892193,7.444833273892193,9.402529747968488,1717.4448332738923,2.0,2004,5,550
5,622.4248690239054,6.424869023905388,6.424869023905388,8.699681400989514,622.4248690239054,1.0,1921,85,205
5,1056.957497370877,6.957497370876951,6.957497370876951,9.274253697719836,1056.957497370877,2.0,1961,45,368
6,1609.133295954896,7.133295954896068,7.133295954896068,9.510519035757246,1609.133295954896,2.0,1960,48,564
5,996.89871453433,6.898714534329988,6.898714534329988,8.996280439395015,996.89871453433,2.0,1994,15,480
5,1084.9837899652582,6.983789965258135,6.983789965258135,9.181735114965848,1084.9837899652582,2.0,1950,60,240
6,1949.8844866520428,7.643961949002529,6.884486652042782,9.40968291310444,839.6439619490026,2.5,1966,41,444
6,1151.265429723254,7.265429723253953,7.265429723253953,9.58781744354418,1151.265429723254,1.5,1960,47,572
5,1146.9402224691196,7.502738210754851,6.940222469119639,8.939974177289633,367.5027382107549,2.0,1900,110,672
6,595.0379059634472,7.037905963447182,7.037905963447182,9.257510176452572,595.0379059634472,1.5,1958,49,264
5,1491.3031700512367,7.3031700512368,7.3031700512368,9.412791300065305,1491.3031700512367,2.0,1971,36,487
7,1381.3511582264307,7.351158226430694,7.351158226430694,8.069968149059841,1381.3511582264307,2.0,2003,3,420
4,1203.087573705558,7.087573705557973,7.087573705557973,8.476579508530941,1203.087573705558,2.0,1916,91,440
5,870.7627295069319,6.762729506931879,6.762729506931879,9.116139576577355,870.7627295069319,2.0,1958,48,624
5,1062.9631899858705,6.963189985870238,6.963189985870238,9.132486932771318,1062.9631899858705,1.5,1954,53,260
8,2495.093404625869,7.834788107388194,7.093404625868766,9.222367752188902,1172.8347881073882,3.5,1994,12,844
7,1152.0440328972747,7.044032897274685,7.044032897274685,8.065579427282092,1152.0440328972747,2.0,2005,4,397
5,1098.9966814881766,6.996681488176539,6.996681488176539,9.360224821513476,1098.9966814881766,1.5,1962,47,288
5,934.6450909695056,7.267525427828172,6.645090969505644,9.169622538697624,271.26752542782816,2.0,1910,97,360
6,1399.2392149737798,7.239214973779806,7.239214973779806,9.38437770918244,1399.2392149737798,2.5,1957,51,458
6,1462.5916737320083,7.284134806195205,6.591673732008658,9.043340831280013,735.2841348061952,2.5,2005,1,390
5,1059.9603477291014,6.960347729101308,6.960347729101308,9.211140052146748,1059.9603477291014,2.5,1959,49,312
6,2887.2730925959995,8.130353547431238,7.273092595999522,9.296242800976886,1448.1303535474312,2.0,1914,93,0
5,1070.1608459066642,7.160845906664299,7.160845906664299,9.193295937366925,1070.1608459066642,2.0,1959,51,576
5,746.6580110458707,6.658011045870748,6.658011045870748,8.839421607620602,746.6580110458707,1.0,1940,68,924
6,1098.2653012127375,6.996681488176539,6.26530121273771,7.427144133408616,531.9966814881766,1.5,1971,39,264
4,606.6174029779745,6.617402977974478,6.617402977974478,8.67008593751938,606.6174029779745,1.0,1926,80,528
7,1739.742880635792,7.458186157340487,6.742880635791903,9.42504844446929,854.4581861573405,2.5,2003,4,433
8,1645.4067107301776,7.40671073017764,7.40671073017764,9.273972232220956,1645.4067107301776,2.0,2006,1,870
7,2072.325807502596,7.673223121121708,7.325807502595773,9.458995712459116,1441.6732231211215,2.5,2003,6,670
5,1631.367077059881,7.367077059881012,7.367077059881012,10.505094936455558,1631.367077059881,2.5,1964,42,390
8,1748.8211074722565,7.463363045520021,6.821107472256465,9.779736745099951,923.46336304552,1.5,1882,127,424
4,1070.947937068615,6.947937068614969,6.947937068614969,10.138045708665592,1070.947937068615,2.0,1963,44,648
5,918.8167358805948,6.816735880594968,6.816735880594968,9.225327501784433,918.8167358805948,1.0,1958,49,275
8,2205.0440328972745,7.695757990554761,7.044032897274685,9.565283817736766,1152.6957579905547,3.5,2000,8,836
5,1687.4271441334083,7.427144133408616,7.427144133408616,9.35018926709258,1687.4271441334083,2.0,1976,31,528
8,2214.585281078639,8.145549631783584,7.585281078639126,9.55400099583723,736.1455496317836,3.5,1935,73,1014
5,932.831953565566,7.183111701743281,6.831953565565855,8.612685172875459,933.1831117017432,2.0,1929,81,484
5,2229.89871453433,7.86403565907245,6.898714534329988,9.194515821629212,619.8640356590724,3.5,1921,87,621
5,1371.641182169741,7.219642040130735,6.641182169740591,7.7702232041587855,772.2196420401307,1.5,1970,39,440
7,1265.1380730340445,7.138073034044347,7.138073034044347,8.274611946209552,1265.1380730340445,2.0,2006,1,648
8,1581.3620105512598,7.362010551259734,7.362010551259734,9.38915578944085,1581.3620105512598,2.0,2006,2,824
5,1103.000334460275,7.00033446027523,7.00033446027523,9.67224882350756,1103.000334460275,2.0,1969,37,299
6,993.1820849067168,6.895682697747868,6.182084906716632,7.427144133408616,489.8956826977479,2.5,1973,35,264
7,1714.8844866520428,7.443663683115591,6.884486652042782,8.120886021092838,983.4436636831156,2.0,2004,2,380
7,3295.424165281042,8.158802490694002,7.424165281042028,9.819399172153842,1478.158802490694,3.0,1880,128,870
8,1237.9856418176391,7.469083884921234,6.985641817639208,9.403849118160702,566.4690838849212,2.0,1988,22,492
7,2143.619233416227,7.619233416226805,7.619233416226805,12.279536839074336,2143.619233416227,4.0,1965,44,513
5,1350.7990558620588,7.20414929203594,6.799055862058796,8.738895704934043,903.204149292036,1.0,1936,70,240
5,911.357842266508,7.01211529430638,6.3578422665081,9.259225769705994,379.0121152943064,1.5,1971,36,288
6,1476.6783421146542,7.293697720601438,6.678342114654332,9.537483513308878,801.2936977206015,2.5,1997,10,388
5,958.8596149036542,6.859614903654202,6.859614903654202,8.902591637374087,958.8596149036542,2.0,1951,57,840
6,887.4271441334087,7.427144133408616,7.427144133408616,9.984883190740122,887.4271441334087,3.0,1988,21,540
6,1523.3244899793483,7.324489979348532,7.324489979348532,9.210840247017831,1523.3244899793483,1.5,1964,45,472
8,1741.458762692381,7.45876269238096,7.45876269238096,9.399803036921504,1741.458762692381,3.0,2007,0,928
8,1495.315218389753,7.315218389752975,7.315218389752975,8.82776136765472,1495.315218389753,2.5,1985,25,528
7,1632.6398758338264,7.394493107219038,6.639875833826536,7.727094484779841,771.3944931072191,2.0,2003,6,474
6,1475.6293632534375,7.293017679772782,6.6293632534374485,9.241935933565934,763.2930176797728,1.0,1906,102,216
7,1537.0148143512756,7.346655163176539,7.014814351275545,9.002824076547672,1099.3466551631766,3.0,2006,3,438
7,1375.2218358252885,7.221835825288449,7.221835825288449,8.823647949191303,1375.2218358252885,2.0,2005,1,474
9,2603.130898830296,7.862112211662748,7.1308988302963465,9.696463383101802,1256.8621122116629,3.5,2006,0,840
5,1036.200424892945,7.200424892944957,7.200424892944957,8.93075873555827,1036.200424892945,1.0,1958,51,294
7,1846.086737934511,7.517520850603031,7.086737934510577,9.727406483331627,1202.517520850603,2.5,1998,12,486
8,2444.032624261028,7.8050670442584895,7.032624261028007,9.504426892100955,1124.8050670442583,3.5,2004,2,691
7,1491.6945620585211,7.31986492980897,6.694562058521095,8.971575439759016,790.319864929809,2.5,2003,3,393
7,1461.2689201281937,7.268920128193722,7.268920128193722,9.051344640485723,1461.2689201281937,2.0,2001,8,527
6,1285.1662659741337,7.166265974133638,7.166265974133638,8.875426919818963,1285.1662659741337,3.0,1991,17,496
6,1686.734591659973,7.427144133408616,6.734591659972948,9.653550746326603,847.4271441334087,2.0,1915,93,308
6,1719.8426832822383,7.451241684987676,6.842683282238422,9.043458999670106,935.4512416849876,3.0,1994,13,471
4,870.7627295069319,6.762729506931879,6.762729506931879,9.452187908084165,870.7627295069319,1.0,1972,36,576
7,1494.6306833856424,7.31455283232408,6.630683385642372,7.732369222284388,751.3145528323241,2.5,1999,9,440
5,1584.26052259809,7.757051142032013,7.260522598089852,9.517898598432753,669.757051142032,2.0,1900,107,560
7,1852.535296702444,7.535296702444088,7.535296702444088,9.249657234353132,1852.535296702444,2.5,1988,18,604
7,1537.3336763956577,7.333676395657684,7.333676395657684,9.586925780533695,1537.3336763956577,3.0,2004,3,630
6,1490.6106960447178,7.3031700512368,6.610696044717759,8.748463629942055,749.3031700512367,2.0,1914,94,0
4,636.4473058625412,6.447305862541213,6.447305862541213,7.331060305218632,636.4473058625412,2.0,1970,39,286
6,1207.09090982208,7.090909822079984,7.090909822079984,9.33617975681533,1207.09090982208,1.0,1923,83,312
6,2667.341483852363,7.96311205897929,7.341483852363161,9.411483683010726,1337.9631120589793,3.5,1977,31,619
6,1134.2765564027186,7.27655640271871,7.27655640271871,9.400630098419317,1134.2765564027186,1.5,1964,45,645
6,1123.0184017990691,7.018401799069201,7.018401799069201,9.210440366976515,1123.0184017990691,1.5,1962,48,440
7,2097.082548569356,7.645397699428633,7.0825485693553,8.529714471969909,1197.6453976994287,3.0,1984,23,577
5,949.8501261661456,6.8501261661455,6.8501261661455,8.858368636308018,949.8501261661456,2.0,1979,27,600
6,1431.0570369816978,7.383368146992383,7.057036981697891,8.72777821348305,983.3833681469924,2.5,1925,84,216
4,7.167809184316444,7.167809184316444,7.167809184316444,9.286560397887593,7.167809184316444,2.0,1967,39,516
5,678.7345916599729,6.734591659972948,6.734591659972948,8.386856689688234,678.7345916599729,1.0,1930,77,0
7,1719.0021559544036,7.590346945602565,7.002155954403621,9.200391041122517,839.5903469456026,2.5,1968,40,486
7,950.907755278982,6.907755278982137,6.907755278982137,9.402859753746585,950.907755278982,2.0,1961,47,588
6,964.8658910748834,6.865891074883439,6.865891074883439,8.502891406705377,964.8658910748834,2.0,1976,33,440
8,2038.3460102099132,7.911324018963353,7.346010209913293,9.265869681768663,860.9113240189633,2.5,1932,75,440
5,922.0630481633882,7.0630481633881725,7.0630481633881725,9.074749717669835,922.0630481633882,1.0,1920,87,495
6,1659.9285378181646,7.524021415206125,6.928537818164665,9.186150133174966,829.5240214152061,2.5,1964,43,440
6,1259.133295954896,7.133295954896068,7.133295954896068,9.280052984387485,1259.133295954896,1.0,1959,49,528
4,246.51174532964475,6.816735880594968,6.511745329644728,8.738895704934043,6.816735880594968,1.0,1947,59,0
5,1046.947937068615,6.947937068614969,6.947937068614969,9.43067999595766,1046.947937068615,2.0,1996,13,576
6,1518.6463905148478,7.330405211844402,6.646390514847729,7.658227526161352,763.3304052118444,2.5,2000,7,440
8,2277.099201743553,7.8050670442584895,7.099201743553092,9.694431800539537,1035.8050670442583,2.5,1998,9,683
8,3208.0799277707583,8.079927770758275,8.079927770758275,9.448805939388178,3208.0799277707583,4.0,1992,15,546
7,863.0621916322866,7.062191632286556,7.062191632286556,9.168267595554276,863.0621916322866,3.0,2005,3,400
6,1725.063903961472,7.52131798019924,7.063903961472068,9.258844781035798,1047.5213179801992,2.0,1949,58,315
5,1062.9800759405618,6.980075940561763,6.980075940561763,9.224341891611996,1062.9800759405618,2.5,1975,31,495
7,2338.1530516349376,7.76004068088038,7.15305163493748,9.231024963169016,1271.7600406808804,2.5,1996,13,889
5,851.7957057751735,6.795705775173514,6.795705775173514,9.169622538697624,851.7957057751735,1.5,1949,58,576
6,1485.3092123656927,7.309212365692763,7.309212365692763,9.482350275033667,1485.3092123656927,3.0,1997,11,508
8,1974.6528630293533,7.585281078639126,6.652863029353347,9.392995206560258,781.5852810786391,2.5,2009,1,680
6,1010.9127428204932,6.912742820493176,6.912742820493176,9.32741204356202,1010.9127428204932,2.0,1970,40,480
5,1270.910750787962,7.284134806195205,6.910750787961936,8.934059722248843,817.2841348061952,2.5,1948,58,280
6,1791.820016364674,7.400009517162692,6.82001636467413,9.075436609511382,1072.4000095171627,1.5,1923,84,440
6,1464.816735880595,7.285506548522785,6.816735880594968,9.770184705221707,919.2855065485228,1.5,1948,62,330
6,1231.1106961229789,7.110696122978827,7.110696122978827,8.412054873292933,1231.1106961229789,3.0,1999,10,402
7,1369.3178761986264,7.317876198626496,7.317876198626496,8.01102337918644,1369.3178761986264,2.0,2005,1,440
5,2143.667158255319,7.667158255319148,7.667158255319148,9.276221741089696,2143.667158255319,2.0,1951,55,528
7,1422.5467854107603,7.256297239690681,6.546785410760524,7.852827812281744,703.2562972396906,3.5,1999,11,484
10,2640.876258882304,7.876258882303226,7.876258882303226,9.34145634983372,2640.876258882304,3.5,2001,6,804
8,1475.292337176174,7.292337176173877,7.292337176173877,9.170871628065816,1475.292337176174,2.0,2008,1,898
5,779.6515718735898,6.651571873589727,6.651571873589727,8.946114375560743,779.6515718735898,1.0,1953,55,240
5,1308.4473058625413,7.172424577124845,6.447305862541213,7.427144133408616,637.1724245771248,2.5,1971,38,280
5,906.8035052576084,6.803505257608338,6.803505257608338,8.881975184248867,906.8035052576084,1.5,1951,59,576
6,890.8079349436999,6.807934943699926,6.807934943699926,8.699681400989514,890.8079349436999,1.0,1926,83,180
6,1851.5202345564744,7.520234556474628,7.520234556474628,9.703938450075547,1851.5202345564744,3.0,1969,37,540
7,1380.3498737047382,7.349873704738337,7.349873704738337,8.065579427282092,1380.3498737047382,2.0,2005,4,430
5,1304.168579897264,7.168579897264035,7.168579897264035,9.051696278536586,1304.168579897264,1.5,1954,55,498
4,447.99301512293295,7.333023014386481,6.9930151229329605,9.036701015565065,7.333023014386481,2.0,1945,64,240
3,7.458186157340487,7.458186157340487,7.458186157340487,9.523763287920112,7.458186157340487,2.0,1955,54,452
6,1716.7250336421669,7.444833273892193,6.725033642166843,9.1369090938903,839.4448332738922,2.5,1993,15,506
6,1320.039660349862,7.533158807455563,7.039660349862076,9.400216653174247,592.5331588074556,3.5,1984,23,477
5,1133.0273145140395,7.027314514039777,7.027314514039777,9.76428295481558,1133.0273145140395,3.0,1977,29,484
7,1108.313548046277,7.005789019253503,6.313548046277095,8.53817159780143,558.0057890192535,2.5,2004,3,480
6,1644.0673198486534,7.5569505720129,7.067319848653476,8.930494185292178,903.5569505720129,1.5,1928,81,342
8,1527.3575562009105,7.357556200910353,7.357556200910353,8.289790583181643,1527.3575562009105,3.0,2006,0,648
5,1056.957497370877,6.957497370876951,6.957497370876951,9.169622538697624,1056.957497370877,1.0,1956,53,338
8,1587.3658128372094,7.365812837209472,7.365812837209472,9.387062950369655,1587.3658128372094,2.0,2007,1,830
8,1307.181591944612,7.181591944611865,7.181591944611865,9.0642735958414,1307.181591944612,3.0,2009,0,552
6,2725.368339686312,7.934871565945177,7.368339686311381,9.25349564229011,1517.9348715659453,2.0,1920,88,520
6,1694.4248690239056,7.4318919168078,6.424869023905388,9.457122321855792,623.4318919168078,3.5,1997,11,603
6,1239.1172055031643,7.117205503164344,7.117205503164344,9.31659049181884,1239.1172055031643,2.0,1984,24,516
6,1235.3315018498938,7.114769448366463,6.331501849893691,7.170888478512505,568.1147694483665,1.5,1980,29,462
3,1669.922643891476,7.438383530044307,6.922643891475888,9.270117576012044,985.4383835300443,3.0,1900,109,420
4,942.8426832822385,6.842683282238422,6.842683282238422,8.699681400989514,942.8426832822385,1.0,1953,56,576
7,1954.742880635792,7.575071699507561,6.742880635791903,9.424967763522051,854.5750716995076,2.5,2004,2,434
9,2231.28824440102,7.707512194600341,7.288244401020124,9.086476384753796,1469.7075121946004,3.5,2004,5,738
5,2008.909753281645,7.602401335665818,6.90975328164481,8.74369111054302,1008.6024013356658,2.0,1949,58,871
6,1728.0012456220695,7.597897950521784,7.001245622069476,9.602652693506046,832.5978979505218,2.5,1971,35,495
7,1863.8254600362552,7.529406457837013,6.825460036255307,9.50680873170858,923.529406457837,3.5,2002,4,492
5,1047.9488972223132,6.948897222313312,6.948897222313312,9.169622538697624,1047.9488972223132,2.0,1959,50,270
6,966.8946700394334,6.894670039433482,6.894670039433482,8.729235349659273,966.8946700394334,1.0,1926,81,180
7,1412.248504072371,7.24850407237061,7.24850407237061,8.051022208190679,1412.248504072371,2.0,2003,3,478
7,1233.112327444711,7.112327444710911,7.112327444710911,9.249849505070896,1233.112327444711,2.0,2009,1,740
6,822.7322107064672,6.732210706467206,6.732210706467206,9.236787541991031,822.7322107064672,2.0,1918,90,275
3,870.7627295069319,6.762729506931879,6.762729506931879,9.013473543740192,870.7627295069319,2.0,1914,96,200
5,1012.9147308927186,6.914730892718563,6.914730892718563,9.105090961257083,1012.9147308927186,1.0,1959,49,0
9,1849.51914995767,7.519149957669823,7.519149957669823,10.825203541055348,1849.51914995767,2.5,1981,25,894
8,1717.4448332738923,7.444833273892193,7.444833273892193,9.539068413863964,1717.4448332738923,3.0,2007,1,866
8,2246.06133436691,7.724888439323074,7.061334366910438,9.400216653174247,1148.724888439323,2.5,1998,8,420
4,1828.12849594568,7.736743682453495,7.1284959456800365,9.33617975681533,784.7367436824535,2.0,1885,125,560
4,1107.0039741367227,7.00397413672268,7.00397413672268,9.433003808053517,1107.0039741367227,2.0,1960,48,312
6,1212.6582275261617,7.658227526161352,7.658227526161352,9.46699606582284,1212.6582275261617,2.5,1970,38,550
4,678.8679744089703,6.8679744089702925,6.8679744089702925,9.09683567117936,678.8679744089703,1.0,1956,53,288
7,1710.9304947659516,7.4815557019095165,6.930494765951626,8.71948076085107,959.4815557019097,2.0,1931,77,468
6,1088.987490247001,6.987490247000991,6.987490247000991,9.36434818445553,1088.987490247001,1.0,1948,59,240
5,931.0237589547384,7.023758954738443,7.023758954738443,9.39274525863144,931.0237589547384,2.0,1948,60,528
8,1345.1996783456912,7.199678345691172,7.199678345691172,8.501267040865978,1345.1996783456912,3.0,2001,9,582
6,1746.790097235514,7.471363088187097,6.790097235513905,9.1381996941985,879.4713630881871,3.5,1996,11,422
6,1309.172424577125,7.172424577124845,7.172424577124845,9.143238568435446,1309.172424577125,2.5,1964,43,309
4,957.8585650347914,6.858565034791365,6.858565034791365,9.078635880978757,957.8585650347914,1.0,1936,70,327
6,993.1820849067168,6.895682697747868,6.182084906716632,7.577633832602728,489.8956826977479,1.5,1973,33,264
5,1096.994849985833,6.994849985833071,6.994849985833071,8.857230494201946,1096.994849985833,2.5,2005,2,450
5,1610.892641641172,7.380879035564116,6.892641641172089,9.305559638557115,991.380879035564,2.0,1941,68,660
6,1518.6293632534375,7.321849713788356,6.6293632534374485,7.658227526161352,763.3218497137883,2.5,2000,7,440
6,1583.880384082186,7.363913501405819,6.880384082186005,8.769662508112274,979.3639135014058,1.0,1939,67,312
7,1850.3244899793483,7.681560362559537,7.324489979348532,9.772410288929184,1199.6815603625596,3.5,1974,33,518
6,513.100851908944,7.10085190894405,7.10085190894405,9.044521887281242,513.100851908944,2.0,1977,29,492
5,975.8772960714974,6.877296071497429,6.877296071497429,9.24541789858888,975.8772960714974,1.5,1975,32,440
6,553.9782137426307,6.9782137426306985,6.9782137426306985,8.209580483475577,553.9782137426307,2.0,2005,3,525
8,1525.3258075025958,7.325807502595773,7.325807502595773,9.447623486844112,1525.3258075025958,1.5,2003,5,588
5,1195.0808678966907,7.080867896690782,7.080867896690782,10.17133674723419,1195.0808678966907,1.0,1962,48,312
7,1964.9343972099289,7.580189417944541,6.934397209928558,9.271059107010888,1033.5801894179444,2.5,2005,3,936
6,1075.975413927456,6.975413927455952,6.975413927455952,8.304989580140361,1075.975413927456,2.0,1977,31,440
8,1760.4894120835088,7.489412083508719,7.489412083508719,9.379154445411636,1760.4894120835088,2.0,2001,8,522
5,1609.4770384723197,7.789454566086673,7.477038472319696,9.287394001418471,961.7894545660866,2.0,1900,106,520
3,6.580639137284949,6.580639137284949,6.580639137284949,8.799058378546453,6.580639137284949,1.0,1949,59,287
6,1268.1404530431012,7.140453043101158,7.140453043101158,9.11833472618016,1268.1404530431012,2.0,1958,50,433
5,721.7753660909364,6.775366090936392,6.775366090936392,8.71948076085107,721.7753660909364,2.0,1931,78,180
5,678.5117453296448,6.511745329644728,6.511745329644728,9.23024103368252,678.5117453296448,1.0,1940,68,240
6,951.8885724595654,6.888572459565364,6.888572459565364,9.148571345578551,951.8885724595654,3.0,1975,31,0
3,1198.5439118455647,7.102499355774649,6.543911845564792,9.250618218474752,679.1024993557746,1.0,1915,91,936
5,1493.3045159464602,7.304515946460155,7.304515946460155,9.204121072162266,1493.3045159464602,2.0,1964,45,480
6,1532.7452363494845,7.415175109613295,6.745236349484363,9.391744841707654,722.4151751096133,1.5,1934,74,240
7,1195.10496544827,7.1049654482698426,7.1049654482698426,9.205126804923296,1195.10496544827,3.0,1990,19,497
7,1414.7580945044278,7.355641102974253,6.7580945044277305,9.39274525863144,711.3556411029742,1.5,1941,68,234
7,1496.6707663208458,7.307202314764738,6.670766320845874,9.641148287756142,795.3072023147647,3.5,2004,4,388
8,2226.570958583169,8.069342366811636,7.57095858316901,9.4066470133368,973.0693423668116,2.5,1934,73,380
7,1497.314552832324,7.31455283232408,7.31455283232408,9.243388226022384,1497.314552832324,3.0,1999,10,577
7,1326.4937538398517,7.186144304522325,6.493753839851686,8.955577146281511,667.1861443045224,2.5,2003,4,400
8,2568.1522688560326,7.868254265520613,7.152268856032539,9.40951904583656,1232.8682542655206,3.5,1998,11,676
8,2727.2159750026512,8.043342170441608,7.215975002651466,10.143291544743445,1368.0433421704415,3.5,1918,88,795
4,1596.8617113404807,7.710205194432532,6.86171134048073,8.733110697638708,802.7102051944325,2.0,1912,94,440
7,2033.0535857271936,7.612336837167746,7.053585727193677,9.21094019204815,1167.6123368371675,2.5,1977,31,505
7,1597.292337176174,7.724888439323074,7.292337176173877,9.720765915720834,802.7248884393231,3.5,1977,29,539
7,1618.8627579130514,7.398174092970465,6.862757913051401,9.114379980830272,942.3981740929704,2.5,1998,8,462
8,1267.161622002939,7.161622002939187,7.161622002939187,9.613402595468036,1267.161622002939,2.5,1996,12,500
6,1086.9856418176391,6.985641817639208,6.985641817639208,9.155356063643422,1086.9856418176391,1.0,1958,50,288
6,1689.4389715923958,7.438971592395862,7.438971592395862,9.119977931895791,1689.4389715923958,3.0,2003,3,544
6,1068.7638849085624,7.1785454837637,6.763884908562435,8.853808274977197,624.1785454837637,2.0,1924,82,398
4,1073.97354301952,6.97354301952014,6.97354301952014,9.169622538697624,1073.97354301952,2.0,1950,60,436
6,2046.812345094177,7.564757012905729,6.812345094177479,9.120743838164426,1027.5647570129058,2.0,1910,96,440
7,2791.23921497378,7.932003152361385,7.239214973779806,9.722744748855389,1399.9320031523614,4.5,1978,28,564
7,2104.0112139873504,7.648739788956242,7.011213987350367,9.18512512283512,1115.6487397889562,3.5,1998,8,583
6,822.70563909486,6.705639094860003,6.705639094860003,8.681181041521688,822.70563909486,1.0,1930,78,432
6,2460.9847163201184,7.577633832602728,6.984716320118266,10.880082855015791,1587.5776338326027,3.5,1992,15,501
8,1508.4145728813503,7.414572881350589,7.414572881350589,8.642062173462106,1508.4145728813503,3.0,2000,9,499
5,1770.4843686432862,7.484368643286131,7.484368643286131,9.793728488543389,1770.4843686432862,2.5,1955,51,454
7,1255.1300985101257,7.130098510125578,7.130098510125578,8.010027528481734,1255.1300985101257,2.0,2005,1,438
7,1935.9641356124184,7.5652752818989315,6.964135612418245,8.860924729719041,1064.565275281899,3.5,2001,6,650
6,1269.1412451223505,7.141245122350491,7.141245122350491,9.169622538697624,1269.1412451223505,2.5,1976,31,460
7,2685.156956364616,7.89989532313973,7.1569563646156364,9.20693457884135,1271.8998953231396,3.5,2007,0,792
5,900.7968237182748,6.796823718274855,6.796823718274855,9.042040056544485,900.7968237182748,2.0,1965,45,336
6,1180.1082441397316,7.556427969440253,7.108244139731541,9.287394001418471,489.5564279694403,2.0,1905,103,672
5,834.8731638342125,6.873163834212518,6.873163834212518,8.962007209588313,834.8731638342125,2.0,1965,41,300
6,1830.816735880595,7.509335266016592,6.816735880594968,9.148571345578551,919.5093352660166,3.0,1971,39,0
8,1760.4888529557334,7.488852955733459,7.488852955733459,9.601165503344832,1760.4888529557334,2.0,2001,5,748
4,1447.2730925959995,7.273092595999522,7.273092595999522,9.401704256754366,1447.2730925959995,2.0,1955,53,0
6,1258.9402224691196,7.133295954896068,6.940222469119639,9.169622538697624,1039.133295954896,1.0,1950,58,288
8,1993.5948843872168,7.59488438721652,7.59488438721652,9.568294497413296,1993.5948843872168,3.0,1994,14,691
4,1145.074963197966,7.074963197966044,7.074963197966044,9.211639527707804,1145.074963197966,3.0,1972,36,588
6,1772.8700534117982,7.491645473605133,6.870053411798126,9.23620303150191,943.4916454736052,3.5,2000,8,451
5,870.7627295069319,6.762729506931879,6.762729506931879,8.309184527686298,870.7627295069319,1.0,1922,87,0
5,1127.0290875641497,7.029087564149662,7.029087564149662,9.071193240566023,1127.0290875641497,3.0,1963,45,525
8,1965.993015122933,7.580699752224563,6.9930151229329605,9.105090961257083,1095.5806997522243,2.5,2006,1,1025
6,1550.9584483932977,7.517520850603031,6.958448393297656,8.94910546953925,763.517520850603,1.5,1966,44,442
5,882.8079349436999,6.807934943699926,6.807934943699926,8.876684166614451,882.8079349436999,1.0,1966,42,408
5,1046.947937068615,6.947937068614969,6.947937068614969,9.082620630373812,1046.947937068615,2.0,1977,32,484
6,924.8232861223556,6.823286122355687,6.823286122355687,8.973731569708402,924.8232861223556,2.0,1979,31,264
6,1163.327123292259,7.327123292259293,7.327123292259293,9.169622538697624,1163.327123292259,2.0,1955,55,364
7,1393.2527624180532,7.252762418053187,7.252762418053187,9.38437770918244,1393.2527624180532,2.0,1977,32,544
6,1666.0343879299155,7.629975707027789,7.034387929915503,9.169622538697624,742.6299757070278,1.5,1917,91,396
6,1330.362645270418,7.697121317282625,7.362645270417825,9.88791695754517,704.6971213172826,2.0,1966,40,432
7,1648.6346333578615,7.412764017426562,6.634633357861686,8.843903650835497,753.4127640174265,2.5,2003,5,397
7,1489.3098814858247,7.309881485824786,7.309881485824786,9.692581318886395,1489.3098814858247,3.0,1998,9,514
6,1332.790097235514,7.355641102974253,6.790097235513905,9.036106025364846,657.3556411029742,2.5,1980,30,476
6,987.8895913083544,6.889591308354466,6.889591308354466,9.262078567380597,987.8895913083544,2.5,1971,36,576
6,1210.8035052576083,7.315218389752975,6.803505257608338,9.267948684596496,609.315218389753,1.5,1923,84,180
5,1098.9966814881766,6.996681488176539,6.996681488176539,9.605822482030945,1098.9966814881766,2.0,1957,49,299
5,1471.7440591863117,7.327123292259293,6.744059186311348,8.412054873292933,800.3271232922593,1.0,1932,77,281
5,1171.1861443045225,7.186144304522325,7.186144304522325,9.373988663504516,1171.1861443045225,2.0,1966,40,564
8,1843.5158890852151,7.515889085215125,7.515889085215125,9.338117741918008,1843.5158890852151,3.0,2004,5,862
7,1856.872128101339,7.544332108053688,6.872128101338986,9.222367752188902,932.5443321080536,1.5,1910,97,308
5,1127.030857476116,7.030857476116121,7.030857476116121,9.287394001418471,1127.030857476116,2.0,1920,86,720
7,2401.2327331361776,7.782807262839695,7.232733136177615,9.374837343857584,1386.7828072628397,3.5,1996,11,834
6,1756.000334460275,7.596894438144544,7.00033446027523,9.330431852234003,861.5968944381445,1.5,1932,75,432
9,1845.5169772246045,7.516977224604321,7.516977224604321,9.58891378461603,1845.5169772246045,3.0,2006,3,765
6,1358.4982821494764,7.210079628170788,6.498282149476434,9.144734614878187,670.2100796281708,1.5,1969,41,299
7,1727.4506607962117,7.450660796211539,7.450660796211539,9.268043082104471,1727.4506607962117,3.0,1996,14,527
6,1722.7557689219843,7.448333860897476,6.755768921984255,9.13216259091216,865.4483338608975,1.5,1962,46,490
5,1005.907755278982,6.907755278982137,6.907755278982137,8.95660873889395,1005.907755278982,2.0,1962,45,264
6,1476.5235623061494,7.293697720601438,6.523562306149512,9.186662244621605,687.2936977206015,2.5,1993,16,420
4,1139.032624261028,7.032624261028007,7.032624261028007,8.857230494201946,1139.032624261028,2.5,2005,3,451
6,1681.059617628291,7.423568444259167,7.059617628291383,9.988793309115229,1170.4235684442592,2.0,1918,90,396
6,1412.198931240688,7.198931240688173,7.198931240688173,8.309184527686298,1412.198931240688,3.0,1998,10,511
7,1356.2078598714324,7.2078598714324755,7.2078598714324755,9.042040056544485,1356.2078598714324,2.0,2000,7,539
5,1155.0466472778487,7.046647277848756,7.046647277848756,8.978660489639687,1155.0466472778487,2.0,1959,50,672
6,1689.8232861223555,7.428927194802272,6.823286122355687,9.32232887392423,925.4289271948024,2.5,1978,31,440
4,1098.6833609457665,7.20414929203594,6.683360945766275,7.335633981927201,553.2041492920359,1.5,1970,39,0
5,1147.4366172652342,7.436617265234227,7.436617265234227,9.52325149847374,1147.4366172652342,1.5,1962,45,349
5,6.78332520060396,6.78332520060396,6.78332520060396,9.028818495352793,6.78332520060396,1.0,1959,48,294
7,1527.9911768871211,7.547501682814967,6.99117688712121,9.290352309945568,719.547501682815,2.5,1994,14,409
5,900.7968237182748,6.796823718274855,6.796823718274855,8.79497643168877,900.7968237182748,1.0,1962,47,308
5,1806.776506992372,7.502738210754851,6.776506992372183,8.934718614016768,871.5027382107548,2.0,1962,45,264
7,1720.8885724595652,7.44716835960004,6.888572459565364,9.25167423546916,987.4471683596,2.5,1988,22,496
6,1121.0166096838943,7.016609683894219,7.016609683894219,9.524859098381524,1121.0166096838943,2.0,2003,5,576
7,1696.4324838079172,7.432483807917119,7.432483807917119,9.195226734166134,1696.4324838079172,2.0,2007,0,954
5,1182.8762646118907,7.227662498728654,6.876264611890766,9.158309963881798,775.2276624987287,2.0,1941,66,240
8,2663.601402334584,7.902857191280582,7.601402334583733,9.536834420213353,1959.9028571912809,3.5,1972,37,538
8,1879.1701195434496,7.535296702444088,7.170119543449628,9.383116515926606,1306.5352967024442,3.5,2001,8,531
5,864.7557689219842,6.755768921984255,6.755768921984255,8.882946799288174,864.7557689219842,2.0,1958,52,0
4,870.7627295069319,6.762729506931879,6.762729506931879,8.848078421168667,870.7627295069319,1.0,1970,39,660
9,1633.419979923662,7.419979923661835,7.419979923661835,9.328034514792826,1633.419979923662,3.0,2002,5,702
5,464.7286286130847,6.728628613084702,6.728628613084702,9.271059107010888,464.7286286130847,1.0,1920,90,366
5,943.0290875641496,7.029087564149662,7.029087564149662,9.105090961257083,943.0290875641496,1.0,1954,52,286
6,1071.0621916322866,7.402451520818244,7.062191632286556,9.257319373170178,1071.4024515208182,1.0,1936,72,240
5,1221.1024993557746,7.102499355774649,7.102499355774649,9.123801610558944,1221.1024993557746,2.0,1965,42,461
6,1460.7214257007906,7.350516171833998,6.721425700790643,9.367429587218956,734.350516171834,1.5,1968,41,441
7,1371.218909707619,7.21890970761906,7.21890970761906,8.86120833720818,1371.218909707619,3.0,2005,1,484
7,2213.9017372066564,7.71289096149013,6.901737206656574,9.47324295306374,971.71289096149,2.5,1997,9,642
6,981.9127428204932,6.912742820493176,6.912742820493176,9.262078567380597,981.9127428204932,2.0,1977,29,504
4,1128.0228680860826,7.022868086082641,7.022868086082641,9.053335623166015,1128.0228680860826,2.0,2003,7,440
5,1468.4512416849875,7.451241684987676,7.451241684987676,9.243388226022384,1468.4512416849875,2.5,1968,38,440
7,1323.1831117017432,7.183111701743281,7.183111701743281,9.321523900936798,1323.1831117017432,2.0,2007,0,440
6,1095.1891677384203,7.1891677384203225,7.1891677384203225,9.0663545214478,1095.1891677384203,2.0,1965,41,440
8,1227.2159750026517,7.215975002651466,7.215975002651466,8.668196064952765,1227.2159750026517,2.0,1984,25,565
6,1201.0859014643656,7.085901464365611,7.085901464365611,9.078065332666364,1201.0859014643656,2.0,1959,51,312
9,1863.5267175613528,7.526717561352706,7.526717561352706,9.340929941679784,1863.5267175613528,2.5,2010,0,834
5,888.8035052576083,6.803505257608338,6.803505257608338,9.192176401348512,888.8035052576083,1.0,1967,43,280
5,1140.6293632534375,7.034387929915503,6.6293632534374485,9.007121989469242,763.0343879299155,2.5,1940,67,240
6,1967.6908422774184,7.581719640125308,6.690842277418564,9.41001056710475,811.5817196401254,3.5,2001,8,560
5,822.70563909486,6.705639094860003,6.705639094860003,8.79497643168877,822.70563909486,2.0,1982,26,816
5,900.7968237182748,6.796823718274855,6.796823718274855,9.073947747070628,900.7968237182748,1.0,1968,39,450
4,1098.304448802422,6.996681488176539,6.304448802421981,7.5883236773352225,552.9966814881766,1.5,1973,37,286
6,1100.9985096422506,6.9985096422506015,6.9985096422506015,9.254644297532709,1100.9985096422506,1.0,1953,55,495
6,1080.502186486603,7.502186486602924,7.502186486602924,9.55506418479516,1080.502186486603,1.0,1956,50,470
4,606.5439118455648,7.166265974133638,6.543911845564792,9.287394001418471,7.166265974133638,2.0,1900,108,0
7,2040.9641356124184,7.618251097876695,6.964135612418245,9.145908511816794,1064.6182510978767,3.5,1997,12,645
6,1260.1340937211928,7.134093721192866,7.134093721192866,9.298442820197728,1260.1340937211928,2.5,1960,48,352
7,2439.1693500166707,7.83002808253384,7.1693500166706,9.321076413570848,1223.8300280825338,2.5,1990,16,693
5,1161.0518556229558,7.051855622955894,7.051855622955894,9.305741456739437,1161.0518556229558,1.5,1966,43,480
6,1462.5916737320083,7.284134806195205,6.591673732008658,9.653679132512428,735.2841348061952,2.5,2006,0,429
6,1781.9157234486313,7.496097345175956,6.915723448631314,9.002577922700276,989.496097345176,2.5,2000,9,463
5,1370.6957989170585,7.412764017426562,6.695798917058491,9.250618218474752,667.4127640174265,2.5,1916,93,180
8,2356.1459844677147,7.768956044538332,7.145984467714388,9.151757414543884,1259.7689560445383,3.5,1999,10,856
7,1443.270312886079,7.270312886079025,7.270312886079025,9.042040056544485,1443.270312886079,3.0,2004,4,484
6,1035.968850378342,6.968850378341948,6.968850378341948,9.335562336729565,1035.968850378342,2.0,1976,31,539
5,1173.000334460275,7.290974778142981,7.00033446027523,9.287394001418471,803.290974778143,2.5,1936,70,566
5,1116.0527210492323,7.052721049232323,7.052721049232323,9.37441309371334,1116.0527210492323,2.0,1961,49,576
7,1543.3375877435385,7.337587743538596,7.337587743538596,9.119977931895791,1543.3375877435385,3.0,2002,6,532
5,977.8793558044604,6.879355804460439,6.879355804460439,9.202409001649904,977.8793558044604,1.5,1969,37,300
6,1009.9117473002516,6.911747300251674,6.911747300251674,8.97941663334301,1009.9117473002516,2.0,1984,22,588
7,1511.316548177183,7.316548177182976,7.316548177182976,9.382948236582498,1511.316548177183,3.0,1996,13,478
5,1926.834108738814,7.560601162768557,6.834108738813838,9.336620537886512,935.5606011627684,2.0,1948,59,400
7,1249.1252830915107,7.125283091510712,7.125283091510712,9.169622538697624,1249.1252830915107,1.5,1973,34,528
7,2311.0808678966905,7.75833346749091,7.080867896690782,9.10974625674048,1159.758333467491,2.0,1941,69,252
7,1656.4157769754154,7.415776975415394,7.415776975415394,9.4040963063958,1656.4157769754154,2.0,1998,12,598
6,1150.0157124204873,7.01571242048723,7.01571242048723,8.976893927666076,1150.0157124204873,2.5,1976,31,504
4,1209.6528630293533,7.115582126184454,6.652863029353347,8.45807992692373,754.1155821261844,2.5,1946,60,305
6,1203.1546153569136,7.154615356913663,7.154615356913663,9.222861652529854,1203.1546153569136,2.5,1977,31,473
9,2675.360739903058,7.889459149404524,7.360739903058278,9.524347869595513,1579.8894591494045,3.5,2003,5,726
4,786.7440591863113,7.097548850614793,6.744059186311348,8.738895704934043,787.0975488506148,1.0,1925,84,539
7,1317.1785454837636,7.1785454837637,7.1785454837637,9.078864009187797,1317.1785454837636,2.0,2005,1,400
8,2553.1428274011614,7.854381210652365,7.142827401161621,9.428591977209964,1241.8543812106525,2.5,2006,0,666
5,942.8426832822385,6.842683282238422,6.842683282238422,8.881975184248867,942.8426832822385,2.0,1980,27,672
6,1618.7357800142422,7.4073177104694174,6.735780014242327,8.83331693749932,813.4073177104694,2.5,1915,95,216
7,1206.1074254741106,7.107425474110705,7.107425474110705,8.91018077801329,1206.1074254741106,3.0,2006,0,632
5,888.7833252006039,6.78332520060396,6.78332520060396,8.94910546953925,888.7833252006039,2.0,1972,35,461
5,1308.4473058625413,7.172424577124845,6.447305862541213,7.6093665379542115,637.1724245771248,2.5,1970,37,440
7,1431.274479558774,7.274479558773871,7.274479558773871,9.380251908693456,1431.274479558774,2.0,1990,19,500
9,1568.3537223303997,7.353722330399631,7.353722330399631,8.897545598709327,1568.3537223303997,3.0,2005,2,556
6,1211.0942348459248,7.094234845924755,7.094234845924755,8.412054873292933,1211.0942348459248,3.0,1998,11,412
7,1384.5366915975917,7.229113877793302,6.536691597591305,9.169622538697624,696.2291138777933,2.0,1928,80,360
6,854.7440591863113,6.744059186311348,6.744059186311348,8.395477432732141,854.7440591863113,2.0,2004,4,420
7,1532.3304052118444,7.330405211844402,7.330405211844402,9.116139576577355,1532.3304052118444,3.0,2000,6,541
5,1242.1196356380176,7.119635638017636,7.119635638017636,9.04793908261736,1242.1196356380176,1.0,1961,45,480
6,1418.4248690239056,7.253470382684528,6.424869023905388,9.047821442478408,623.2534703826846,2.5,2006,1,432
5,1127.021976423072,7.714677473800927,7.02197642307216,8.856376036730422,7.714677473800927,2.0,1979,30,528
7,2231.0621916322866,7.738923757439457,7.062191632286556,9.499046919474152,1102.7389237574394,3.5,1992,14,590
8,1664.419979923662,7.419979923661835,7.419979923661835,9.27199975236291,1664.419979923662,3.0,2003,7,502
7,1621.3870902356568,7.387090235656757,7.387090235656757,9.324650718153594,1621.3870902356568,2.0,2005,1,865
5,692.7650389767805,6.765038976780541,6.765038976780541,8.263848131368906,692.7650389767805,1.0,1945,62,0
7,1501.3098814858247,7.309881485824786,7.309881485824786,9.273596821611198,1501.3098814858247,2.0,2006,1,840
7,1438.5750758405998,7.267525427828172,6.57507584059962,8.961366060627451,723.2675254278282,3.5,2004,5,432
8,1910.965080345601,7.552237287560802,6.965080345601407,9.29908358181057,1065.5522372875607,3.5,2005,1,736
6,1048.0264268086996,7.026426808699636,7.026426808699636,8.881975184248867,1048.0264268086996,2.0,1976,33,352
6,553.9782137426307,6.9782137426306985,6.9782137426306985,8.209580483475577,553.9782137426307,3.0,2005,1,525
5,1624.5326236187889,7.532623618788788,7.532623618788788,9.278839788400877,1624.5326236187889,2.0,1955,54,303
6,1350.6982680541155,7.301822342137932,6.698268054115413,9.405578154036684,679.3018223421379,2.0,1925,83,400
8,2383.05531284334,7.773594467360194,7.055312843339752,9.562123369834488,1165.7735944673602,3.5,2005,1,853
5,6.955592608396297,6.955592608396297,6.955592608396297,8.881975184248867,6.955592608396297,1.0,1950,58,420
7,1788.8057225534171,7.507141079727608,6.805722553416985,9.525224101853109,871.5071410797276,2.0,1965,43,492
7,1206.2557500417531,7.090909822079984,6.255750041753367,8.064950891749143,607.09090982208,2.5,2005,1,480
9,2009.610357618313,7.610357618312838,7.610357618312838,9.48910782703839,2009.610357618313,2.0,2008,2,746
5,1002.904750769962,6.904750769961838,6.904750769961838,9.540219493127752,1002.904750769962,2.0,1940,68,0
6,854.7440591863113,6.744059186311348,6.744059186311348,8.397508348470257,854.7440591863113,2.0,2003,5,420
7,1767.7742238863575,7.474204806496124,6.774223886357614,9.23092700558457,881.4742048064961,3.0,2007,0,578
5,1063.9641356124182,6.964135612418245,6.964135612418245,8.912069097970134,1063.9641356124182,1.0,1962,45,576
8,1600.37400185935,7.374001859350161,7.374001859350161,8.501876487304344,1600.37400185935,2.5,2001,7,682
7,1388.5132301109124,7.232010331664759,6.513230110912307,7.883069351305753,680.2320103316648,3.5,2000,6,490
7,1398.2384968408944,7.238496840894365,7.238496840894365,8.36240897761537,1398.2384968408944,2.0,2004,4,530
5,1015.2181768384036,7.218176838403408,7.218176838403408,9.586033321750676,1015.2181768384036,2.0,1951,58,288
7,1466.2861917147025,7.286191714702382,7.286191714702382,9.07680897935166,1466.2861917147025,2.0,2002,5,527
8,1501.410347097821,7.410347097821024,7.410347097821024,8.581294116822761,1501.410347097821,3.0,2000,7,499
6,946.9343972099284,6.934397209928558,6.934397209928558,9.30301070681749,946.9343972099284,2.0,1978,30,576
7,2567.1861443045223,7.878912912297133,7.186144304522325,9.367429587218956,1247.8789129122972,1.5,1880,129,864
6,1646.6833609457665,7.403061091090091,6.683360945766275,9.0320506762956,805.4030610910901,2.5,2004,4,520
7,644.0112139873504,7.011213987350367,7.011213987350367,8.915969311373605,644.0112139873504,1.0,1930,77,280
4,699.5424719605068,6.542471960506805,6.542471960506805,8.323365694436081,699.5424719605068,1.0,1941,65,0
5,939.8875525716646,7.093404625868766,6.887552571664617,8.855948534052018,716.0934046258687,2.0,1950,59,352
5,1579.3607399030582,7.360739903058278,7.360739903058278,10.466924601573329,1579.3607399030582,2.5,1963,44,995
7,1567.3530819205157,7.353081920515432,7.353081920515432,9.126632622902696,1567.3530819205157,2.0,2003,7,573
6,1964.8875525716649,7.580189417944541,6.887552571664617,8.873047798971067,986.5801894179446,2.0,1946,61,492
5,900.7968237182748,6.796823718274855,6.796823718274855,8.867145589594143,900.7968237182748,1.0,1966,41,384
8,1263.146772179453,7.146772179452637,7.146772179452637,8.065579427282092,1263.146772179453,2.0,2004,6,430
7,1424.2647301779298,7.264730177929867,7.264730177929867,9.41531995266272,1424.2647301779298,2.0,2008,0,554
8,1939.5668284792084,7.566828479208331,7.566828479208331,9.429074214801693,1939.5668284792084,3.0,2008,0,774
9,1691.4295208427864,7.429520842786462,7.429520842786462,9.088172738001974,1691.4295208427864,2.0,2005,3,564
8,3246.4330753488985,8.09559870137819,7.43307534889858,10.8875303864611,1658.095598701378,4.5,2003,7,841
4,822.70563909486,6.705639094860003,6.705639094860003,9.09133158539398,822.70563909486,2.0,1938,71,288
7,1872.104144092988,7.67693714581808,7.104144092987527,9.561067663645012,931.676937145818,2.5,1966,40,487
6,1688.6908422774186,7.428333194190806,6.690842277418564,9.076923258535832,811.4283331941908,2.5,1998,12,523
5,704.5496507422338,6.54965074223381,6.54965074223381,9.149103062504992,704.5496507422338,1.5,1947,62,0
5,754.4312996751559,7.431299675155903,7.431299675155903,10.954326659732557,754.4312996751559,2.0,1948,62,572
6,1230.418364935936,7.110696122978827,6.418364935936212,8.281977058867758,619.1106961229789,2.5,2009,0,528
5,1735.4552984856832,7.455298485683291,7.455298485683291,9.270964993792616,1735.4552984856832,2.5,1964,43,352
6,1148.040536390216,7.040536390215956,7.040536390215956,9.47830431356186,1148.040536390216,1.5,2005,1,484
7,1284.1530516349376,7.15305163493748,7.15305163493748,9.271341393533582,1284.1530516349376,2.0,1970,37,526
4,1089.6502790485874,7.024649030453636,6.650279048587422,8.709630081951286,739.0246490304536,1.0,1939,68,264
8,2531.8339963417093,7.83399634170946,7.83399634170946,9.169622538697624,2531.8339963417093,3.5,1981,28,542
6,1321.181591944612,7.181591944611865,7.181591944611865,9.139703292376742,1321.181591944612,2.0,2006,1,440
4,1782.1921820587131,7.591861714889934,7.192182058713246,8.962519832949532,1129.59186171489,3.0,1928,81,576
5,870.7627295069319,6.762729506931879,6.762729506931879,9.00859131751613,870.7627295069319,2.0,1955,51,572
7,1432.816735880595,7.263329617476836,6.816735880594968,8.941545475242885,919.2633296174768,1.5,1918,89,216
7,1380.3498737047382,7.349873704738337,7.349873704738337,8.212025804623437,1380.3498737047382,2.0,2007,2,660
